calle,altura,latitud,longitud,ciudad_detectada,barrio,direccion_osm
Los Andes,2311,-32.8403283,-60.716599,Granadero Baigorria,Los Robles,"Los Andes, Los Robles, Granadero Baigorria, Municipio de Granadero Baigorria, Gran Rosario, Departamento Rosario, Santa Fe, 2152, Argentina"
Quito,1516,-32.8622021,-60.7295548,Granadero Baigorria,Nuestra Señora de La Paz,"Quito, Nuestra Señora de La Paz, Municipio de Granadero Baigorria, Gran Rosario, Departamento Rosario, Santa Fe, 2152, Argentina"
José Hernández,2027,-32.8548543,-60.7224465,Granadero Baigorria,No especificado,"2027, José Hernández, Granadero Baigorria, Municipio de Granadero Baigorria, Gran Rosario, Departamento Rosario, Santa Fe, 2152, Argentina"
Callao,1476,-32.8596591,-60.7233131,Granadero Baigorria,San Miguel,"1476, Callao, San Miguel, Granadero Baigorria, Municipio de Granadero Baigorria, Gran Rosario, Departamento Rosario, Santa Fe, 2152, Argentina"
Baigorria,656,-32.8583562,-60.7074002,Granadero Baigorria,Centro,"Hierros Baigorria, Centro, Granadero Baigorria, Municipio de Granadero Baigorria, Gran Rosario, Departamento Rosario, Santa Fe, 2152, Argentina"
Los Plátanos,528,-32.8648612,-60.7007381,Granadero Baigorria,Los Naranjos,"Los Plátanos, Los Naranjos, Granadero Baigorria, Municipio de Granadero Baigorria, Gran Rosario, Departamento Rosario, Santa Fe, 2152, Argentina"
Secco,870,-32.86437,-60.7126606,Granadero Baigorria,San Miguel,"870, Pasaje Secco, San Miguel, Granadero Baigorria, Municipio de Granadero Baigorria, Gran Rosario, Departamento Rosario, Santa Fe, 2152, Argentina"
San Juan,2515,-32.8451484,-60.6999207,Granadero Baigorria,Santa Rita,"2515, San Juan, Santa Rita, Granadero Baigorria, Municipio de Granadero Baigorria, Gran Rosario, Departamento Rosario, Santa Fe, 2152, Argentina"
Miguel Cané,1357,-32.8552538,-60.7255166,Granadero Baigorria,No especificado,"1357, Miguel Cane, Municipio de Granadero Baigorria, Gran Rosario, Departamento Rosario, Santa Fe, 2152, Argentina"
Asunción,644,-32.8636147,-60.7269704,Granadero Baigorria,Nuestra Señora de La Paz,"Asunción, Nuestra Señora de La Paz, Municipio de Granadero Baigorria, Gran Rosario, Departamento Rosario, Santa Fe, 2152, Argentina"
Tafí,3212,-32.9859689,-60.6265901,Rosario,Saladillo,"Tafí, Villa Manuelita, Saladillo, Distrito Sur, Rosario, Municipio de Rosario, Gran Rosario, Departamento Rosario, Santa Fe, S2000, Argentina"
Jujuy,1050,-32.8376724,-60.7047243,Granadero Baigorria,Santa Rita,"Jujuy Pasage, Santa Rita, Granadero Baigorria, Municipio de Granadero Baigorria, Gran Rosario, Departamento Rosario, Santa Fe, 2152, Argentina"
Pueyrredón,576,-32.8615431,-60.7041803,Granadero Baigorria,Centro,"Pueyrredon, Centro, Granadero Baigorria, Municipio de Granadero Baigorria, Gran Rosario, Departamento Rosario, Santa Fe, 2152, Argentina"
Rosales,3269,-32.9316751,-60.8274034,Funes,Zona 2,"3269, Rosales, La Cardera, Zona 2, Funes, Municipio de Funes, Gran Rosario, Departamento Rosario, Santa Fe, S2132, Argentina"
San Lorenzo,2516,-32.8616732,-60.7074209,Granadero Baigorria,Centro,"San Lorenzo, Centro, Granadero Baigorria, Municipio de Granadero Baigorria, Gran Rosario, Departamento Rosario, Santa Fe, 2152, Argentina"
Rioja,3571,-32.8434584,-60.6992172,Granadero Baigorria,Santa Rita,"Rioja, Santa Rita, Granadero Baigorria, Municipio de Granadero Baigorria, Gran Rosario, Departamento Rosario, Santa Fe, 2152, Argentina"
Troilo,3243,-32.9466611,-60.7545853,Rosario,Tango,"Anibal Troilo, Tango, Distrito Noroeste, Rosario, Municipio de Rosario, Gran Rosario, Departamento Rosario, Santa Fe, S2000, Argentina"
Estrada,1309,-32.8579674,-60.7018924,Granadero Baigorria,El Paraíso,"José Manuel Estrada, El Paraíso, Granadero Baigorria, Municipio de Granadero Baigorria, Gran Rosario, Departamento Rosario, Santa Fe, 2152, Argentina"
Agrelo,2510,-32.8893127,-60.6924434,Rosario,Alberdi,"2510, Pedro José Agrelo, Alberdi, Distrito Norte, Rosario, Municipio de Rosario, Gran Rosario, Departamento Rosario, Santa Fe, S2000, Argentina"
Junín,1846,-32.8560387,-60.7192074,Granadero Baigorria,No especificado,"1846, Junín, Granadero Baigorria, Municipio de Granadero Baigorria, Gran Rosario, Departamento Rosario, Santa Fe, 2152, Argentina"
Pasco,992,-32.8618637,-60.7191056,Granadero Baigorria,San Miguel,"992, Pasco, San Miguel, Granadero Baigorria, Municipio de Granadero Baigorria, Gran Rosario, Departamento Rosario, Santa Fe, 2152, Argentina"
Mitre,1112,-32.86125,-60.7213806,Granadero Baigorria,San Miguel,"1112, Mitre, San Miguel, Granadero Baigorria, Municipio de Granadero Baigorria, Gran Rosario, Departamento Rosario, Santa Fe, 2152, Argentina"
Las Heras,1052,-32.8632399,-60.7197188,Granadero Baigorria,San Miguel,"1052, Las Heras, San Miguel, Granadero Baigorria, Municipio de Granadero Baigorria, Gran Rosario, Departamento Rosario, Santa Fe, 2152, Argentina"
Calle 11,2457,-32.8468181,-60.7125216,Granadero Baigorria,Los Robles,"2457, Calle 11, Bon Vivant, Los Robles, Granadero Baigorria, Municipio de Granadero Baigorria, Gran Rosario, Departamento Rosario, Santa Fe, 2152, Argentina"
Calle 9,2324,-32.8488692,-60.7100818,Granadero Baigorria,Los Robles,"2324, Calle 9, Bon Vivant, Los Robles, Granadero Baigorria, Municipio de Granadero Baigorria, Gran Rosario, Departamento Rosario, Santa Fe, 2152, Argentina"
Lima,1756,-32.8628299,-60.728398,Granadero Baigorria,Nuestra Señora de La Paz,"Lima, Nuestra Señora de La Paz, Municipio de Granadero Baigorria, Gran Rosario, Departamento Rosario, Santa Fe, 2152, Argentina"
Catriel,884,-32.8563519,-60.7188889,Granadero Baigorria,No especificado,"884, Catriel, Granadero Baigorria, Municipio de Granadero Baigorria, Gran Rosario, Departamento Rosario, Santa Fe, 2152, Argentina"
La Loma,189,-32.9399852,-60.733458,Rosario,Antártida Argentina,"La Loma, Avenida Mendoza, Antártida Argentina, Distrito Noroeste, Rosario, Municipio de Rosario, Gran Rosario, Departamento Rosario, Santa Fe, S2000, Argentina"
Namuncurá,933,-32.8554403,-60.7186713,Granadero Baigorria,No especificado,"933, Namuncurá, Granadero Baigorria, Municipio de Granadero Baigorria, Gran Rosario, Departamento Rosario, Santa Fe, 2152, Argentina"
Liniers,2496,-32.8487857,-60.7184239,Granadero Baigorria,No especificado,"2496, Liniers, Granadero Baigorria, Municipio de Granadero Baigorria, Gran Rosario, Departamento Rosario, Santa Fe, 2152, Argentina"
Güemes,195,-32.8394751,-60.7033113,Granadero Baigorria,Santa Rita,"Martin Güemes, Santa Rita, Granadero Baigorria, Municipio de Granadero Baigorria, Gran Rosario, Departamento Rosario, Santa Fe, 2152, Argentina"
Artigas,2785,-32.842675,-60.712054,Granadero Baigorria,Los Robles,"2785, Artigas, Los Robles, Granadero Baigorria, Municipio de Granadero Baigorria, Gran Rosario, Departamento Rosario, Santa Fe, 2152, Argentina"
6 de Enero,635,-32.8367167,-60.7153346,Granadero Baigorria,Los Robles,"8 de Enero, Los Robles, Granadero Baigorria, Municipio de Granadero Baigorria, Gran Rosario, Departamento Rosario, Santa Fe, 2152, Argentina"
Colón,1840,-32.839909,-60.7106958,Granadero Baigorria,Los Robles,"Cristobal Colón, Los Robles, Granadero Baigorria, Municipio de Granadero Baigorria, Gran Rosario, Departamento Rosario, Santa Fe, 2152, Argentina"
Mansilla,785,-32.8515018,-60.7179181,Granadero Baigorria,No especificado,"Lucio V. Mansilla, Granadero Baigorria, Municipio de Granadero Baigorria, Gran Rosario, Departamento Rosario, Santa Fe, 2152, Argentina"
Callao,1625,-32.8580185,-60.7237268,Granadero Baigorria,No especificado,"1625, Callao, Granadero Baigorria, Municipio de Granadero Baigorria, Gran Rosario, Departamento Rosario, Santa Fe, 2152, Argentina"
Las Acacias,8140,-32.8668868,-60.7289575,Ibarlucea,Autostrada,"8140, Las Acacias, Autostrada, Ybarlucea, Municipio de Ybarlucea, Gran Rosario, Departamento Rosario, Santa Fe, S2142, Argentina"
Godoy,,-32.9650858,-60.7211951,Rosario,Godoy,"Godoy, Rosario, Municipio de Rosario, Gran Rosario, Departamento Rosario, Santa Fe, S2009, Argentina"
Calle 362,,-32.850047,-60.7128305,Granadero Baigorria,Los Robles,"362, Intendente Sorigotti, Bon Vivant, Los Robles, Granadero Baigorria, Municipio de Granadero Baigorria, Gran Rosario, Departamento Rosario, Santa Fe, 2152, Argentina"
Los Horneros,3361,-33.0872744,-60.7076473,Piñero,Pinares del Sur,"Los Horneros, Pinares del Sur, Piñero, Municipio de Piñero, Departamento Rosario, Santa Fe, S2119, Argentina"
Av. Rosas,,-32.9584514,-60.6337491,Rosario,Rosario Centro,"Avenida Pellegrini y Juan Manuel de Rosas, Avenida Carlos Pellegrini, Paseo Pellegrini, Rosario Centro, Distrito Centro, Rosario, Municipio de Rosario, Gran Rosario, Departamento Rosario, Santa Fe, S2000, Argentina"
Lugones,271,-32.857868,-60.7193536,Granadero Baigorria,No especificado,"Leopoldo Lugones, Granadero Baigorria, Municipio de Granadero Baigorria, Gran Rosario, Departamento Rosario, Santa Fe, 2152, Argentina"
Av. Los Rosales,98,-32.8332852,-60.7219121,Capitán Bermúdez,No especificado,"98, Avenida Los Rosales, Capitán Bermudez, Municipio de Capitán Bermudez, Gran Rosario, Departamento San Lorenzo, Santa Fe, S2154, Argentina"
José Hernández,1998,-32.8552613,-60.722347,Granadero Baigorria,No especificado,"1998, José Hernández, Granadero Baigorria, Municipio de Granadero Baigorria, Gran Rosario, Departamento Rosario, Santa Fe, 2152, Argentina"
Calle 6,2348,-32.8478831,-60.7076273,Granadero Baigorria,Los Robles,"2348, Crucero General Belgrano, Bon Vivant, Los Robles, Granadero Baigorria, Municipio de Granadero Baigorria, Gran Rosario, Departamento Rosario, Santa Fe, 2152, Argentina"
Calle 12,2580,-32.8474934,-60.713347,Granadero Baigorria,Los Robles,"Calle 12, Bon Vivant, Los Robles, Granadero Baigorria, Municipio de Granadero Baigorria, Gran Rosario, Departamento Rosario, Santa Fe, 2152, Argentina"
Maestro Massa,,-32.8756164,-60.702847,Rosario,La Florida,"Maestro Massa, La Florida, Celedonio Escalada, Distrito Norte, Rosario, Municipio de Rosario, Gran Rosario, Departamento Rosario, Santa Fe, S2000, Argentina"
Quiroga,,-32.8551502,-60.7216756,Granadero Baigorria,No especificado,"Facundo Quiroga, Granadero Baigorria, Municipio de Granadero Baigorria, Gran Rosario, Departamento Rosario, Santa Fe, 2152, Argentina"
Moreno,1473,-32.8633748,-60.7052683,Granadero Baigorria,Centro,"Moreno, Centro, Granadero Baigorria, Municipio de Granadero Baigorria, Gran Rosario, Departamento Rosario, Santa Fe, 2152, Argentina"
Amazonas,1358,-32.9684511,-60.6822675,Rosario,Bella Vista,"Amazonas, Bella Vista, Distrito Suroeste, Rosario, Municipio de Rosario, Gran Rosario, Departamento Rosario, Santa Fe, S2000, Argentina"
Asunción,1361,-32.8636147,-60.7269704,Granadero Baigorria,Nuestra Señora de La Paz,"Asunción, Nuestra Señora de La Paz, Municipio de Granadero Baigorria, Gran Rosario, Departamento Rosario, Santa Fe, 2152, Argentina"
Namuncurá,458,-32.8541291,-60.7132794,Granadero Baigorria,No especificado,"458, Namuncurá, Granadero Baigorria, Municipio de Granadero Baigorria, Gran Rosario, Departamento Rosario, Santa Fe, 2152, Argentina"
Calle 6,2348,-32.8478831,-60.7076273,Granadero Baigorria,Los Robles,"2348, Crucero General Belgrano, Bon Vivant, Los Robles, Granadero Baigorria, Municipio de Granadero Baigorria, Gran Rosario, Departamento Rosario, Santa Fe, 2152, Argentina"
Calle 4,266,-32.8456769,-60.7111457,Granadero Baigorria,Los Robles,"Intendente Ansoleaga, Bon Vivant, Los Robles, Granadero Baigorria, Municipio de Granadero Baigorria, Gran Rosario, Departamento Rosario, Santa Fe, 2152, Argentina"
Onas,934,-32.8526409,-60.7209513,Granadero Baigorria,No especificado,"934, Pasaje Onás, Granadero Baigorria, Municipio de Granadero Baigorria, Gran Rosario, Departamento Rosario, Santa Fe, 2152, Argentina"
Facundo,1352,-32.8551502,-60.7216756,Granadero Baigorria,No especificado,"Facundo Quiroga, Granadero Baigorria, Municipio de Granadero Baigorria, Gran Rosario, Departamento Rosario, Santa Fe, 2152, Argentina"
Jorge Newbery,1371,-32.8564919,-60.7257272,Granadero Baigorria,No especificado,"1371, Jorge Newbery, Municipio de Granadero Baigorria, Gran Rosario, Departamento Rosario, Santa Fe, 2152, Argentina"
José Hernández,1843,-32.8563688,-60.722035,Granadero Baigorria,No especificado,"1843, José Hernández, Granadero Baigorria, Municipio de Granadero Baigorria, Gran Rosario, Departamento Rosario, Santa Fe, 2152, Argentina"
Balcarce,971,-32.8640451,-60.7180654,Granadero Baigorria,San Miguel,"971, Balcarce, San Miguel, Granadero Baigorria, Municipio de Granadero Baigorria, Gran Rosario, Departamento Rosario, Santa Fe, 2152, Argentina"
Namuncurá,961,-32.8557593,-60.7202303,Granadero Baigorria,No especificado,"961, Namuncurá, Granadero Baigorria, Municipio de Granadero Baigorria, Gran Rosario, Departamento Rosario, Santa Fe, 2152, Argentina"
Mitre,1174,-32.8614801,-60.7222913,Granadero Baigorria,San Miguel,"1174, Mitre, San Miguel, Granadero Baigorria, Municipio de Granadero Baigorria, Gran Rosario, Departamento Rosario, Santa Fe, 2152, Argentina"
Vicente López,554,-32.8636104,-60.7113622,Granadero Baigorria,San Miguel,"554, Vicente López, San Miguel, Granadero Baigorria, Municipio de Granadero Baigorria, Gran Rosario, Departamento Rosario, Santa Fe, 2152, Argentina"
Moreno,147,-32.8630898,-60.7044212,Granadero Baigorria,Centro,"147, Moreno, Centro, Granadero Baigorria, Municipio de Granadero Baigorria, Gran Rosario, Departamento Rosario, Santa Fe, 2152, Argentina"
Mitre,1174,-32.8614801,-60.7222913,Granadero Baigorria,San Miguel,"1174, Mitre, San Miguel, Granadero Baigorria, Municipio de Granadero Baigorria, Gran Rosario, Departamento Rosario, Santa Fe, 2152, Argentina"
Av. Buenos Aires,2859,-32.8593797,-60.709864,Granadero Baigorria,Centro,"Avenida Buenos Aires, Centro, Granadero Baigorria, Municipio de Granadero Baigorria, Gran Rosario, Departamento Rosario, Santa Fe, 2152, Argentina"
Alem,168,-32.8371272,-60.7073669,Granadero Baigorria,No especificado,"168, Leandro N. Alem, Granadero Baigorria, Municipio de Granadero Baigorria, Gran Rosario, Departamento Rosario, Santa Fe, 2152, Argentina"
Jujuy,2210,-32.8376724,-60.7047243,Granadero Baigorria,Santa Rita,"Jujuy Pasage, Santa Rita, Granadero Baigorria, Municipio de Granadero Baigorria, Gran Rosario, Departamento Rosario, Santa Fe, 2152, Argentina"
Santa Fe,2068,-32.8545638,-60.7135316,Granadero Baigorria,No especificado,"Avenida Santa Fe, Granadero Baigorria, Municipio de Granadero Baigorria, Gran Rosario, Departamento Rosario, Santa Fe, 2152, Argentina"
Teniente Güemes,,-32.9963134,-60.7803192,Pérez,Parque Güemes,"Teniente Coronel Pablo Richieri, Parque Güemes, Pérez, Municipio de Pérez, Gran Rosario, Departamento Rosario, Santa Fe, S2121, Argentina"
Av. Alvear,2428,-32.8591147,-60.7033762,Granadero Baigorria,Centro,"Avenida San Martín y Alvear, Avenida José de San Martín, Centro, Granadero Baigorria, Municipio de Granadero Baigorria, Gran Rosario, Departamento Rosario, Santa Fe, 2152, Argentina"
Candelaria,808,-32.9082855,-60.8113797,Funes,Zona 5,"808, Candelaria, Rudof, Zona 5, Funes, Municipio de Funes, Gran Rosario, Departamento Rosario, Santa Fe, S2132, Argentina"
Ituzaingó,1044,-32.8622297,-60.7125083,Granadero Baigorria,San Miguel,"1044, Ituzaingó, San Miguel, Granadero Baigorria, Municipio de Granadero Baigorria, Gran Rosario, Departamento Rosario, Santa Fe, 2152, Argentina"
Calle 7,2476,-32.8457819,-60.7091734,Granadero Baigorria,Los Robles,"2476, Calle 7, Bon Vivant, Los Robles, Granadero Baigorria, Municipio de Granadero Baigorria, Gran Rosario, Departamento Rosario, Santa Fe, 2152, Argentina"
Quiroga,,-32.8551502,-60.7216756,Granadero Baigorria,No especificado,"Facundo Quiroga, Granadero Baigorria, Municipio de Granadero Baigorria, Gran Rosario, Departamento Rosario, Santa Fe, 2152, Argentina"
Suipacha,1034,-32.8641806,-60.7200919,Granadero Baigorria,San Miguel,"1034, Suipacha, San Miguel, Granadero Baigorria, Municipio de Granadero Baigorria, Gran Rosario, Departamento Rosario, Santa Fe, 2152, Argentina"
Mitre,873,-32.860294,-60.7177364,Granadero Baigorria,San Miguel,"873, Mitre, San Miguel, Granadero Baigorria, Municipio de Granadero Baigorria, Gran Rosario, Departamento Rosario, Santa Fe, 2152, Argentina"
Pasaje 608,4274,-32.8611501,-60.713203,Granadero Baigorria,San Miguel,"608, Pasaje E. Carriego, San Miguel, Granadero Baigorria, Municipio de Granadero Baigorria, Gran Rosario, Departamento Rosario, Santa Fe, 2152, Argentina"
Junín,3479,-32.8549593,-60.7196408,Granadero Baigorria,No especificado,"Junín, Granadero Baigorria, Municipio de Granadero Baigorria, Gran Rosario, Departamento Rosario, Santa Fe, 2152, Argentina"
Perito Moreno,525,-32.8518037,-60.7150101,Granadero Baigorria,No especificado,"525, Perito Moreno, Granadero Baigorria, Municipio de Granadero Baigorria, Gran Rosario, Departamento Rosario, Santa Fe, 2152, Argentina"
La Cautiva,1355,-32.854526,-60.712589,Granadero Baigorria,Bon Vivant,"La Cautiva, Bon Vivant, Granadero Baigorria, Municipio de Granadero Baigorria, Gran Rosario, Departamento Rosario, Santa Fe, 2152, Argentina"
Pancho Ramirez,831,-32.8544692,-60.7188454,Granadero Baigorria,No especificado,"831, Pancho Ramírez, Granadero Baigorria, Municipio de Granadero Baigorria, Gran Rosario, Departamento Rosario, Santa Fe, 2152, Argentina"
Lima,1846,-32.8628299,-60.728398,Granadero Baigorria,Nuestra Señora de La Paz,"Lima, Nuestra Señora de La Paz, Municipio de Granadero Baigorria, Gran Rosario, Departamento Rosario, Santa Fe, 2152, Argentina"
La Cautiva,1765,-32.855217,-60.7124397,Granadero Baigorria,Bon Vivant,"1765, La Cautiva, Bon Vivant, Granadero Baigorria, Municipio de Granadero Baigorria, Gran Rosario, Departamento Rosario, Santa Fe, 2152, Argentina"
Callao,1052,-32.8644043,-60.7217203,Granadero Baigorria,San Miguel,"1052, Callao, San Miguel, Granadero Baigorria, Municipio de Granadero Baigorria, Gran Rosario, Departamento Rosario, Santa Fe, 2152, Argentina"
Eva Peron,1408,-32.8590438,-60.730488,Granadero Baigorria,No especificado,"Eva Perón, Municipio de Granadero Baigorria, Gran Rosario, Departamento Rosario, Santa Fe, 2152, Argentina"
Eva Peron,1673,-32.8583409,-60.7125263,Granadero Baigorria,San Miguel,"Eva Perón, San Miguel, Granadero Baigorria, Municipio de Granadero Baigorria, Gran Rosario, Departamento Rosario, Santa Fe, 2152, Argentina"
Paine,845,-32.8572471,-60.7181831,Granadero Baigorria,No especificado,"845, Paine, Granadero Baigorria, Municipio de Granadero Baigorria, Gran Rosario, Departamento Rosario, Santa Fe, 2152, Argentina"
Brown,1140,-32.8601822,-60.7221881,Granadero Baigorria,San Miguel,"1140, Almirante Brown, San Miguel, Granadero Baigorria, Municipio de Granadero Baigorria, Gran Rosario, Departamento Rosario, Santa Fe, 2152, Argentina"
Los Alamos,8158,-32.868637,-60.7291142,Ibarlucea,Autostrada,"8158, Los Álamos, Autostrada, Ybarlucea, Municipio de Ybarlucea, Gran Rosario, Departamento Rosario, Santa Fe, S2142, Argentina"
La Cautiva,1363,-32.854526,-60.712589,Granadero Baigorria,Bon Vivant,"La Cautiva, Bon Vivant, Granadero Baigorria, Municipio de Granadero Baigorria, Gran Rosario, Departamento Rosario, Santa Fe, 2152, Argentina"
A. Roldan,3209,-32.9056587,-60.9138217,Roldán,No especificado,"Molinos Benvenuto S.A., Roldán, Municipio de Roldán, Gran Rosario, Departamento San Lorenzo, Santa Fe, S2134, Argentina"
Richieri,235,-32.7986377,-60.7248799,Fray Luis Beltrán,Granaderos,"235, Richieri, Granaderos, Fray Luis Beltrán, Municipio de Fray Luis Beltrán, Gran Rosario, Departamento San Lorenzo, Santa Fe, 2156, Argentina"
Calle 6,2231,-32.8499263,-60.7070061,Granadero Baigorria,Los Robles,"2231, Crucero General Belgrano, Bon Vivant, Los Robles, Granadero Baigorria, Municipio de Granadero Baigorria, Gran Rosario, Departamento Rosario, Santa Fe, 2152, Argentina"
Calle 1,362,-32.850047,-60.7128305,Granadero Baigorria,Los Robles,"362, Intendente Sorigotti, Bon Vivant, Los Robles, Granadero Baigorria, Municipio de Granadero Baigorria, Gran Rosario, Departamento Rosario, Santa Fe, 2152, Argentina"
Arcos,3228,-32.9304178,-60.8266535,Funes,Zona 2,"Arcos del Sol, 3051, Lennox, La Cardera, Zona 2, Funes, Municipio de Funes, Gran Rosario, Departamento Rosario, Santa Fe, S2132, Argentina"
Baguales,3323,-32.8374458,-60.7188219,Granadero Baigorria,Lomas de Alicia,"Baguales, Lomas de Alicia, Granadero Baigorria, Municipio de Granadero Baigorria, Gran Rosario, Departamento Rosario, Santa Fe, 2152, Argentina"
Calle 12,2342,-32.8491391,-60.7127462,Granadero Baigorria,Los Robles,"2342, Calle 12, Bon Vivant, Los Robles, Granadero Baigorria, Municipio de Granadero Baigorria, Gran Rosario, Departamento Rosario, Santa Fe, 2152, Argentina"
Calle 12,2461,-32.8469737,-60.7133997,Granadero Baigorria,Los Robles,"2461, Calle 12, Bon Vivant, Los Robles, Granadero Baigorria, Municipio de Granadero Baigorria, Gran Rosario, Departamento Rosario, Santa Fe, 2152, Argentina"
6 de Enero,635,-32.8367167,-60.7153346,Granadero Baigorria,Los Robles,"8 de Enero, Los Robles, Granadero Baigorria, Municipio de Granadero Baigorria, Gran Rosario, Departamento Rosario, Santa Fe, 2152, Argentina"
Perito Moreno,566,-32.85195,-60.7156023,Granadero Baigorria,No especificado,"566, Perito Moreno, Granadero Baigorria, Municipio de Granadero Baigorria, Gran Rosario, Departamento Rosario, Santa Fe, 2152, Argentina"
Jose Hernandez,1958,-32.8554504,-60.7222756,Granadero Baigorria,No especificado,"1958, José Hernández, Granadero Baigorria, Municipio de Granadero Baigorria, Gran Rosario, Departamento Rosario, Santa Fe, 2152, Argentina"
Pita,150,-32.9420807,-60.8326902,Funes,Kentucky,"Ibira Pita, Kentucky, Zona 10, Funes, Municipio de Funes, Gran Rosario, Departamento Rosario, Santa Fe, S2132, Argentina"
Chaco,1118,-32.8401483,-60.7030293,Granadero Baigorria,Santa Rita,"Chaco, Santa Rita, Granadero Baigorria, Municipio de Granadero Baigorria, Gran Rosario, Departamento Rosario, Santa Fe, 2152, Argentina"
Callao,2136,-32.8534379,-60.7223596,Granadero Baigorria,No especificado,"2136, Callao, Granadero Baigorria, Municipio de Granadero Baigorria, Gran Rosario, Departamento Rosario, Santa Fe, 2152, Argentina"
Balcarce,1116,-32.8645949,-60.7202898,Granadero Baigorria,San Miguel,"1116, Balcarce, San Miguel, Granadero Baigorria, Municipio de Granadero Baigorria, Gran Rosario, Departamento Rosario, Santa Fe, 2152, Argentina"
Mitre,1263,-32.8619403,-60.7235898,Granadero Baigorria,San Miguel,"1263, Mitre, San Miguel, Granadero Baigorria, Municipio de Granadero Baigorria, Gran Rosario, Departamento Rosario, Santa Fe, 2152, Argentina"
Calle 268,,-32.849507,-60.7103375,Granadero Baigorria,Los Robles,"268, Intendente Sorigotti, Bon Vivant, Los Robles, Granadero Baigorria, Municipio de Granadero Baigorria, Gran Rosario, Departamento Rosario, Santa Fe, 2152, Argentina"
Silvestre,3255,-32.8515544,-60.7355108,Granadero Baigorria,No especificado,"Avenida Silvestre Begnis, Municipio de Granadero Baigorria, Gran Rosario, Departamento Rosario, Santa Fe, 2152, Argentina"
Jose Hernandez,1842,-32.8563779,-60.722032,Granadero Baigorria,No especificado,"1842, José Hernández, Granadero Baigorria, Municipio de Granadero Baigorria, Gran Rosario, Departamento Rosario, Santa Fe, 2152, Argentina"
Estanislao Lopez,2122,-32.8535602,-60.7216385,Granadero Baigorria,No especificado,"2122, Estanislao López, Granadero Baigorria, Municipio de Granadero Baigorria, Gran Rosario, Departamento Rosario, Santa Fe, 2152, Argentina"
Parana,973,-32.9391155,-60.6918588,Rosario,Echesortu,"973, Paraná, Echesortu, Distrito Centro, Rosario, Municipio de Rosario, Gran Rosario, Departamento Rosario, Santa Fe, 2002, Argentina"
Calle 12,2342,-32.8491391,-60.7127462,Granadero Baigorria,Los Robles,"2342, Calle 12, Bon Vivant, Los Robles, Granadero Baigorria, Municipio de Granadero Baigorria, Gran Rosario, Departamento Rosario, Santa Fe, 2152, Argentina"
San Bartolome,789,-32.9420736,-60.7376848,Rosario,Antártida Argentina,"Colegio San Bartolomé, Bulevar Wilde, Área Productiva Ludueña, Antártida Argentina, Distrito Noroeste, Rosario, Municipio de Rosario, Gran Rosario, Departamento Rosario, Santa Fe, S2000, Argentina"
Eva Peron,3285,-32.8583409,-60.7125263,Granadero Baigorria,San Miguel,"Eva Perón, San Miguel, Granadero Baigorria, Municipio de Granadero Baigorria, Gran Rosario, Departamento Rosario, Santa Fe, 2152, Argentina"
Perito Moreno,580,-32.8519999,-60.7158045,Granadero Baigorria,No especificado,"580, Perito Moreno, Granadero Baigorria, Municipio de Granadero Baigorria, Gran Rosario, Departamento Rosario, Santa Fe, 2152, Argentina"
Estanislao Lopez,2147,-32.8532712,-60.7217309,Granadero Baigorria,No especificado,"2147, Estanislao López, Granadero Baigorria, Municipio de Granadero Baigorria, Gran Rosario, Departamento Rosario, Santa Fe, 2152, Argentina"
San Martín,419,-32.8711247,-60.6996508,Rosario,La Florida,"Avenida José de San Martín, La Florida, Celedonio Escalada, Distrito Norte, Rosario, Municipio de Rosario, Municipio de Granadero Baigorria, Gran Rosario, Departamento Rosario, Santa Fe, S2000, Argentina"
Los Álamos,8103,-32.8684649,-60.729344,Ibarlucea,Autostrada,"8103, Los Álamos, Autostrada, Ybarlucea, Municipio de Ybarlucea, Gran Rosario, Departamento Rosario, Santa Fe, S2142, Argentina"
Matheu,2069,-32.8890356,-60.7248098,Rosario,Nuevo Alberdi,"Matheu, Nuevo Alberdi, La Cerámica y Cuyo, Distrito Norte, Rosario, Municipio de Rosario, Gran Rosario, Departamento Rosario, Santa Fe, S2000, Argentina"
Santa Fe,1850,-32.8545957,-60.7134719,Granadero Baigorria,No especificado,"1850, Avenida Santa Fe, Granadero Baigorria, Municipio de Granadero Baigorria, Gran Rosario, Departamento Rosario, Santa Fe, 2152, Argentina"
Maipú,1430,-32.9547342,-60.6373216,Rosario,Rosario Centro,"1430, Maipú, Rosario Centro, Distrito Centro, Rosario, Municipio de Rosario, Gran Rosario, Departamento Rosario, Santa Fe, 2000, Argentina"
Seco,870,-33.154614,-60.5082223,Arroyo Seco,No especificado,"Arroyo Seco, Municipio de Arroyo Seco, Gran Rosario, Departamento Rosario, Santa Fe, Argentina"
Montevideo,1216,-32.8630511,-60.7285633,Granadero Baigorria,Nuestra Señora de La Paz,"Montevideo, Nuestra Señora de La Paz, Municipio de Granadero Baigorria, Gran Rosario, Departamento Rosario, Santa Fe, 2152, Argentina"
Calle 9,62,-32.8468587,-60.7107688,Granadero Baigorria,Los Robles,"Calle 9, Bon Vivant, Los Robles, Granadero Baigorria, Municipio de Granadero Baigorria, Gran Rosario, Departamento Rosario, Santa Fe, 2152, Argentina"
Los Álamos,8269,-32.8718463,-60.7408478,Ibarlucea,Logaritmo,"Los Álamos, Logaritmo, Ybarlucea, Municipio de Ybarlucea, Gran Rosario, Departamento Rosario, Santa Fe, S2142, Argentina"
Moreno,3555,-32.8633748,-60.7052683,Granadero Baigorria,Centro,"Moreno, Centro, Granadero Baigorria, Municipio de Granadero Baigorria, Gran Rosario, Departamento Rosario, Santa Fe, 2152, Argentina"
Yrigoyen,3533,-32.8966815,-60.8092856,Funes,Funes Norte,"Hipólito Yrigoyen, Paseo del Norte, Funes Norte, Zona 5, Funes, Municipio de Funes, Gran Rosario, Departamento Rosario, Santa Fe, S2132, Argentina"
La Cautiva,955,-32.854526,-60.712589,Granadero Baigorria,Bon Vivant,"La Cautiva, Bon Vivant, Granadero Baigorria, Municipio de Granadero Baigorria, Gran Rosario, Departamento Rosario, Santa Fe, 2152, Argentina"
Calle 11,2380,-32.8483083,-60.7120964,Granadero Baigorria,Los Robles,"2380, Calle 11, Bon Vivant, Los Robles, Granadero Baigorria, Municipio de Granadero Baigorria, Gran Rosario, Departamento Rosario, Santa Fe, 2152, Argentina"
Charcas,1397,-32.8621227,-60.7192371,Granadero Baigorria,San Miguel,"Charcas, San Miguel, Granadero Baigorria, Municipio de Granadero Baigorria, Gran Rosario, Departamento Rosario, Santa Fe, 2152, Argentina"
Jorge Newbery,1363,-32.8564864,-60.7255655,Granadero Baigorria,No especificado,"1363, Jorge Newbery, Municipio de Granadero Baigorria, Gran Rosario, Departamento Rosario, Santa Fe, 2152, Argentina"
Calle 13,2223,-32.8505297,-60.713215,Granadero Baigorria,Los Robles,"2223, Calle 13, Los Robles, Granadero Baigorria, Municipio de Granadero Baigorria, Gran Rosario, Departamento Rosario, Santa Fe, 2152, Argentina"
Jorge Newbery,1363,-32.8564864,-60.7255655,Granadero Baigorria,No especificado,"1363, Jorge Newbery, Municipio de Granadero Baigorria, Gran Rosario, Departamento Rosario, Santa Fe, 2152, Argentina"
Suipacha,1210,-32.8621768,-60.7207812,Granadero Baigorria,San Miguel,"1210, Suipacha, San Miguel, Granadero Baigorria, Municipio de Granadero Baigorria, Gran Rosario, Departamento Rosario, Santa Fe, 2152, Argentina"
Junín,2210,-32.8519025,-60.720649,Granadero Baigorria,No especificado,"2210, Junín, Granadero Baigorria, Municipio de Granadero Baigorria, Gran Rosario, Departamento Rosario, Santa Fe, 2152, Argentina"
Junín,1218,-32.8613744,-60.7177761,Granadero Baigorria,San Miguel,"1218, Junín, San Miguel, Granadero Baigorria, Municipio de Granadero Baigorria, Gran Rosario, Departamento Rosario, Santa Fe, 2152, Argentina"
Calle 5,2642,-32.8437458,-60.7112072,Granadero Baigorria,Los Robles,"Malvinas Argentinas, Los Robles, Granadero Baigorria, Municipio de Granadero Baigorria, Gran Rosario, Departamento Rosario, Santa Fe, 2152, Argentina"
Calle 3,2260,-32.8467785,-60.7108038,Granadero Baigorria,Los Robles,"Calle 3, Bon Vivant, Los Robles, Granadero Baigorria, Municipio de Granadero Baigorria, Gran Rosario, Departamento Rosario, Santa Fe, 2152, Argentina"
Chaco,1149,-32.8401483,-60.7030293,Granadero Baigorria,Santa Rita,"Chaco, Santa Rita, Granadero Baigorria, Municipio de Granadero Baigorria, Gran Rosario, Departamento Rosario, Santa Fe, 2152, Argentina"
Belgrano,1074,-32.8645038,-60.7048614,Granadero Baigorria,Centro,"Belgrano, Centro, Granadero Baigorria, Municipio de Granadero Baigorria, Gran Rosario, Departamento Rosario, Santa Fe, 2152, Argentina"
Moreno,783,-32.8633748,-60.7052683,Granadero Baigorria,Centro,"Moreno, Centro, Granadero Baigorria, Municipio de Granadero Baigorria, Gran Rosario, Departamento Rosario, Santa Fe, 2152, Argentina"
Arijón,2472,-33.0032453,-60.6552433,Rosario,Las Delicias,"Avenida Manuel Arijón, Las Delicias, Mercedes de San Martín, Rosario, Municipio de Rosario, Gran Rosario, Departamento Rosario, Santa Fe, S2000, Argentina"
Los Olivos,2780,-32.8424278,-60.7036352,Granadero Baigorria,Santa Rita,"2780, Los Olivos, Santa Rita, Granadero Baigorria, Municipio de Granadero Baigorria, Gran Rosario, Departamento Rosario, Santa Fe, 2152, Argentina"
Calle 2,136,-32.8475189,-60.7105448,Granadero Baigorria,Los Robles,"Intendente Monti, Bon Vivant, Los Robles, Granadero Baigorria, Municipio de Granadero Baigorria, Gran Rosario, Departamento Rosario, Santa Fe, 2152, Argentina"
Calle 11,2328,-32.8491885,-60.7118322,Granadero Baigorria,Los Robles,"2328, Calle 11, Bon Vivant, Los Robles, Granadero Baigorria, Municipio de Granadero Baigorria, Gran Rosario, Departamento Rosario, Santa Fe, 2152, Argentina"
Hipólito Yrigoyen,3302,-32.9320592,-60.8121298,Funes,Zona 2,"3302, Hipólito Yrigoyen, San Sebastián, Zona 2, Funes, Municipio de Funes, Gran Rosario, Departamento Rosario, Santa Fe, S2132, Argentina"
Dorrego,3380,-32.8375484,-60.7128455,Granadero Baigorria,Los Robles,"3380, Coronel Dorrego, Los Robles, Granadero Baigorria, Municipio de Granadero Baigorria, Gran Rosario, Departamento Rosario, Santa Fe, 2152, Argentina"
San Martín,676,-32.8711247,-60.6996508,Rosario,La Florida,"Avenida José de San Martín, La Florida, Celedonio Escalada, Distrito Norte, Rosario, Municipio de Rosario, Municipio de Granadero Baigorria, Gran Rosario, Departamento Rosario, Santa Fe, S2000, Argentina"
Eva Perón,1062,-32.8587289,-60.7214287,Granadero Baigorria,San Miguel,"1062, Eva Perón, San Miguel, Granadero Baigorria, Municipio de Granadero Baigorria, Gran Rosario, Departamento Rosario, Santa Fe, 2152, Argentina"
Dorrego,1371,-32.842855,-60.7142063,Granadero Baigorria,Los Robles,"Coronel Dorrego, Los Robles, Granadero Baigorria, Municipio de Granadero Baigorria, Gran Rosario, Departamento Rosario, Santa Fe, 2152, Argentina"
México,1019,-32.842393,-60.7074007,Granadero Baigorria,No especificado,"Pasaje Mexico, Granadero Baigorria, Municipio de Granadero Baigorria, Gran Rosario, Departamento Rosario, Santa Fe, 2152, Argentina"
Eva Perón,1405,-32.8583409,-60.7125263,Granadero Baigorria,San Miguel,"Eva Perón, San Miguel, Granadero Baigorria, Municipio de Granadero Baigorria, Gran Rosario, Departamento Rosario, Santa Fe, 2152, Argentina"
Moreno,3340,-32.8633748,-60.7052683,Granadero Baigorria,Centro,"Moreno, Centro, Granadero Baigorria, Municipio de Granadero Baigorria, Gran Rosario, Departamento Rosario, Santa Fe, 2152, Argentina"
Napoli,3550,-32.9355524,-60.6709385,Rosario,Luis Agote,"La Bella Napoli, Tucumán, Luis Agote, Distrito Centro, Rosario, Municipio de Rosario, Gran Rosario, Departamento Rosario, Santa Fe, S2000, Argentina"
Jose Hernandez,1843,-32.8563688,-60.722035,Granadero Baigorria,No especificado,"1843, José Hernández, Granadero Baigorria, Municipio de Granadero Baigorria, Gran Rosario, Departamento Rosario, Santa Fe, 2152, Argentina"
Tierra del Fuego,286,-32.8495479,-60.7048183,Granadero Baigorria,Bon Vivant,"286, Tierra del Fuego, Bon Vivant, Granadero Baigorria, Municipio de Granadero Baigorria, Gran Rosario, Departamento Rosario, Santa Fe, 2152, Argentina"
Rawson,610,-32.8498624,-60.7017781,Granadero Baigorria,Bon Vivant,"Rawson, Bon Vivant, Granadero Baigorria, Municipio de Granadero Baigorria, Gran Rosario, Departamento Rosario, Santa Fe, 2152, Argentina"
Santa Fe,2192,-32.8517366,-60.714453,Granadero Baigorria,No especificado,"2192, Avenida Santa Fe, Granadero Baigorria, Municipio de Granadero Baigorria, Gran Rosario, Departamento Rosario, Santa Fe, 2152, Argentina"
Mitre,1228,-32.8604855,-60.7181286,Granadero Baigorria,San Miguel,"Mitre, San Miguel, Granadero Baigorria, Municipio de Granadero Baigorria, Gran Rosario, Departamento Rosario, Santa Fe, 2152, Argentina"
Calle 1,862,-32.8654683,-60.6993665,Granadero Baigorria,Mio,"Calle 1, Mio, Granadero Baigorria, Municipio de Granadero Baigorria, Gran Rosario, Departamento Rosario, Santa Fe, 2152, Argentina"
Calle 2,68,-32.8475189,-60.7105448,Granadero Baigorria,Los Robles,"Intendente Monti, Bon Vivant, Los Robles, Granadero Baigorria, Municipio de Granadero Baigorria, Gran Rosario, Departamento Rosario, Santa Fe, 2152, Argentina"
Don Bosco,913,-32.9246211,-60.6805423,Rosario,Islas Malvinas,"Don Bosco, Islas Malvinas, Distrito Norte, Rosario, Municipio de Rosario, Gran Rosario, Departamento Rosario, Santa Fe, S2000, Argentina"
Buenos Aires,1515,-32.8653332,-60.7082512,Granadero Baigorria,Correo,"Avenida Buenos Aires, Correo, Granadero Baigorria, Municipio de Granadero Baigorria, Gran Rosario, Departamento Rosario, Santa Fe, 2152, Argentina"
Pasco,965,-32.8614061,-60.7169741,Granadero Baigorria,San Miguel,"Pasco, San Miguel, Granadero Baigorria, Municipio de Granadero Baigorria, Gran Rosario, Departamento Rosario, Santa Fe, 2152, Argentina"
Namur,788,-32.7619131,-60.7668776,San Lorenzo,San Eduardo,"Namur, Lola Mora, San Eduardo, Municipio de San Lorenzo, Gran Rosario, Departamento San Lorenzo, Santa Fe, S2200JUO, Argentina"
Francia,1049,-32.8602312,-60.7193781,Granadero Baigorria,San Miguel,"Pasaje Francia, San Miguel, Granadero Baigorria, Municipio de Granadero Baigorria, Gran Rosario, Departamento Rosario, Santa Fe, 2152, Argentina"
Calle 2,311,-32.8475189,-60.7105448,Granadero Baigorria,Los Robles,"Intendente Monti, Bon Vivant, Los Robles, Granadero Baigorria, Municipio de Granadero Baigorria, Gran Rosario, Departamento Rosario, Santa Fe, 2152, Argentina"
Calle 1,302,-32.849655,-60.7110548,Granadero Baigorria,Los Robles,"302, Intendente Sorigotti, Bon Vivant, Los Robles, Granadero Baigorria, Municipio de Granadero Baigorria, Gran Rosario, Departamento Rosario, Santa Fe, 2152, Argentina"
Namur,2021,-32.7619131,-60.7668776,San Lorenzo,San Eduardo,"Namur, Lola Mora, San Eduardo, Municipio de San Lorenzo, Gran Rosario, Departamento San Lorenzo, Santa Fe, S2200JUO, Argentina"
Malvinas,2031,-32.8437458,-60.7112072,Granadero Baigorria,Los Robles,"Malvinas Argentinas, Los Robles, Granadero Baigorria, Municipio de Granadero Baigorria, Gran Rosario, Departamento Rosario, Santa Fe, 2152, Argentina"
Monteagudo,3369,-32.9211916,-60.6677467,Rosario,Islas Malvinas,"Monteagudo, Puerto Norte, Islas Malvinas, Distrito Norte, Rosario, Municipio de Rosario, Gran Rosario, Departamento Rosario, Santa Fe, S2000, Argentina"
Zeballos,3252,-32.949681,-60.6697105,Rosario,Echesortu,"3252, Zeballos, Echesortu, Distrito Centro, Rosario, Municipio de Rosario, Gran Rosario, Departamento Rosario, Santa Fe, 2002, Argentina"
Buenos Aires,988,-32.8632217,-60.7084487,Granadero Baigorria,Centro,"988, Avenida Buenos Aires, Centro, Granadero Baigorria, Municipio de Granadero Baigorria, Gran Rosario, Departamento Rosario, Santa Fe, 2152, Argentina"
Agrelo,2570,-32.889057,-60.6925278,Rosario,Alberdi,"2570, Pedro José Agrelo, Alberdi, Distrito Norte, Rosario, Municipio de Rosario, Gran Rosario, Departamento Rosario, Santa Fe, S2000, Argentina"
Las Heras,559,-32.8615131,-60.712195,Granadero Baigorria,San Miguel,"559, Las Heras, San Miguel, Granadero Baigorria, Municipio de Granadero Baigorria, Gran Rosario, Departamento Rosario, Santa Fe, 2152, Argentina"
Calle 2,68,-32.8475189,-60.7105448,Granadero Baigorria,Los Robles,"Intendente Monti, Bon Vivant, Los Robles, Granadero Baigorria, Municipio de Granadero Baigorria, Gran Rosario, Departamento Rosario, Santa Fe, 2152, Argentina"
Junin,1161,-32.8620731,-60.7176257,Granadero Baigorria,San Miguel,"1161, Junín, San Miguel, Granadero Baigorria, Municipio de Granadero Baigorria, Gran Rosario, Departamento Rosario, Santa Fe, 2152, Argentina"
Calle 13,2462,-32.8471809,-60.7143793,Granadero Baigorria,Los Robles,"2462, Calle 13, Los Robles, Granadero Baigorria, Municipio de Granadero Baigorria, Gran Rosario, Departamento Rosario, Santa Fe, 2152, Argentina"
Calfucura,841,-32.8533211,-60.7193666,Granadero Baigorria,No especificado,"841, Calfucurá, Granadero Baigorria, Municipio de Granadero Baigorria, Gran Rosario, Departamento Rosario, Santa Fe, 2152, Argentina"
Carriego,239,-32.8612234,-60.7138106,Granadero Baigorria,San Miguel,"Pasaje E. Carriego, San Miguel, Granadero Baigorria, Municipio de Granadero Baigorria, Gran Rosario, Departamento Rosario, Santa Fe, 2152, Argentina"
Balcarce,1018,-32.8642353,-60.7188024,Granadero Baigorria,San Miguel,"1018, Balcarce, San Miguel, Granadero Baigorria, Municipio de Granadero Baigorria, Gran Rosario, Departamento Rosario, Santa Fe, 2152, Argentina"
Calle 12,2461,-32.8469737,-60.7133997,Granadero Baigorria,Los Robles,"2461, Calle 12, Bon Vivant, Los Robles, Granadero Baigorria, Municipio de Granadero Baigorria, Gran Rosario, Departamento Rosario, Santa Fe, 2152, Argentina"
Mitre,1082,-32.8611177,-60.7208647,Granadero Baigorria,San Miguel,"1082, Mitre, San Miguel, Granadero Baigorria, Municipio de Granadero Baigorria, Gran Rosario, Departamento Rosario, Santa Fe, 2152, Argentina"
Moreno,147,-32.8630898,-60.7044212,Granadero Baigorria,Centro,"147, Moreno, Centro, Granadero Baigorria, Municipio de Granadero Baigorria, Gran Rosario, Departamento Rosario, Santa Fe, 2152, Argentina"
Calle 6,2831,-32.8467597,-60.7080448,Granadero Baigorria,Los Robles,"Crucero General Belgrano, Bon Vivant, Los Robles, Granadero Baigorria, Municipio de Granadero Baigorria, Gran Rosario, Departamento Rosario, Santa Fe, 2152, Argentina"
Fray Luis Beltran,7,-32.9115689,-60.6892895,Rosario,Domingo Faustino Sarmiento,"Fray Luis Beltrán, Domingo Faustino Sarmiento, Distrito Norte, Rosario, Municipio de Rosario, Gran Rosario, Departamento Rosario, Santa Fe, S2000, Argentina"
Arroyos,3229,-33.0139699,-60.6500194,Rosario,Bernardo de Irigoyen,"Pago de los Arroyos, Bernardo de Irigoyen, Presidente Roque Saenz Peña, Distrito Sur, Rosario, Municipio de Rosario, Gran Rosario, Departamento Rosario, Santa Fe, S2000, Argentina"
Marconi,1704,-32.8575577,-60.7245531,Granadero Baigorria,No especificado,"1704, Marconi, Municipio de Granadero Baigorria, Gran Rosario, Departamento Rosario, Santa Fe, 2152, Argentina"
Junin,1434,-32.8590795,-60.7185367,Granadero Baigorria,San Miguel,"1434, Junín, San Miguel, Granadero Baigorria, Municipio de Granadero Baigorria, Gran Rosario, Departamento Rosario, Santa Fe, 2152, Argentina"
Calle 5,1052,-32.8437458,-60.7112072,Granadero Baigorria,Los Robles,"Malvinas Argentinas, Los Robles, Granadero Baigorria, Municipio de Granadero Baigorria, Gran Rosario, Departamento Rosario, Santa Fe, 2152, Argentina"
Pasco,618,-32.8604965,-60.7135869,Granadero Baigorria,San Miguel,"618, Pasco, San Miguel, Granadero Baigorria, Municipio de Granadero Baigorria, Gran Rosario, Departamento Rosario, Santa Fe, 2152, Argentina"
Pueyrredon,1054,-32.8612718,-60.7042844,Granadero Baigorria,Centro,"1054, Pueyrredon, Centro, Granadero Baigorria, Municipio de Granadero Baigorria, Gran Rosario, Departamento Rosario, Santa Fe, 2152, Argentina"
Santa Fe,335,-32.841966,-60.7005036,Granadero Baigorria,Santa Rita,"Santa Rita, Granadero Baigorria, Municipio de Granadero Baigorria, Gran Rosario, Departamento Rosario, Santa Fe, 2152, Argentina"
Galicia,394,-32.8744694,-60.6923056,Rosario,La Florida,"394, Galicia, La Florida, Celedonio Escalada, Distrito Norte, Rosario, Municipio de Rosario, Gran Rosario, Departamento Rosario, Santa Fe, S2000, Argentina"
El Mortero,3340,-32.9292879,-60.8456917,Funes,Zona 9,"3340, El Mortero, Cantegril, Zona 9, Funes, Municipio de Funes, Gran Rosario, Departamento Rosario, Santa Fe, S2132, Argentina"
Callao,1034,-32.8645759,-60.7216632,Granadero Baigorria,San Miguel,"1034, Callao, San Miguel, Granadero Baigorria, Municipio de Granadero Baigorria, Gran Rosario, Departamento Rosario, Santa Fe, 2152, Argentina"
Mitre,1082,-32.8611177,-60.7208647,Granadero Baigorria,San Miguel,"1082, Mitre, San Miguel, Granadero Baigorria, Municipio de Granadero Baigorria, Gran Rosario, Departamento Rosario, Santa Fe, 2152, Argentina"
25 de Mayo,5005,-32.8712845,-60.6989572,Granadero Baigorria,La Florida,"25 de Mayo, La Florida, Celedonio Escalada, Distrito Norte, Rosario, Granadero Baigorria, Municipio de Granadero Baigorria, Gran Rosario, Departamento Rosario, Santa Fe, 2152, Argentina"
Calle 3,S/N,-32.8628755,-60.7282963,Granadero Baigorria,Nuestra Señora de La Paz,"Nuestra Señora de La Paz, Municipio de Granadero Baigorria, Gran Rosario, Departamento Rosario, Santa Fe, 2152, Argentina"
Díaz Vélez,1124,-32.8590172,-60.7219455,Granadero Baigorria,San Miguel,"Díaz Vélez bis, San Miguel, Granadero Baigorria, Municipio de Granadero Baigorria, Gran Rosario, Departamento Rosario, Santa Fe, 2152, Argentina"
Calfucurá,842,-32.8534496,-60.7179082,Granadero Baigorria,No especificado,"842, Calfucurá, Granadero Baigorria, Municipio de Granadero Baigorria, Gran Rosario, Departamento Rosario, Santa Fe, 2152, Argentina"
Calle 9,2481,-32.8460522,-60.7109058,Granadero Baigorria,Los Robles,"2481, Calle 9, Bon Vivant, Los Robles, Granadero Baigorria, Municipio de Granadero Baigorria, Gran Rosario, Departamento Rosario, Santa Fe, 2152, Argentina"
Calle 4,67,-32.8456769,-60.7111457,Granadero Baigorria,Los Robles,"Intendente Ansoleaga, Bon Vivant, Los Robles, Granadero Baigorria, Municipio de Granadero Baigorria, Gran Rosario, Departamento Rosario, Santa Fe, 2152, Argentina"
Pancho Ramírez,956,-32.8549222,-60.7204543,Granadero Baigorria,No especificado,"956, Pancho Ramírez, Granadero Baigorria, Municipio de Granadero Baigorria, Gran Rosario, Departamento Rosario, Santa Fe, 2152, Argentina"
Santiago,1388,-32.8634672,-60.7276944,Granadero Baigorria,Nuestra Señora de La Paz,"Pasaje Santiago, Nuestra Señora de La Paz, Municipio de Granadero Baigorria, Gran Rosario, Departamento Rosario, Santa Fe, 2152, Argentina"
Miguel Cané,137,-32.8552682,-60.7252932,Granadero Baigorria,No especificado,"Miguel Cane, Municipio de Granadero Baigorria, Gran Rosario, Departamento Rosario, Santa Fe, 2152, Argentina"
Calle 6,2231,-32.8499263,-60.7070061,Granadero Baigorria,Los Robles,"2231, Crucero General Belgrano, Bon Vivant, Los Robles, Granadero Baigorria, Municipio de Granadero Baigorria, Gran Rosario, Departamento Rosario, Santa Fe, 2152, Argentina"
Peralta,506,-32.9348502,-60.7382399,Rosario,Antártida Argentina,"Escuela 546 Ángela Peralta Pino, 8134, San Lorenzo, Antártida Argentina, Distrito Noroeste, Rosario, Municipio de Rosario, Gran Rosario, Departamento Rosario, Santa Fe, S2000, Argentina"
Calle 9,2611,-32.8436991,-60.711635,Granadero Baigorria,Los Robles,"2611, Calle 9, Bon Vivant, Los Robles, Granadero Baigorria, Municipio de Granadero Baigorria, Gran Rosario, Departamento Rosario, Santa Fe, 2152, Argentina"
Balcarce,1074,-32.8644275,-60.71959,Granadero Baigorria,San Miguel,"1074, Balcarce, San Miguel, Granadero Baigorria, Municipio de Granadero Baigorria, Gran Rosario, Departamento Rosario, Santa Fe, 2152, Argentina"
Gaboto,3533,-32.8361986,-60.7169351,Granadero Baigorria,Los Robles,"Gaboto, Los Robles, Granadero Baigorria, Municipio de Granadero Baigorria, Gran Rosario, Departamento Rosario, Santa Fe, S2154, Argentina"
López,2129,-32.8534793,-60.7216643,Granadero Baigorria,No especificado,"2129, Estanislao López, Granadero Baigorria, Municipio de Granadero Baigorria, Gran Rosario, Departamento Rosario, Santa Fe, 2152, Argentina"
Liniers,1856,-32.8552985,-60.7165836,Granadero Baigorria,No especificado,"1856, Liniers, Granadero Baigorria, Municipio de Granadero Baigorria, Gran Rosario, Departamento Rosario, Santa Fe, 2152, Argentina"
La Cautiva,1855,-32.8543687,-60.7126954,Granadero Baigorria,Bon Vivant,"1855, La Cautiva, Bon Vivant, Granadero Baigorria, Municipio de Granadero Baigorria, Gran Rosario, Departamento Rosario, Santa Fe, 2152, Argentina"
Calle 2,368,-32.8475189,-60.7105448,Granadero Baigorria,Los Robles,"Intendente Monti, Bon Vivant, Los Robles, Granadero Baigorria, Municipio de Granadero Baigorria, Gran Rosario, Departamento Rosario, Santa Fe, 2152, Argentina"
Eva Peron,241,-32.8311692,-60.7140597,Capitán Bermúdez,Villa del Prado,"Eva Perón, Villa del Prado, Capitán Bermudez, Municipio de Capitán Bermudez, Gran Rosario, Departamento San Lorenzo, Santa Fe, S2154, Argentina"
Rosario,314,-32.8601038,-60.6985267,Granadero Baigorria,El Paraíso,"314, Rosario, El Paraíso, Granadero Baigorria, Municipio de Granadero Baigorria, Gran Rosario, Departamento Rosario, Santa Fe, 2152, Argentina"
Calle 1,2250,-32.8654683,-60.6993665,Granadero Baigorria,Mio,"Calle 1, Mio, Granadero Baigorria, Municipio de Granadero Baigorria, Gran Rosario, Departamento Rosario, Santa Fe, 2152, Argentina"
Jujuy,3520,-32.8376724,-60.7047243,Granadero Baigorria,Santa Rita,"Jujuy Pasage, Santa Rita, Granadero Baigorria, Municipio de Granadero Baigorria, Gran Rosario, Departamento Rosario, Santa Fe, 2152, Argentina"
Santiago,1399,-32.8634672,-60.7276944,Granadero Baigorria,Nuestra Señora de La Paz,"Pasaje Santiago, Nuestra Señora de La Paz, Municipio de Granadero Baigorria, Gran Rosario, Departamento Rosario, Santa Fe, 2152, Argentina"
Maipo,1868,-32.8555707,-60.7181225,Granadero Baigorria,No especificado,"1868, Maipo, Granadero Baigorria, Municipio de Granadero Baigorria, Gran Rosario, Departamento Rosario, Santa Fe, 2152, Argentina"
Punta Arenas,525,-32.9650569,-60.6022529,Rosario,República de la Sexta,"Playa Punta Arenas, Avenida Manuel Belgrano, República de la Sexta, Distrito Centro, Rosario, Municipio de Rosario, Gran Rosario, Departamento Rosario, Santa Fe, S2000, Argentina"
Maipo,2073,-32.85382,-60.7185915,Granadero Baigorria,No especificado,"2073, Maipo, Granadero Baigorria, Municipio de Granadero Baigorria, Gran Rosario, Departamento Rosario, Santa Fe, 2152, Argentina"
Silvestre Begnis,368,-32.850788,-60.7126539,Granadero Baigorria,Los Robles,"368, Avenida Silvestre Begnis, Bon Vivant, Los Robles, Granadero Baigorria, Municipio de Granadero Baigorria, Gran Rosario, Departamento Rosario, Santa Fe, 2152, Argentina"
Calle 4,247,-32.8456769,-60.7111457,Granadero Baigorria,Los Robles,"Intendente Ansoleaga, Bon Vivant, Los Robles, Granadero Baigorria, Municipio de Granadero Baigorria, Gran Rosario, Departamento Rosario, Santa Fe, 2152, Argentina"
Rio Negro,3380,-32.8444844,-60.7043475,Granadero Baigorria,Bon Vivant,"Río Negro, Bon Vivant, Granadero Baigorria, Municipio de Granadero Baigorria, Gran Rosario, Departamento Rosario, Santa Fe, 2152, Argentina"
Baguales,1110,-32.8374458,-60.7188219,Granadero Baigorria,Lomas de Alicia,"Baguales, Lomas de Alicia, Granadero Baigorria, Municipio de Granadero Baigorria, Gran Rosario, Departamento Rosario, Santa Fe, 2152, Argentina"
Callao,936,-32.865414,-60.7213683,Granadero Baigorria,San Miguel,"936, Callao, San Miguel, Granadero Baigorria, Municipio de Granadero Baigorria, Gran Rosario, Departamento Rosario, Santa Fe, 2152, Argentina"
Mitre,1112,-32.86125,-60.7213806,Granadero Baigorria,San Miguel,"1112, Mitre, San Miguel, Granadero Baigorria, Municipio de Granadero Baigorria, Gran Rosario, Departamento Rosario, Santa Fe, 2152, Argentina"
Asuncion,1059,-32.8636147,-60.7269704,Granadero Baigorria,Nuestra Señora de La Paz,"Asunción, Nuestra Señora de La Paz, Municipio de Granadero Baigorria, Gran Rosario, Departamento Rosario, Santa Fe, 2152, Argentina"
Asuncion,1070,-32.8636147,-60.7269704,Granadero Baigorria,Nuestra Señora de La Paz,"Asunción, Nuestra Señora de La Paz, Municipio de Granadero Baigorria, Gran Rosario, Departamento Rosario, Santa Fe, 2152, Argentina"
Joaquin V. Gonzalez,1856,-31.2414936,-61.4720621,Rafaela,Italia,"Joaquín V. González, Italia, Rafaela, Municipio de Rafaela, Departamento Castellanos, Santa Fe, S2300, Argentina"
Vicente Lopez,1052,-32.8653691,-60.7185336,Granadero Baigorria,San Miguel,"1052, Vicente López, San Miguel, Granadero Baigorria, Municipio de Granadero Baigorria, Gran Rosario, Departamento Rosario, Santa Fe, 2152, Argentina"
Mitre,873,-32.860294,-60.7177364,Granadero Baigorria,San Miguel,"873, Mitre, San Miguel, Granadero Baigorria, Municipio de Granadero Baigorria, Gran Rosario, Departamento Rosario, Santa Fe, 2152, Argentina"
Berutti,820,-32.7802906,-60.7385089,Fray Luis Beltrán,Granaderos,"820, Berutti, Granaderos, Fray Luis Beltrán, Municipio de Fray Luis Beltrán, Gran Rosario, Departamento San Lorenzo, Santa Fe, 2156, Argentina"
Calchaqui,955,-32.9079259,-60.8800323,Roldán,Cotos de la Alameda,"955, Calchaqui, Parque Esmeralda, Cotos de la Alameda, Roldán, Municipio de Roldán, Gran Rosario, Departamento San Lorenzo, Santa Fe, S2134, Argentina"
25 de Mayo,704,-32.8712845,-60.6989572,Granadero Baigorria,La Florida,"25 de Mayo, La Florida, Celedonio Escalada, Distrito Norte, Rosario, Granadero Baigorria, Municipio de Granadero Baigorria, Gran Rosario, Departamento Rosario, Santa Fe, 2152, Argentina"
Silvestre Begnis,3279,-32.8515544,-60.7355108,Granadero Baigorria,No especificado,"Avenida Silvestre Begnis, Municipio de Granadero Baigorria, Gran Rosario, Departamento Rosario, Santa Fe, 2152, Argentina"
Silvestre Begnis,788,-32.8509042,-60.7193889,Granadero Baigorria,No especificado,"788, Avenida Silvestre Begnis, Granadero Baigorria, Municipio de Granadero Baigorria, Gran Rosario, Departamento Rosario, Santa Fe, 2152, Argentina"
Calle 1,362,-32.850047,-60.7128305,Granadero Baigorria,Los Robles,"362, Intendente Sorigotti, Bon Vivant, Los Robles, Granadero Baigorria, Municipio de Granadero Baigorria, Gran Rosario, Departamento Rosario, Santa Fe, 2152, Argentina"
Mitre,638,-32.8594371,-60.7142582,Granadero Baigorria,San Miguel,"638, Mitre, San Miguel, Granadero Baigorria, Municipio de Granadero Baigorria, Gran Rosario, Departamento Rosario, Santa Fe, 2152, Argentina"
Pasco,660,-32.8606294,-60.7141372,Granadero Baigorria,San Miguel,"660, Pasco, San Miguel, Granadero Baigorria, Municipio de Granadero Baigorria, Gran Rosario, Departamento Rosario, Santa Fe, 2152, Argentina"
Chubut,1140,-32.8445362,-60.7058237,Granadero Baigorria,Bon Vivant,"Chubut, Bon Vivant, Granadero Baigorria, Municipio de Granadero Baigorria, Gran Rosario, Departamento Rosario, Santa Fe, 2152, Argentina"
Catamarca,1027,-32.8613421,-60.6989165,Granadero Baigorria,Los Naranjos,"1027, Catamarca, Los Naranjos, Granadero Baigorria, Municipio de Granadero Baigorria, Gran Rosario, Departamento Rosario, Santa Fe, 2152, Argentina"
Jose Hernandez,1998,-32.8552613,-60.722347,Granadero Baigorria,No especificado,"1998, José Hernández, Granadero Baigorria, Municipio de Granadero Baigorria, Gran Rosario, Departamento Rosario, Santa Fe, 2152, Argentina"
Diaz Velez,1197,-32.8591497,-60.7226772,Granadero Baigorria,San Miguel,"1197, Díaz Vélez bis, San Miguel, Granadero Baigorria, Municipio de Granadero Baigorria, Gran Rosario, Departamento Rosario, Santa Fe, 2152, Argentina"
Facundo Quiroga,1040,-32.8552057,-60.7215505,Granadero Baigorria,No especificado,"1040, Facundo Quiroga, Granadero Baigorria, Municipio de Granadero Baigorria, Gran Rosario, Departamento Rosario, Santa Fe, 2152, Argentina"
Jose Hernandez,2027,-32.8548543,-60.7224465,Granadero Baigorria,No especificado,"2027, José Hernández, Granadero Baigorria, Municipio de Granadero Baigorria, Gran Rosario, Departamento Rosario, Santa Fe, 2152, Argentina"
Jose Hernandez,2050,-32.854586,-60.7225637,Granadero Baigorria,No especificado,"2050, José Hernández, Granadero Baigorria, Municipio de Granadero Baigorria, Gran Rosario, Departamento Rosario, Santa Fe, 2152, Argentina"
Maipo,1869,-32.8556011,-60.7182459,Granadero Baigorria,No especificado,"1869, Maipo, Granadero Baigorria, Municipio de Granadero Baigorria, Gran Rosario, Departamento Rosario, Santa Fe, 2152, Argentina"
Parana,855,-32.9375413,-60.6914622,Rosario,Echesortu,"855, Paraná, Echesortu, Distrito Centro, Rosario, Municipio de Rosario, Gran Rosario, Departamento Rosario, Santa Fe, 2002, Argentina"
Chubut,2458,-32.8464562,-60.7058132,Granadero Baigorria,Bon Vivant,"2458, Chubut, Bon Vivant, Granadero Baigorria, Municipio de Granadero Baigorria, Gran Rosario, Departamento Rosario, Santa Fe, 2152, Argentina"
Calle 1,362,-32.850047,-60.7128305,Granadero Baigorria,Los Robles,"362, Intendente Sorigotti, Bon Vivant, Los Robles, Granadero Baigorria, Municipio de Granadero Baigorria, Gran Rosario, Departamento Rosario, Santa Fe, 2152, Argentina"
6 de Enero,371,-32.8367167,-60.7153346,Granadero Baigorria,Los Robles,"8 de Enero, Los Robles, Granadero Baigorria, Municipio de Granadero Baigorria, Gran Rosario, Departamento Rosario, Santa Fe, 2152, Argentina"
Calle 1,261,-32.8494882,-60.7102497,Granadero Baigorria,Los Robles,"261, Intendente Sorigotti, Bon Vivant, Los Robles, Granadero Baigorria, Municipio de Granadero Baigorria, Gran Rosario, Departamento Rosario, Santa Fe, 2152, Argentina"
Silvestre Begnis,74,-32.8506108,-60.7072511,Granadero Baigorria,Los Robles,"74, Avenida Silvestre Begnis, Bon Vivant, Los Robles, Granadero Baigorria, Municipio de Granadero Baigorria, Gran Rosario, Departamento Rosario, Santa Fe, 2152, Argentina"
Maipo,1869,-32.8556011,-60.7182459,Granadero Baigorria,No especificado,"1869, Maipo, Granadero Baigorria, Municipio de Granadero Baigorria, Gran Rosario, Departamento Rosario, Santa Fe, 2152, Argentina"
Mitre,1159,-32.8615444,-60.7220251,Granadero Baigorria,San Miguel,"1159, Mitre, San Miguel, Granadero Baigorria, Municipio de Granadero Baigorria, Gran Rosario, Departamento Rosario, Santa Fe, 2152, Argentina"
Lima,1539,-32.8628299,-60.728398,Granadero Baigorria,Nuestra Señora de La Paz,"Lima, Nuestra Señora de La Paz, Municipio de Granadero Baigorria, Gran Rosario, Departamento Rosario, Santa Fe, 2152, Argentina"
Arequipa,2490,-32.8734261,-60.7302279,Rosario,Celedonio Escalada,"Arequipa, Celedonio Escalada, Distrito Norte, Rosario, Municipio de Rosario, Gran Rosario, Departamento Rosario, Santa Fe, S2000, Argentina"
Calle 1,362,-32.850047,-60.7128305,Granadero Baigorria,Los Robles,"362, Intendente Sorigotti, Bon Vivant, Los Robles, Granadero Baigorria, Municipio de Granadero Baigorria, Gran Rosario, Departamento Rosario, Santa Fe, 2152, Argentina"
Charcas,1057,-32.8636037,-60.7187285,Granadero Baigorria,San Miguel,"1057, Charcas, San Miguel, Granadero Baigorria, Municipio de Granadero Baigorria, Gran Rosario, Departamento Rosario, Santa Fe, 2152, Argentina"
Moreno,3444,-32.8633748,-60.7052683,Granadero Baigorria,Centro,"Moreno, Centro, Granadero Baigorria, Municipio de Granadero Baigorria, Gran Rosario, Departamento Rosario, Santa Fe, 2152, Argentina"
Callao,2136,-32.8534379,-60.7223596,Granadero Baigorria,No especificado,"2136, Callao, Granadero Baigorria, Municipio de Granadero Baigorria, Gran Rosario, Departamento Rosario, Santa Fe, 2152, Argentina"
Pasco,965,-32.8614061,-60.7169741,Granadero Baigorria,San Miguel,"Pasco, San Miguel, Granadero Baigorria, Municipio de Granadero Baigorria, Gran Rosario, Departamento Rosario, Santa Fe, 2152, Argentina"
Mitre,1263,-32.8619403,-60.7235898,Granadero Baigorria,San Miguel,"1263, Mitre, San Miguel, Granadero Baigorria, Municipio de Granadero Baigorria, Gran Rosario, Departamento Rosario, Santa Fe, 2152, Argentina"
Nansen,939,-32.922866,-60.677482,Rosario,Islas Malvinas,"939, Pasaje Don Orione, Islas Malvinas, Distrito Norte, Rosario, Municipio de Rosario, Gran Rosario, Departamento Rosario, Santa Fe, S2000, Argentina"
Chorroarín,1742,-32.9280787,-60.7186531,Rosario,Fisherton Industrial,"Escuela 1095 Doctor Luis Chorroarín, 7157, Junín, Fisherton Industrial, Larrea y Empalme Graneros, Distrito Noroeste, Rosario, Municipio de Rosario, Gran Rosario, Departamento Rosario, Santa Fe, S2007, Argentina"
Juncos,3303,-32.9370394,-60.8891243,Roldán,Puerto Roldán,"Los Juncos, Puerto Roldán, Roldán, Municipio de Roldán, Gran Rosario, Departamento San Lorenzo, Santa Fe, S2134, Argentina"
Hipólito Yrigoyen,1453,-32.7471964,-60.7363782,San Lorenzo,Combate,"1453, Hipólito Yrigoyen, Combate, San Lorenzo, Municipio de San Lorenzo, Gran Rosario, Departamento San Lorenzo, Santa Fe, S2200, Argentina"
Calle 2,359,-32.8475189,-60.7105448,Granadero Baigorria,Los Robles,"Intendente Monti, Bon Vivant, Los Robles, Granadero Baigorria, Municipio de Granadero Baigorria, Gran Rosario, Departamento Rosario, Santa Fe, 2152, Argentina"
Calle 12,2606,-32.8474934,-60.713347,Granadero Baigorria,Los Robles,"Calle 12, Bon Vivant, Los Robles, Granadero Baigorria, Municipio de Granadero Baigorria, Gran Rosario, Departamento Rosario, Santa Fe, 2152, Argentina"
Brasil,1271,-32.8441029,-60.6979099,Granadero Baigorria,Santa Rita,"Pasaje Brasil, Santa Rita, Granadero Baigorria, Municipio de Granadero Baigorria, Gran Rosario, Departamento Rosario, Santa Fe, 2152, Argentina"
Viamonte,3298,-32.8695304,-60.7014411,Granadero Baigorria,Correo,"Viamonte, Correo, Granadero Baigorria, Municipio de Granadero Baigorria, Gran Rosario, Departamento Rosario, Santa Fe, 2152, Argentina"
Presidente Roca,525,-32.9420647,-60.6442356,Rosario,Rosario Centro,"525, Presidente Roca, Rosario Centro, Distrito Centro, Rosario, Municipio de Rosario, Gran Rosario, Departamento Rosario, Santa Fe, 2000, Argentina"
Brown,891,-32.8593698,-60.7183451,Granadero Baigorria,San Miguel,"891, Almirante Brown, San Miguel, Granadero Baigorria, Municipio de Granadero Baigorria, Gran Rosario, Departamento Rosario, Santa Fe, 2152, Argentina"
Junín,2063,-32.8539428,-60.7200142,Granadero Baigorria,No especificado,"2063, Junín, Granadero Baigorria, Municipio de Granadero Baigorria, Gran Rosario, Departamento Rosario, Santa Fe, 2152, Argentina"
Suipacha,1754,-32.8572179,-60.7226176,Granadero Baigorria,No especificado,"1754, Suipacha, Granadero Baigorria, Municipio de Granadero Baigorria, Gran Rosario, Departamento Rosario, Santa Fe, 2152, Argentina"
Florencio,877,-32.9087333,-60.798568,Funes,Funes City,"877, Florencio Varela, Funes City, Zona 3, Funes, Municipio de Funes, Gran Rosario, Departamento Rosario, Santa Fe, S2132, Argentina"
Estanislao López,2129,-32.8534793,-60.7216643,Granadero Baigorria,No especificado,"2129, Estanislao López, Granadero Baigorria, Municipio de Granadero Baigorria, Gran Rosario, Departamento Rosario, Santa Fe, 2152, Argentina"
Catriel,850,-32.8562694,-60.7185554,Granadero Baigorria,No especificado,"850, Catriel, Granadero Baigorria, Municipio de Granadero Baigorria, Gran Rosario, Departamento Rosario, Santa Fe, 2152, Argentina"
Calle 12,2447,-32.8472062,-60.7133344,Granadero Baigorria,Los Robles,"2447, Calle 12, Bon Vivant, Los Robles, Granadero Baigorria, Municipio de Granadero Baigorria, Gran Rosario, Departamento Rosario, Santa Fe, 2152, Argentina"
Asunción,6268,-32.8636147,-60.7269704,Granadero Baigorria,Nuestra Señora de La Paz,"Asunción, Nuestra Señora de La Paz, Municipio de Granadero Baigorria, Gran Rosario, Departamento Rosario, Santa Fe, 2152, Argentina"
Eva Perón,1405,-32.8583409,-60.7125263,Granadero Baigorria,San Miguel,"Eva Perón, San Miguel, Granadero Baigorria, Municipio de Granadero Baigorria, Gran Rosario, Departamento Rosario, Santa Fe, 2152, Argentina"
Miguel Cané,1357,-32.8552538,-60.7255166,Granadero Baigorria,No especificado,"1357, Miguel Cane, Municipio de Granadero Baigorria, Gran Rosario, Departamento Rosario, Santa Fe, 2152, Argentina"
José Hernández,1943,-32.8555213,-60.7222489,Granadero Baigorria,No especificado,"1943, José Hernández, Granadero Baigorria, Municipio de Granadero Baigorria, Gran Rosario, Departamento Rosario, Santa Fe, 2152, Argentina"
Paine,339,-32.8565209,-60.7154963,Granadero Baigorria,No especificado,"Paine, Granadero Baigorria, Municipio de Granadero Baigorria, Gran Rosario, Departamento Rosario, Santa Fe, 2152, Argentina"
Los Álamos,832,-33.0231695,-60.8614247,Zavalla,La Antonella,"Los Álamos, La Antonella, Zavalla, Municipio de Zavalla, Departamento Rosario, Santa Fe, S2123, Argentina"
La Paz,1400,-32.8712518,-60.7190993,Granadero Baigorria,No especificado,"La Paz, Granadero Baigorria, Municipio de Granadero Baigorria, Gran Rosario, Departamento Rosario, Santa Fe, 2152, Argentina"
Calle 20,2136,-32.8487748,-60.7068992,Granadero Baigorria,Los Robles,"20, Intendente Sorigotti, Bon Vivant, Los Robles, Granadero Baigorria, Municipio de Granadero Baigorria, Gran Rosario, Departamento Rosario, Santa Fe, 2152, Argentina"
Junín,1541,-32.8582505,-60.718563,Granadero Baigorria,No especificado,"1541, Junín, Granadero Baigorria, Municipio de Granadero Baigorria, Gran Rosario, Departamento Rosario, Santa Fe, 2152, Argentina"
Los Pinos,845,-32.8515984,-60.7034819,Granadero Baigorria,Los Pinos,"Los Pinos, Granadero Baigorria, Municipio de Granadero Baigorria, Gran Rosario, Departamento Rosario, Santa Fe, 2152, Argentina"
Liniers,1787,-32.8560173,-60.7164443,Granadero Baigorria,No especificado,"1787, Liniers, Granadero Baigorria, Municipio de Granadero Baigorria, Gran Rosario, Departamento Rosario, Santa Fe, 2152, Argentina"
Calle 12,2380,-32.8484881,-60.7129443,Granadero Baigorria,Los Robles,"2380, Calle 12, Bon Vivant, Los Robles, Granadero Baigorria, Municipio de Granadero Baigorria, Gran Rosario, Departamento Rosario, Santa Fe, 2152, Argentina"
David Peña,17,-32.8782654,-60.6928064,Rosario,La Florida,"David Peña, La Florida, Celedonio Escalada, Distrito Norte, Rosario, Municipio de Rosario, Gran Rosario, Departamento Rosario, Santa Fe, S2000, Argentina"
Jujuy,1815,-32.8376724,-60.7047243,Granadero Baigorria,Santa Rita,"Jujuy Pasage, Santa Rita, Granadero Baigorria, Municipio de Granadero Baigorria, Gran Rosario, Departamento Rosario, Santa Fe, 2152, Argentina"
Namuncurá,933,-32.8554403,-60.7186713,Granadero Baigorria,No especificado,"933, Namuncurá, Granadero Baigorria, Municipio de Granadero Baigorria, Gran Rosario, Departamento Rosario, Santa Fe, 2152, Argentina"
Namuncurá,961,-32.8557593,-60.7202303,Granadero Baigorria,No especificado,"961, Namuncurá, Granadero Baigorria, Municipio de Granadero Baigorria, Gran Rosario, Departamento Rosario, Santa Fe, 2152, Argentina"
Baterías,971,-32.9360979,-60.6558219,Rosario,Alberto Olmedo,"Rapibat Baterias, Salta, Área Comercial Pichincha, Alberto Olmedo, Distrito Centro, Rosario, Municipio de Rosario, Gran Rosario, Departamento Rosario, Santa Fe, S2000, Argentina"
Felipe Varela,1388,-32.8632559,-60.7239702,Granadero Baigorria,San Miguel,"Felipe Varela, San Miguel, Granadero Baigorria, Municipio de Granadero Baigorria, Gran Rosario, Departamento Rosario, Santa Fe, 2152, Argentina"
La Cautiva,1363,-32.854526,-60.712589,Granadero Baigorria,Bon Vivant,"La Cautiva, Bon Vivant, Granadero Baigorria, Municipio de Granadero Baigorria, Gran Rosario, Departamento Rosario, Santa Fe, 2152, Argentina"
La Cautiva,1339,-32.854526,-60.712589,Granadero Baigorria,Bon Vivant,"La Cautiva, Bon Vivant, Granadero Baigorria, Municipio de Granadero Baigorria, Gran Rosario, Departamento Rosario, Santa Fe, 2152, Argentina"
Francia,921,-32.8602312,-60.7193781,Granadero Baigorria,San Miguel,"Pasaje Francia, San Miguel, Granadero Baigorria, Municipio de Granadero Baigorria, Gran Rosario, Departamento Rosario, Santa Fe, 2152, Argentina"
Estanislao López,2073,-32.8542111,-60.7214049,Granadero Baigorria,No especificado,"2073, Estanislao López, Granadero Baigorria, Municipio de Granadero Baigorria, Gran Rosario, Departamento Rosario, Santa Fe, 2152, Argentina"
Díaz Vélez,1124,-32.8590172,-60.7219455,Granadero Baigorria,San Miguel,"Díaz Vélez bis, San Miguel, Granadero Baigorria, Municipio de Granadero Baigorria, Gran Rosario, Departamento Rosario, Santa Fe, 2152, Argentina"
Estanislao López,1950,-32.8554315,-60.720875,Granadero Baigorria,No especificado,"1950, Estanislao López, Granadero Baigorria, Municipio de Granadero Baigorria, Gran Rosario, Departamento Rosario, Santa Fe, 2152, Argentina"
Calle 6,26,-32.8467597,-60.7080448,Granadero Baigorria,Los Robles,"Crucero General Belgrano, Bon Vivant, Los Robles, Granadero Baigorria, Municipio de Granadero Baigorria, Gran Rosario, Departamento Rosario, Santa Fe, 2152, Argentina"
Los Olivos,3251,-32.8388398,-60.7038306,Granadero Baigorria,Santa Rita,"3251, Los Olivos, Santa Rita, Granadero Baigorria, Municipio de Granadero Baigorria, Gran Rosario, Departamento Rosario, Santa Fe, 2152, Argentina"
Italia,2040,-32.9594528,-60.6516524,Rosario,Abasto,"2040, Italia, Paseo Pellegrini, Abasto, Distrito Centro, Rosario, Municipio de Rosario, Gran Rosario, Departamento Rosario, Santa Fe, 2000, Argentina"
Almafuerte,1342,-32.8521082,-60.7033183,Granadero Baigorria,Los Pinos,"Almafuerte, Los Pinos, Granadero Baigorria, Municipio de Granadero Baigorria, Gran Rosario, Departamento Rosario, Santa Fe, 2152, Argentina"
Díaz Vélez,1153,-32.8590072,-60.7220801,Granadero Baigorria,San Miguel,"1153, Díaz Vélez bis, San Miguel, Granadero Baigorria, Municipio de Granadero Baigorria, Gran Rosario, Departamento Rosario, Santa Fe, 2152, Argentina"
Jorge Newbery,1314,-32.8564531,-60.7245748,Granadero Baigorria,No especificado,"1314, Jorge Newbery, Municipio de Granadero Baigorria, Gran Rosario, Departamento Rosario, Santa Fe, 2152, Argentina"
Calle 11,2247,-32.8502273,-60.7115065,Granadero Baigorria,Los Robles,"2247, Calle 11, Bon Vivant, Los Robles, Granadero Baigorria, Municipio de Granadero Baigorria, Gran Rosario, Departamento Rosario, Santa Fe, 2152, Argentina"
Dr. Agote,2570,-32.8485035,-60.7216418,Granadero Baigorria,No especificado,"Luis Agote, Municipio de Granadero Baigorria, Gran Rosario, Departamento Rosario, Santa Fe, 2152, Argentina"
Santa Fe,1374,-32.8618045,-60.7110441,Granadero Baigorria,San Miguel,"Avenida Santa Fe, San Miguel, Granadero Baigorria, Municipio de Granadero Baigorria, Gran Rosario, Departamento Rosario, Santa Fe, 2152, Argentina"
Moreno,3590,-32.8633748,-60.7052683,Granadero Baigorria,Centro,"Moreno, Centro, Granadero Baigorria, Municipio de Granadero Baigorria, Gran Rosario, Departamento Rosario, Santa Fe, 2152, Argentina"
Namuncurá,796,-32.8547775,-60.716095,Granadero Baigorria,No especificado,"Namuncurá, Granadero Baigorria, Municipio de Granadero Baigorria, Gran Rosario, Departamento Rosario, Santa Fe, 2152, Argentina"
Baterías,1074,-32.9644924,-60.6616817,Rosario,Jorge Cura,"Brachetta Baterías, 2427, Bulevar 27 de Febrero, Jorge Cura, Distrito Centro, Rosario, Municipio de Rosario, Gran Rosario, Departamento Rosario, Santa Fe, S2000, Argentina"
Calle 6,2343,-32.847966,-60.7076024,Granadero Baigorria,Los Robles,"2343, Crucero General Belgrano, Bon Vivant, Los Robles, Granadero Baigorria, Municipio de Granadero Baigorria, Gran Rosario, Departamento Rosario, Santa Fe, 2152, Argentina"
Eva Perón,678,-32.8584048,-60.7151687,Granadero Baigorria,San Miguel,"678, Eva Perón, San Miguel, Granadero Baigorria, Municipio de Granadero Baigorria, Gran Rosario, Departamento Rosario, Santa Fe, 2152, Argentina"
Malvinas,2143,-32.8437458,-60.7112072,Granadero Baigorria,Los Robles,"Malvinas Argentinas, Los Robles, Granadero Baigorria, Municipio de Granadero Baigorria, Gran Rosario, Departamento Rosario, Santa Fe, 2152, Argentina"
Montevideo,1396,-32.8630511,-60.7285633,Granadero Baigorria,Nuestra Señora de La Paz,"Montevideo, Nuestra Señora de La Paz, Municipio de Granadero Baigorria, Gran Rosario, Departamento Rosario, Santa Fe, 2152, Argentina"
Montevideo,1222,-32.8630511,-60.7285633,Granadero Baigorria,Nuestra Señora de La Paz,"Montevideo, Nuestra Señora de La Paz, Municipio de Granadero Baigorria, Gran Rosario, Departamento Rosario, Santa Fe, 2152, Argentina"
Vicente López,554,-32.8636104,-60.7113622,Granadero Baigorria,San Miguel,"554, Vicente López, San Miguel, Granadero Baigorria, Municipio de Granadero Baigorria, Gran Rosario, Departamento Rosario, Santa Fe, 2152, Argentina"
Jujuy,1815,-32.8376724,-60.7047243,Granadero Baigorria,Santa Rita,"Jujuy Pasage, Santa Rita, Granadero Baigorria, Municipio de Granadero Baigorria, Gran Rosario, Departamento Rosario, Santa Fe, 2152, Argentina"
Las Piedras,258,-32.8684829,-60.7050892,Granadero Baigorria,Correo,"Las Piedras, Correo, Granadero Baigorria, Municipio de Granadero Baigorria, Gran Rosario, Departamento Rosario, Santa Fe, 2152, Argentina"
Calle 9,2611,-32.8436991,-60.711635,Granadero Baigorria,Los Robles,"2611, Calle 9, Bon Vivant, Los Robles, Granadero Baigorria, Municipio de Granadero Baigorria, Gran Rosario, Departamento Rosario, Santa Fe, 2152, Argentina"
Calle 6,2348,-32.8478831,-60.7076273,Granadero Baigorria,Los Robles,"2348, Crucero General Belgrano, Bon Vivant, Los Robles, Granadero Baigorria, Municipio de Granadero Baigorria, Gran Rosario, Departamento Rosario, Santa Fe, 2152, Argentina"
Los Andes,3361,-32.8379432,-60.7173752,Granadero Baigorria,Los Robles,"3361, Los Andes, Los Robles, Granadero Baigorria, Municipio de Granadero Baigorria, Gran Rosario, Departamento Rosario, Santa Fe, 2152, Argentina"
Maipú,1969,-32.9608504,-60.6388304,Rosario,República de la Sexta,"1969, Maipú, República de la Sexta, Distrito Centro, Rosario, Municipio de Rosario, Gran Rosario, Departamento Rosario, Santa Fe, 2000, Argentina"
Liniers,2361,-32.8511464,-60.7181718,Granadero Baigorria,No especificado,"2361, Liniers, Granadero Baigorria, Municipio de Granadero Baigorria, Gran Rosario, Departamento Rosario, Santa Fe, 2152, Argentina"
Liniers,2280,-32.8517195,-60.7179968,Granadero Baigorria,No especificado,"2280, Liniers, Granadero Baigorria, Municipio de Granadero Baigorria, Gran Rosario, Departamento Rosario, Santa Fe, 2152, Argentina"
Buenos Aires,1260,-32.8600936,-60.7095287,Granadero Baigorria,Centro,"1260, Avenida Buenos Aires, Centro, Granadero Baigorria, Municipio de Granadero Baigorria, Gran Rosario, Departamento Rosario, Santa Fe, 2152, Argentina"
Charcas,1122,-32.862826,-60.7188991,Granadero Baigorria,San Miguel,"1122, Charcas, San Miguel, Granadero Baigorria, Municipio de Granadero Baigorria, Gran Rosario, Departamento Rosario, Santa Fe, 2152, Argentina"
Las Heras,1052,-32.8632399,-60.7197188,Granadero Baigorria,San Miguel,"1052, Las Heras, San Miguel, Granadero Baigorria, Municipio de Granadero Baigorria, Gran Rosario, Departamento Rosario, Santa Fe, 2152, Argentina"
José Hernández,1990,-32.8552991,-60.7223327,Granadero Baigorria,No especificado,"1990, José Hernández, Granadero Baigorria, Municipio de Granadero Baigorria, Gran Rosario, Departamento Rosario, Santa Fe, 2152, Argentina"
José Hernández,2027,-32.8548543,-60.7224465,Granadero Baigorria,No especificado,"2027, José Hernández, Granadero Baigorria, Municipio de Granadero Baigorria, Gran Rosario, Departamento Rosario, Santa Fe, 2152, Argentina"
San Martín,1399,-32.8711247,-60.6996508,Rosario,La Florida,"Avenida José de San Martín, La Florida, Celedonio Escalada, Distrito Norte, Rosario, Municipio de Rosario, Municipio de Granadero Baigorria, Gran Rosario, Departamento Rosario, Santa Fe, S2000, Argentina"
Bogado,3453,-32.9123062,-60.8600892,Funes,Zona 8,"Coronel Félix Bogado, Santa Isabel 4, Zona 8, Funes, Municipio de Funes, Gran Rosario, Departamento Rosario, Santa Fe, S2132, Argentina"
Roca,1653,-32.8382514,-60.7037792,Granadero Baigorria,Santa Rita,"Julio A. Roca, Santa Rita, Granadero Baigorria, Municipio de Granadero Baigorria, Gran Rosario, Departamento Rosario, Santa Fe, 2152, Argentina"
Maipú,3590,-32.9793079,-60.6435824,Rosario,General San Martín,"3590, Maipú, General San Martín, Distrito Sur, Rosario, Municipio de Rosario, Gran Rosario, Departamento Rosario, Santa Fe, 2001, Argentina"
Bogado,3204,-32.9257585,-60.6875428,Rosario,Islas Malvinas,"Pasaje Bogado, Islas Malvinas, Distrito Norte, Rosario, Municipio de Rosario, Gran Rosario, Departamento Rosario, Santa Fe, S2000, Argentina"
Mansilla,779,-32.8515018,-60.7179181,Granadero Baigorria,No especificado,"Lucio V. Mansilla, Granadero Baigorria, Municipio de Granadero Baigorria, Gran Rosario, Departamento Rosario, Santa Fe, 2152, Argentina"
Estanislao López,1639,-32.8577247,-60.7202018,Granadero Baigorria,No especificado,"1639, Estanislao López, Granadero Baigorria, Municipio de Granadero Baigorria, Gran Rosario, Departamento Rosario, Santa Fe, 2152, Argentina"
Sarmiento,1374,-32.8586689,-60.6994819,Granadero Baigorria,El Paraíso,"Sarmiento, El Paraíso, Granadero Baigorria, Municipio de Granadero Baigorria, Gran Rosario, Departamento Rosario, Santa Fe, 2152, Argentina"
Calle 1,362,-32.850047,-60.7128305,Granadero Baigorria,Los Robles,"362, Intendente Sorigotti, Bon Vivant, Los Robles, Granadero Baigorria, Municipio de Granadero Baigorria, Gran Rosario, Departamento Rosario, Santa Fe, 2152, Argentina"
Calle 12,2607,-32.8474934,-60.713347,Granadero Baigorria,Los Robles,"Calle 12, Bon Vivant, Los Robles, Granadero Baigorria, Municipio de Granadero Baigorria, Gran Rosario, Departamento Rosario, Santa Fe, 2152, Argentina"
Calle 10,2540,-32.8450752,-60.7121262,Granadero Baigorria,Los Robles,"2540, Calle 10, Bon Vivant, Los Robles, Granadero Baigorria, Municipio de Granadero Baigorria, Gran Rosario, Departamento Rosario, Santa Fe, 2152, Argentina"
Eva Perón,1428,-32.858654,-60.7204112,Granadero Baigorria,San Miguel,"Eva Perón, San Miguel, Granadero Baigorria, Municipio de Granadero Baigorria, Gran Rosario, Departamento Rosario, Santa Fe, 2152, Argentina"
Pino,978,-32.7306295,-60.7457344,San Lorenzo,El Pino,"El Pino, San Lorenzo, Municipio de San Lorenzo, Gran Rosario, Departamento San Lorenzo, Santa Fe, Argentina"
Paso,827,-32.9192055,-60.6755451,Rosario,Lisandro de la Torre,"827, Avenida Juan José Paso, Lisandro de la Torre, Distrito Norte, Rosario, Municipio de Rosario, Gran Rosario, Departamento Rosario, Santa Fe, S2000, Argentina"
Callao,1476,-32.8596591,-60.7233131,Granadero Baigorria,San Miguel,"1476, Callao, San Miguel, Granadero Baigorria, Municipio de Granadero Baigorria, Gran Rosario, Departamento Rosario, Santa Fe, 2152, Argentina"
Francia,977,-32.8602312,-60.7193781,Granadero Baigorria,San Miguel,"Pasaje Francia, San Miguel, Granadero Baigorria, Municipio de Granadero Baigorria, Gran Rosario, Departamento Rosario, Santa Fe, 2152, Argentina"
Catamarca,971,-32.8619512,-60.6988861,Granadero Baigorria,Los Naranjos,"971, Catamarca, Los Naranjos, Granadero Baigorria, Municipio de Granadero Baigorria, Gran Rosario, Departamento Rosario, Santa Fe, 2152, Argentina"
Silvestre Begnis,763,-32.8508863,-60.7189077,Granadero Baigorria,No especificado,"763, Avenida Silvestre Begnis, Granadero Baigorria, Municipio de Granadero Baigorria, Gran Rosario, Departamento Rosario, Santa Fe, 2152, Argentina"
Calle 12,2472,-32.846791,-60.7134511,Granadero Baigorria,Los Robles,"2472, Calle 12, Bon Vivant, Los Robles, Granadero Baigorria, Municipio de Granadero Baigorria, Gran Rosario, Departamento Rosario, Santa Fe, 2152, Argentina"
Liniers,1787,-32.8560173,-60.7164443,Granadero Baigorria,No especificado,"1787, Liniers, Granadero Baigorria, Municipio de Granadero Baigorria, Gran Rosario, Departamento Rosario, Santa Fe, 2152, Argentina"
La Plata,791,-32.7776117,-60.7398891,Fray Luis Beltrán,Granaderos,"La Plata, Granaderos, Fray Luis Beltrán, Municipio de Fray Luis Beltrán, Gran Rosario, Departamento San Lorenzo, Santa Fe, 2156, Argentina"
Liniers,1820,-32.8555826,-60.7164921,Granadero Baigorria,No especificado,"1820, Liniers, Granadero Baigorria, Municipio de Granadero Baigorria, Gran Rosario, Departamento Rosario, Santa Fe, 2152, Argentina"
Estanislao López,2182,-32.8528666,-60.7218603,Granadero Baigorria,No especificado,"2182, Estanislao López, Granadero Baigorria, Municipio de Granadero Baigorria, Gran Rosario, Departamento Rosario, Santa Fe, 2152, Argentina"
Eva Perón,1377,-32.858654,-60.7204112,Granadero Baigorria,San Miguel,"Eva Perón, San Miguel, Granadero Baigorria, Municipio de Granadero Baigorria, Gran Rosario, Departamento Rosario, Santa Fe, 2152, Argentina"
Calle 1,362,-32.850047,-60.7128305,Granadero Baigorria,Los Robles,"362, Intendente Sorigotti, Bon Vivant, Los Robles, Granadero Baigorria, Municipio de Granadero Baigorria, Gran Rosario, Departamento Rosario, Santa Fe, 2152, Argentina"
Ancón,1670,-32.9685081,-60.6886913,Rosario,Bella Vista,"Pasaje Ancon, La Banana, Bella Vista, Distrito Oeste, Municipio de Rosario, Gran Rosario, Departamento Rosario, Santa Fe, S2000, Argentina"
Dorrego,3391,-32.8374131,-60.7128215,Granadero Baigorria,Los Robles,"3391, Coronel Dorrego, Los Robles, Granadero Baigorria, Municipio de Granadero Baigorria, Gran Rosario, Departamento Rosario, Santa Fe, 2152, Argentina"
Los Aromos,2841,-32.86326,-60.6922996,Granadero Baigorria,Los Naranjos,"Los Aromos, Los Naranjos, Granadero Baigorria, Municipio de Granadero Baigorria, Gran Rosario, Departamento Rosario, Santa Fe, 2152, Argentina"
Asunción,77,-32.8636147,-60.7269704,Granadero Baigorria,Nuestra Señora de La Paz,"Asunción, Nuestra Señora de La Paz, Municipio de Granadero Baigorria, Gran Rosario, Departamento Rosario, Santa Fe, 2152, Argentina"
Antartida,1365,-32.8430598,-60.7106934,Granadero Baigorria,Los Robles,"Antartida Argentina, Los Robles, Granadero Baigorria, Municipio de Granadero Baigorria, Gran Rosario, Departamento Rosario, Santa Fe, 2152, Argentina"
San Martin,1348,-32.8711247,-60.6996508,Rosario,La Florida,"Avenida José de San Martín, La Florida, Celedonio Escalada, Distrito Norte, Rosario, Municipio de Rosario, Municipio de Granadero Baigorria, Gran Rosario, Departamento Rosario, Santa Fe, S2000, Argentina"
Los Cedros,549,-32.8672751,-60.7296972,Ibarlucea,Autostrada,"549, Los Cedros, Autostrada, Ybarlucea, Municipio de Ybarlucea, Gran Rosario, Departamento Rosario, Santa Fe, S2142, Argentina"
Montevideo,1178,-32.8630511,-60.7285633,Granadero Baigorria,Nuestra Señora de La Paz,"Montevideo, Nuestra Señora de La Paz, Municipio de Granadero Baigorria, Gran Rosario, Departamento Rosario, Santa Fe, 2152, Argentina"
Silvestre,1283,-32.8515544,-60.7355108,Granadero Baigorria,No especificado,"Avenida Silvestre Begnis, Municipio de Granadero Baigorria, Gran Rosario, Departamento Rosario, Santa Fe, 2152, Argentina"
Los Alamos,8104,-32.868661,-60.7298013,Ibarlucea,Autostrada,"8104, Los Álamos, Autostrada, Ybarlucea, Municipio de Ybarlucea, Gran Rosario, Departamento Rosario, Santa Fe, S2142, Argentina"
Colon,2805,-32.8424253,-60.7106037,Granadero Baigorria,Los Robles,"2805, Cristobal Colón, Los Robles, Granadero Baigorria, Municipio de Granadero Baigorria, Gran Rosario, Departamento Rosario, Santa Fe, 2152, Argentina"
Las Heras,2895,-32.8625197,-60.716599,Granadero Baigorria,San Miguel,"Las Heras, San Miguel, Granadero Baigorria, Municipio de Granadero Baigorria, Gran Rosario, Departamento Rosario, Santa Fe, 2152, Argentina"
Pancho Ramirez,693,-32.8541454,-60.7169164,Granadero Baigorria,No especificado,"693, Pancho Ramírez, Granadero Baigorria, Municipio de Granadero Baigorria, Gran Rosario, Departamento Rosario, Santa Fe, 2152, Argentina"
Santa Fe,1374,-32.8618045,-60.7110441,Granadero Baigorria,San Miguel,"Avenida Santa Fe, San Miguel, Granadero Baigorria, Municipio de Granadero Baigorria, Gran Rosario, Departamento Rosario, Santa Fe, 2152, Argentina"
Colombres,725,-32.9365823,-60.7293922,Rosario,Antártida Argentina,"725, José Colombres, Antártida Argentina, Distrito Noroeste, Rosario, Municipio de Rosario, Gran Rosario, Departamento Rosario, Santa Fe, S2000, Argentina"
Junin,1830,-32.8561639,-60.7191604,Granadero Baigorria,No especificado,"1830, Junín, Granadero Baigorria, Municipio de Granadero Baigorria, Gran Rosario, Departamento Rosario, Santa Fe, 2152, Argentina"
Calle 362,4100,-32.850047,-60.7128305,Granadero Baigorria,Los Robles,"362, Intendente Sorigotti, Bon Vivant, Los Robles, Granadero Baigorria, Municipio de Granadero Baigorria, Gran Rosario, Departamento Rosario, Santa Fe, 2152, Argentina"
Suipacha,1300,-32.8621824,-60.7208341,Granadero Baigorria,San Miguel,"Suipacha, San Miguel, Granadero Baigorria, Municipio de Granadero Baigorria, Gran Rosario, Departamento Rosario, Santa Fe, 2152, Argentina"
Eva Peron,1405,-32.8590438,-60.730488,Granadero Baigorria,No especificado,"Eva Perón, Municipio de Granadero Baigorria, Gran Rosario, Departamento Rosario, Santa Fe, 2152, Argentina"
Asuncion,955,-32.8636147,-60.7269704,Granadero Baigorria,Nuestra Señora de La Paz,"Asunción, Nuestra Señora de La Paz, Municipio de Granadero Baigorria, Gran Rosario, Departamento Rosario, Santa Fe, 2152, Argentina"
Jorge Newbery,1345,-32.8564742,-60.7252016,Granadero Baigorria,No especificado,"1345, Jorge Newbery, Municipio de Granadero Baigorria, Gran Rosario, Departamento Rosario, Santa Fe, 2152, Argentina"
Catriel,824,-32.8562062,-60.7183004,Granadero Baigorria,No especificado,"824, Catriel, Granadero Baigorria, Municipio de Granadero Baigorria, Gran Rosario, Departamento Rosario, Santa Fe, 2152, Argentina"
Maipu,1806,-32.9590754,-60.6385655,Rosario,República de la Sexta,"1806, Maipú, Paseo Pellegrini, República de la Sexta, Distrito Centro, Rosario, Municipio de Rosario, Gran Rosario, Departamento Rosario, Santa Fe, 2000, Argentina"
Mayo,1806,-32.8712845,-60.6989572,Granadero Baigorria,La Florida,"25 de Mayo, La Florida, Celedonio Escalada, Distrito Norte, Rosario, Granadero Baigorria, Municipio de Granadero Baigorria, Gran Rosario, Departamento Rosario, Santa Fe, 2152, Argentina"
Pasaje B,409,-32.8365253,-60.7062643,Granadero Baigorria,No especificado,"Pasaje Pasteur, Granadero Baigorria, Municipio de Granadero Baigorria, Gran Rosario, Departamento Rosario, Santa Fe, 2152, Argentina"
Los Alerces,1117,-32.8501629,-60.7188567,Granadero Baigorria,No especificado,"Los Alerces, Granadero Baigorria, Municipio de Granadero Baigorria, Gran Rosario, Departamento Rosario, Santa Fe, 2152, Argentina"
Montevideo,1399,-32.8630511,-60.7285633,Granadero Baigorria,Nuestra Señora de La Paz,"Montevideo, Nuestra Señora de La Paz, Municipio de Granadero Baigorria, Gran Rosario, Departamento Rosario, Santa Fe, 2152, Argentina"
Las Acacias,8170,-32.8668416,-60.7285968,Ibarlucea,Autostrada,"8170, Las Acacias, Autostrada, Ybarlucea, Municipio de Ybarlucea, Gran Rosario, Departamento Rosario, Santa Fe, S2142, Argentina"
Montevideo,1388,-32.8630511,-60.7285633,Granadero Baigorria,Nuestra Señora de La Paz,"Montevideo, Nuestra Señora de La Paz, Municipio de Granadero Baigorria, Gran Rosario, Departamento Rosario, Santa Fe, 2152, Argentina"
Catriel,824,-32.8562062,-60.7183004,Granadero Baigorria,No especificado,"824, Catriel, Granadero Baigorria, Municipio de Granadero Baigorria, Gran Rosario, Departamento Rosario, Santa Fe, 2152, Argentina"
Calle 1,362,-32.850047,-60.7128305,Granadero Baigorria,Los Robles,"362, Intendente Sorigotti, Bon Vivant, Los Robles, Granadero Baigorria, Municipio de Granadero Baigorria, Gran Rosario, Departamento Rosario, Santa Fe, 2152, Argentina"
Pasco,709,-32.860983,-60.7149073,Granadero Baigorria,San Miguel,"709, Pasco, San Miguel, Granadero Baigorria, Municipio de Granadero Baigorria, Gran Rosario, Departamento Rosario, Santa Fe, 2152, Argentina"
Los Álamos,8268,-32.8685874,-60.7277147,Ibarlucea,Autostrada,"8268, Los Álamos, Autostrada, Ybarlucea, Municipio de Ybarlucea, Gran Rosario, Departamento Rosario, Santa Fe, S2142, Argentina"
Punta Lara,625,-32.8862478,-60.6933569,Rosario,Alberdi,"625, Punta Lara, Alberdi, Distrito Norte, Rosario, Municipio de Rosario, Gran Rosario, Departamento Rosario, Santa Fe, S2000, Argentina"
Punta Lara,642,-32.8861363,-60.6936594,Rosario,Alberdi,"642, Punta Lara, Alberdi, Distrito Norte, Rosario, Municipio de Rosario, Gran Rosario, Departamento Rosario, Santa Fe, S2000, Argentina"
La Cautiva,1363,-32.854526,-60.712589,Granadero Baigorria,Bon Vivant,"La Cautiva, Bon Vivant, Granadero Baigorria, Municipio de Granadero Baigorria, Gran Rosario, Departamento Rosario, Santa Fe, 2152, Argentina"
Calle 7,2324,-32.8485076,-60.7083461,Granadero Baigorria,Los Robles,"2324, Calle 7, Bon Vivant, Los Robles, Granadero Baigorria, Municipio de Granadero Baigorria, Gran Rosario, Departamento Rosario, Santa Fe, 2152, Argentina"
Chubut,2458,-32.8464562,-60.7058132,Granadero Baigorria,Bon Vivant,"2458, Chubut, Bon Vivant, Granadero Baigorria, Municipio de Granadero Baigorria, Gran Rosario, Departamento Rosario, Santa Fe, 2152, Argentina"
Eva Perón,517,-32.8584708,-60.7126395,Granadero Baigorria,San Miguel,"517, Eva Perón, San Miguel, Granadero Baigorria, Municipio de Granadero Baigorria, Gran Rosario, Departamento Rosario, Santa Fe, 2152, Argentina"
2 de Abril,1286,-32.8418644,-60.7148627,Granadero Baigorria,Los Robles,"10 de Abril, Los Robles, Granadero Baigorria, Municipio de Granadero Baigorria, Gran Rosario, Departamento Rosario, Santa Fe, 2152, Argentina"
Junín,1161,-32.8620731,-60.7176257,Granadero Baigorria,San Miguel,"1161, Junín, San Miguel, Granadero Baigorria, Municipio de Granadero Baigorria, Gran Rosario, Departamento Rosario, Santa Fe, 2152, Argentina"
Calle 12,2491,-32.8464755,-60.7135397,Granadero Baigorria,Los Robles,"2491, Calle 12, Bon Vivant, Los Robles, Granadero Baigorria, Municipio de Granadero Baigorria, Gran Rosario, Departamento Rosario, Santa Fe, 2152, Argentina"
Calle 7,2324,-32.8485076,-60.7083461,Granadero Baigorria,Los Robles,"2324, Calle 7, Bon Vivant, Los Robles, Granadero Baigorria, Municipio de Granadero Baigorria, Gran Rosario, Departamento Rosario, Santa Fe, 2152, Argentina"
Maipú,3423,-32.977662,-60.6430329,Rosario,General San Martín,"3423, Maipú, General San Martín, Distrito Sur, Rosario, Municipio de Rosario, Gran Rosario, Departamento Rosario, Santa Fe, 2001, Argentina"
Mendoza,3485,-32.945804,-60.6719397,Rosario,Echesortu,"3485, Mendoza, Echesortu, Distrito Centro, Rosario, Municipio de Rosario, Gran Rosario, Departamento Rosario, Santa Fe, 2002, Argentina"
Charcas,1148,-32.8625579,-60.7189916,Granadero Baigorria,San Miguel,"1148, Charcas, San Miguel, Granadero Baigorria, Municipio de Granadero Baigorria, Gran Rosario, Departamento Rosario, Santa Fe, 2152, Argentina"
Charcas,1304,-32.8621227,-60.7192371,Granadero Baigorria,San Miguel,"Charcas, San Miguel, Granadero Baigorria, Municipio de Granadero Baigorria, Gran Rosario, Departamento Rosario, Santa Fe, 2152, Argentina"
Amado Nervo,1327,-32.8558549,-60.724781,Granadero Baigorria,No especificado,"1327, Amado Nervo, Municipio de Granadero Baigorria, Gran Rosario, Departamento Rosario, Santa Fe, 2152, Argentina"
Asunción,1361,-32.8636147,-60.7269704,Granadero Baigorria,Nuestra Señora de La Paz,"Asunción, Nuestra Señora de La Paz, Municipio de Granadero Baigorria, Gran Rosario, Departamento Rosario, Santa Fe, 2152, Argentina"
Miguel Cané,1371,-32.8552666,-60.7259243,Granadero Baigorria,No especificado,"1371, Miguel Cane, Municipio de Granadero Baigorria, Gran Rosario, Departamento Rosario, Santa Fe, 2152, Argentina"
Ituzaingó,1931,-32.8542999,-60.7153,Granadero Baigorria,No especificado,"1931, Ituzaingó, Granadero Baigorria, Municipio de Granadero Baigorria, Gran Rosario, Departamento Rosario, Santa Fe, 2152, Argentina"
Calle 2,362,-32.8475189,-60.7105448,Granadero Baigorria,Los Robles,"Intendente Monti, Bon Vivant, Los Robles, Granadero Baigorria, Municipio de Granadero Baigorria, Gran Rosario, Departamento Rosario, Santa Fe, 2152, Argentina"
Montevideo,1354,-32.8630511,-60.7285633,Granadero Baigorria,Nuestra Señora de La Paz,"Montevideo, Nuestra Señora de La Paz, Municipio de Granadero Baigorria, Gran Rosario, Departamento Rosario, Santa Fe, 2152, Argentina"
La Cautiva,1363,-32.854526,-60.712589,Granadero Baigorria,Bon Vivant,"La Cautiva, Bon Vivant, Granadero Baigorria, Municipio de Granadero Baigorria, Gran Rosario, Departamento Rosario, Santa Fe, 2152, Argentina"
Boston,1309,-32.9342403,-60.6757597,Rosario,Luis Agote,"Boston, Luis Agote, Distrito Centro, Rosario, Municipio de Rosario, Gran Rosario, Departamento Rosario, Santa Fe, S2000, Argentina"
Chubut,2458,-32.8464562,-60.7058132,Granadero Baigorria,Bon Vivant,"2458, Chubut, Bon Vivant, Granadero Baigorria, Municipio de Granadero Baigorria, Gran Rosario, Departamento Rosario, Santa Fe, 2152, Argentina"
Amado Nervo,1328,-32.8558555,-60.7248051,Granadero Baigorria,No especificado,"1328, Amado Nervo, Municipio de Granadero Baigorria, Gran Rosario, Departamento Rosario, Santa Fe, 2152, Argentina"
Estanislao López,2121,-32.8535718,-60.7216348,Granadero Baigorria,No especificado,"2121, Estanislao López, Granadero Baigorria, Municipio de Granadero Baigorria, Gran Rosario, Departamento Rosario, Santa Fe, 2152, Argentina"
Spegazzini,1631,-32.8780676,-60.7021976,Rosario,La Florida,"Spegazzini, La Florida, Alberdi, Distrito Norte, Rosario, Municipio de Rosario, Gran Rosario, Departamento Rosario, Santa Fe, S2000, Argentina"
José Hernández,2050,-32.854586,-60.7225637,Granadero Baigorria,No especificado,"2050, José Hernández, Granadero Baigorria, Municipio de Granadero Baigorria, Gran Rosario, Departamento Rosario, Santa Fe, 2152, Argentina"
Mosconi,3503,-32.7270609,-60.7306742,San Lorenzo,Díaz Vélez,"3503, General Mosconi, Díaz Vélez, San Lorenzo, Municipio de San Lorenzo, Gran Rosario, Departamento San Lorenzo, Santa Fe, S2202ARC, Argentina"
Jujuy,2063,-32.8376724,-60.7047243,Granadero Baigorria,Santa Rita,"Jujuy Pasage, Santa Rita, Granadero Baigorria, Municipio de Granadero Baigorria, Gran Rosario, Departamento Rosario, Santa Fe, 2152, Argentina"
Eva Perón,59,-32.8579501,-60.7047705,Granadero Baigorria,Centro,"59, Eva Perón, Centro, Granadero Baigorria, Municipio de Granadero Baigorria, Gran Rosario, Departamento Rosario, Santa Fe, 2152, Argentina"
José Hernández,1879,-32.8560434,-60.7221415,Granadero Baigorria,No especificado,"1879, José Hernández, Granadero Baigorria, Municipio de Granadero Baigorria, Gran Rosario, Departamento Rosario, Santa Fe, 2152, Argentina"
Sucre,1070,-32.8680042,-60.7018455,Granadero Baigorria,Correo,"Sucre, Correo, Granadero Baigorria, Municipio de Granadero Baigorria, Gran Rosario, Departamento Rosario, Santa Fe, 2152, Argentina"
Ciudadela,154,-32.8714092,-60.7085485,Granadero Baigorria,Celedonio Escalada,"Ciudadela, La Floresta, Celedonio Escalada, Distrito Norte, Rosario, Granadero Baigorria, Municipio de Granadero Baigorria, Gran Rosario, Departamento Rosario, Santa Fe, 2152, Argentina"
Eva Perón,1426,-32.8583409,-60.7125263,Granadero Baigorria,San Miguel,"Eva Perón, San Miguel, Granadero Baigorria, Municipio de Granadero Baigorria, Gran Rosario, Departamento Rosario, Santa Fe, 2152, Argentina"
Orsetti,1002,-32.8657667,-60.7234822,Granadero Baigorria,San Miguel,"Juan C. Orsetti, San Miguel, Granadero Baigorria, Municipio de Granadero Baigorria, Gran Rosario, Departamento Rosario, Santa Fe, 2152, Argentina"
Los Ceibos,860,-32.8628986,-60.6957417,Granadero Baigorria,Los Naranjos,"860, Los Ceibos, Los Naranjos, Granadero Baigorria, Municipio de Granadero Baigorria, Gran Rosario, Departamento Rosario, Santa Fe, 2152, Argentina"
Silvestre Begnis,763,-32.8508863,-60.7189077,Granadero Baigorria,No especificado,"763, Avenida Silvestre Begnis, Granadero Baigorria, Municipio de Granadero Baigorria, Gran Rosario, Departamento Rosario, Santa Fe, 2152, Argentina"
Jujuy,3336,-32.8376724,-60.7047243,Granadero Baigorria,Santa Rita,"Jujuy Pasage, Santa Rita, Granadero Baigorria, Municipio de Granadero Baigorria, Gran Rosario, Departamento Rosario, Santa Fe, 2152, Argentina"
Lisandro de la Torre,12,-32.847227,-60.6989727,Granadero Baigorria,No especificado,"Avenida Lisandro de la Torre, Granadero Baigorria, Municipio de Granadero Baigorria, Gran Rosario, Departamento Rosario, Santa Fe, 2152, Argentina"
Pancho Ramírez,956,-32.8549222,-60.7204543,Granadero Baigorria,No especificado,"956, Pancho Ramírez, Granadero Baigorria, Municipio de Granadero Baigorria, Gran Rosario, Departamento Rosario, Santa Fe, 2152, Argentina"
Francia,977,-32.8602312,-60.7193781,Granadero Baigorria,San Miguel,"Pasaje Francia, San Miguel, Granadero Baigorria, Municipio de Granadero Baigorria, Gran Rosario, Departamento Rosario, Santa Fe, 2152, Argentina"
Namuncurá,933,-32.8554403,-60.7186713,Granadero Baigorria,No especificado,"933, Namuncurá, Granadero Baigorria, Municipio de Granadero Baigorria, Gran Rosario, Departamento Rosario, Santa Fe, 2152, Argentina"
Junín,2063,-32.8539428,-60.7200142,Granadero Baigorria,No especificado,"2063, Junín, Granadero Baigorria, Municipio de Granadero Baigorria, Gran Rosario, Departamento Rosario, Santa Fe, 2152, Argentina"
Jujuy,730,-32.8376724,-60.7047243,Granadero Baigorria,Santa Rita,"Jujuy Pasage, Santa Rita, Granadero Baigorria, Municipio de Granadero Baigorria, Gran Rosario, Departamento Rosario, Santa Fe, 2152, Argentina"
Pancho Ramírez,576,-32.8537103,-60.7151455,Granadero Baigorria,No especificado,"576, Pancho Ramírez, Granadero Baigorria, Municipio de Granadero Baigorria, Gran Rosario, Departamento Rosario, Santa Fe, 2152, Argentina"
Santa Fe,688,-32.8545669,-60.7136093,Granadero Baigorria,No especificado,"Avenida Santa Fe, Granadero Baigorria, Municipio de Granadero Baigorria, Gran Rosario, Departamento Rosario, Santa Fe, 2152, Argentina"
Alvear,168,-32.8598561,-60.7058447,Granadero Baigorria,Centro,"168, Alvear, Centro, Granadero Baigorria, Municipio de Granadero Baigorria, Gran Rosario, Departamento Rosario, Santa Fe, 2152, Argentina"
Los Olivos,3251,-32.8388398,-60.7038306,Granadero Baigorria,Santa Rita,"3251, Los Olivos, Santa Rita, Granadero Baigorria, Municipio de Granadero Baigorria, Gran Rosario, Departamento Rosario, Santa Fe, 2152, Argentina"
Calle 6,2443,-32.846139,-60.7081584,Granadero Baigorria,Los Robles,"2443, Crucero General Belgrano, Bon Vivant, Los Robles, Granadero Baigorria, Municipio de Granadero Baigorria, Gran Rosario, Departamento Rosario, Santa Fe, 2152, Argentina"
Las Orquídeas,48,-32.8356178,-60.7232311,Capitán Bermúdez,No especificado,"48, Las Orquideas, Capitán Bermudez, Municipio de Capitán Bermudez, Gran Rosario, Departamento San Lorenzo, Santa Fe, S2154, Argentina"
Quito,1648,-32.8622021,-60.7295548,Granadero Baigorria,Nuestra Señora de La Paz,"Quito, Nuestra Señora de La Paz, Municipio de Granadero Baigorria, Gran Rosario, Departamento Rosario, Santa Fe, 2152, Argentina"
Caracas,1633,-32.8626566,-60.7292412,Granadero Baigorria,Nuestra Señora de La Paz,"Caracas, Nuestra Señora de La Paz, Municipio de Granadero Baigorria, Gran Rosario, Departamento Rosario, Santa Fe, 2152, Argentina"
San Martín,84,-32.8711247,-60.6996508,Rosario,La Florida,"Avenida José de San Martín, La Florida, Celedonio Escalada, Distrito Norte, Rosario, Municipio de Rosario, Municipio de Granadero Baigorria, Gran Rosario, Departamento Rosario, Santa Fe, S2000, Argentina"
San Lorenzo,450,-32.8616732,-60.7074209,Granadero Baigorria,Centro,"San Lorenzo, Centro, Granadero Baigorria, Municipio de Granadero Baigorria, Gran Rosario, Departamento Rosario, Santa Fe, 2152, Argentina"
Calle 9,2452,-32.8465139,-60.7107965,Granadero Baigorria,Los Robles,"2452, Calle 9, Bon Vivant, Los Robles, Granadero Baigorria, Municipio de Granadero Baigorria, Gran Rosario, Departamento Rosario, Santa Fe, 2152, Argentina"
Namuncurá,458,-32.8541291,-60.7132794,Granadero Baigorria,No especificado,"458, Namuncurá, Granadero Baigorria, Municipio de Granadero Baigorria, Gran Rosario, Departamento Rosario, Santa Fe, 2152, Argentina"
Pavon,590,-32.9955844,-60.6343561,Rosario,General Las Heras,"Pavón, Villa Olímpica, General Las Heras, Distrito Sur, Rosario, Municipio de Rosario, Gran Rosario, Departamento Rosario, Santa Fe, S2000, Argentina"
Arenales,257,-32.8591719,-60.7075534,Granadero Baigorria,Centro,"257, Arenales, Centro, Granadero Baigorria, Municipio de Granadero Baigorria, Gran Rosario, Departamento Rosario, Santa Fe, 2152, Argentina"
Castelli,665,-32.888285,-60.9038598,Roldán,Beaudrix,"665, Castelli, Beaudrix, Roldán, Municipio de Roldán, Gran Rosario, Departamento San Lorenzo, Santa Fe, S2134, Argentina"
Junin,2063,-32.8539428,-60.7200142,Granadero Baigorria,No especificado,"2063, Junín, Granadero Baigorria, Municipio de Granadero Baigorria, Gran Rosario, Departamento Rosario, Santa Fe, 2152, Argentina"
Chubut,2450,-32.8465738,-60.7058074,Granadero Baigorria,Bon Vivant,"2450, Chubut, Bon Vivant, Granadero Baigorria, Municipio de Granadero Baigorria, Gran Rosario, Departamento Rosario, Santa Fe, 2152, Argentina"
Artigas,3134,-32.839678,-60.7120333,Granadero Baigorria,Los Robles,"Artigas, Los Robles, Granadero Baigorria, Municipio de Granadero Baigorria, Gran Rosario, Departamento Rosario, Santa Fe, 2152, Argentina"
Calle 10,2329,-32.8489792,-60.7109601,Granadero Baigorria,Los Robles,"2329, Calle 10, Bon Vivant, Los Robles, Granadero Baigorria, Municipio de Granadero Baigorria, Gran Rosario, Departamento Rosario, Santa Fe, 2152, Argentina"
Los Angeles,127,-33.0295721,-60.685649,Rosario,Tio Rolo,"Los Ángeles, Puente Gallego, Tio Rolo, Mercedes de San Martín, Rosario, Municipio de Rosario, Gran Rosario, Departamento Rosario, Santa Fe, S2000, Argentina"
Fresno,946,-32.9089407,-60.7331393,Rosario,7 de Septiembre,"Fresno, 7 de Septiembre, Larrea y Empalme Graneros, Distrito Noroeste, Rosario, Municipio de Rosario, Gran Rosario, Departamento Rosario, Santa Fe, S2000, Argentina"
Alfonsina Storni,1345,-32.8429718,-60.7223631,Granadero Baigorria,No especificado,"Alfonsina Storni, Municipio de Granadero Baigorria, Gran Rosario, Departamento Rosario, Santa Fe, 2152, Argentina"
Los Ceibos,860,-32.8628986,-60.6957417,Granadero Baigorria,Los Naranjos,"860, Los Ceibos, Los Naranjos, Granadero Baigorria, Municipio de Granadero Baigorria, Gran Rosario, Departamento Rosario, Santa Fe, 2152, Argentina"
Santa Fe,2050,-32.8545669,-60.7136093,Granadero Baigorria,No especificado,"Avenida Santa Fe, Granadero Baigorria, Municipio de Granadero Baigorria, Gran Rosario, Departamento Rosario, Santa Fe, 2152, Argentina"
Eva Peron,1377,-32.8590438,-60.730488,Granadero Baigorria,No especificado,"Eva Perón, Municipio de Granadero Baigorria, Gran Rosario, Departamento Rosario, Santa Fe, 2152, Argentina"
Navarro,933,-32.9318736,-60.7252067,Rosario,Antártida Argentina,"Navarro, Nueva Fisherton, Antártida Argentina, Distrito Noroeste, Rosario, Municipio de Rosario, Gran Rosario, Departamento Rosario, Santa Fe, S2000, Argentina"
Bouchard,3220,-32.8901746,-60.7231445,Rosario,Nuevo Alberdi,"Bulevar Bouchard, Nuevo Alberdi, La Cerámica y Cuyo, Distrito Norte, Rosario, Municipio de Rosario, Gran Rosario, Departamento Rosario, Santa Fe, S2000, Argentina"
Silvestre,3298,-32.851597,-60.7366804,Granadero Baigorria,No especificado,"Avenida Silvestre Begnis, Municipio de Granadero Baigorria, Gran Rosario, Departamento Rosario, Santa Fe, S2142, Argentina"
Avenida San Martin,418,-32.8711247,-60.6996508,Rosario,La Florida,"Avenida José de San Martín, La Florida, Celedonio Escalada, Distrito Norte, Rosario, Municipio de Rosario, Municipio de Granadero Baigorria, Gran Rosario, Departamento Rosario, Santa Fe, S2000, Argentina"
Santa Fe,1268,-32.8545669,-60.7136093,Granadero Baigorria,No especificado,"Avenida Santa Fe, Granadero Baigorria, Municipio de Granadero Baigorria, Gran Rosario, Departamento Rosario, Santa Fe, 2152, Argentina"
Orsetti,934,-32.8657511,-60.7222662,Granadero Baigorria,San Miguel,"Juan C. Orsetti, San Miguel, Granadero Baigorria, Municipio de Granadero Baigorria, Gran Rosario, Departamento Rosario, Santa Fe, 2152, Argentina"
Calle 10,2329,-32.8489792,-60.7109601,Granadero Baigorria,Los Robles,"2329, Calle 10, Bon Vivant, Los Robles, Granadero Baigorria, Municipio de Granadero Baigorria, Gran Rosario, Departamento Rosario, Santa Fe, 2152, Argentina"
Calle 11,2611,-32.8470821,-60.7125105,Granadero Baigorria,Los Robles,"Calle 11, Bon Vivant, Los Robles, Granadero Baigorria, Municipio de Granadero Baigorria, Gran Rosario, Departamento Rosario, Santa Fe, 2152, Argentina"
24 de Junio,522,-32.8424791,-60.7149208,Granadero Baigorria,Los Robles,"24 de Junio, Los Robles, Granadero Baigorria, Municipio de Granadero Baigorria, Gran Rosario, Departamento Rosario, Santa Fe, 2152, Argentina"
Palma,845,-32.9038797,-60.8917239,Roldán,El Troncal,"Di Palma, El Troncal, Roldán, Municipio de Roldán, Gran Rosario, Departamento San Lorenzo, Santa Fe, S2134, Argentina"
Bilbao,715,-32.9445704,-60.6496642,Rosario,Rosario Centro,"BBVA, 1935, Córdoba, Paseo del Siglo, Rosario Centro, Distrito Centro, Rosario, Municipio de Rosario, Gran Rosario, Departamento Rosario, Santa Fe, 2000, Argentina"
Paso,874,-32.9190802,-60.6760592,Rosario,Lisandro de la Torre,"874, Avenida Juan José Paso, Lisandro de la Torre, Distrito Norte, Rosario, Municipio de Rosario, Gran Rosario, Departamento Rosario, Santa Fe, S2000, Argentina"
Francia,977,-32.8602312,-60.7193781,Granadero Baigorria,San Miguel,"Pasaje Francia, San Miguel, Granadero Baigorria, Municipio de Granadero Baigorria, Gran Rosario, Departamento Rosario, Santa Fe, 2152, Argentina"
Coihue,915,-33.0872626,-60.6812681,Alvear,Santa Susana,"El Coihué, Santa Susana, Alvear, Municipio de Alvear, Gran Rosario, Departamento Rosario, Santa Fe, Argentina"
Franklin,1315,-32.8570567,-60.7247007,Granadero Baigorria,No especificado,"1315, Benjamín Franklin, Municipio de Granadero Baigorria, Gran Rosario, Departamento Rosario, Santa Fe, 2152, Argentina"
Marconi,1071,-32.8530915,-60.7228118,Granadero Baigorria,No especificado,"Marconi, Municipio de Granadero Baigorria, Gran Rosario, Departamento Rosario, Santa Fe, 2152, Argentina"
Camino Gomez,1794,-32.937867,-60.768452,Rosario,Antártida Argentina,"Avenida Cañada De Gómez, Los Pasos Golf, Antártida Argentina, Distrito Noroeste, Rosario, Municipio de Rosario, Gran Rosario, Departamento Rosario, Santa Fe, S2000, Argentina"
Camino Gomez,1070,-32.9353021,-60.7628763,Rosario,Antártida Argentina,"Avenida Cañada De Gómez, Antártida Argentina, Distrito Noroeste, Rosario, Municipio de Rosario, Gran Rosario, Departamento Rosario, Santa Fe, S2000, Argentina"
Camino Gomez,1794,-32.937867,-60.768452,Rosario,Antártida Argentina,"Avenida Cañada De Gómez, Los Pasos Golf, Antártida Argentina, Distrito Noroeste, Rosario, Municipio de Rosario, Gran Rosario, Departamento Rosario, Santa Fe, S2000, Argentina"
Jorge Newbery,33,-32.8564567,-60.725282,Granadero Baigorria,No especificado,"Jorge Newbery, Municipio de Granadero Baigorria, Gran Rosario, Departamento Rosario, Santa Fe, 2152, Argentina"
Vecinal,633,-32.848978,-60.7017039,Granadero Baigorria,Santa Rita,"Asociación Vecinal Unión y Amistad, 2292, El Rosedal, Santa Rita, Granadero Baigorria, Municipio de Granadero Baigorria, Gran Rosario, Departamento Rosario, Santa Fe, 2152, Argentina"
Las Piedras,258,-32.8684829,-60.7050892,Granadero Baigorria,Correo,"Las Piedras, Correo, Granadero Baigorria, Municipio de Granadero Baigorria, Gran Rosario, Departamento Rosario, Santa Fe, 2152, Argentina"
Pasaje Arroyito,188,-32.9177739,-60.69208,Rosario,Lisandro de la Torre,"Pasaje 703, La Travesía, Lisandro de la Torre, Distrito Norte, Rosario, Municipio de Rosario, Gran Rosario, Departamento Rosario, Santa Fe, S2000, Argentina"
Arequipa,2180,-32.8734261,-60.7302279,Rosario,Celedonio Escalada,"Arequipa, Celedonio Escalada, Distrito Norte, Rosario, Municipio de Rosario, Gran Rosario, Departamento Rosario, Santa Fe, S2000, Argentina"
Calle 12,2408,-32.8478538,-60.7131524,Granadero Baigorria,Los Robles,"2408, Calle 12, Bon Vivant, Los Robles, Granadero Baigorria, Municipio de Granadero Baigorria, Gran Rosario, Departamento Rosario, Santa Fe, 2152, Argentina"
Calle 9,2611,-32.8436991,-60.711635,Granadero Baigorria,Los Robles,"2611, Calle 9, Bon Vivant, Los Robles, Granadero Baigorria, Municipio de Granadero Baigorria, Gran Rosario, Departamento Rosario, Santa Fe, 2152, Argentina"
Maipo,2349,-32.8536332,-60.718749,Granadero Baigorria,No especificado,"Maipo, Granadero Baigorria, Municipio de Granadero Baigorria, Gran Rosario, Departamento Rosario, Santa Fe, 2152, Argentina"
Acuña,1163,-32.9536422,-60.7011557,Rosario,Villa Urquiza,"Acuña, Villa Urquiza, Distrito Oeste, Municipio de Rosario, Gran Rosario, Departamento Rosario, Santa Fe, S2000, Argentina"
Astrada,884,-32.7393794,-60.7366117,San Lorenzo,Alem,"884, Berón de Astrada, Alem, San Lorenzo, Municipio de San Lorenzo, Gran Rosario, Departamento San Lorenzo, Santa Fe, 2200, Argentina"
Perito Moreno,566,-32.85195,-60.7156023,Granadero Baigorria,No especificado,"566, Perito Moreno, Granadero Baigorria, Municipio de Granadero Baigorria, Gran Rosario, Departamento Rosario, Santa Fe, 2152, Argentina"
Misiones,3220,-32.8434284,-60.6984366,Granadero Baigorria,Santa Rita,"Misiones, Santa Rita, Granadero Baigorria, Municipio de Granadero Baigorria, Gran Rosario, Departamento Rosario, Santa Fe, 2152, Argentina"
Santa Fe,2068,-32.8545638,-60.7135316,Granadero Baigorria,No especificado,"Avenida Santa Fe, Granadero Baigorria, Municipio de Granadero Baigorria, Gran Rosario, Departamento Rosario, Santa Fe, 2152, Argentina"
Perito Moreno,625,-32.8521843,-60.7165983,Granadero Baigorria,No especificado,"625, Perito Moreno, Granadero Baigorria, Municipio de Granadero Baigorria, Gran Rosario, Departamento Rosario, Santa Fe, 2152, Argentina"
Benítez,1065,-32.9656306,-60.7202348,Rosario,Godoy,"Benitez, Godoy, Rosario, Municipio de Rosario, Gran Rosario, Departamento Rosario, Santa Fe, S2000, Argentina"
Buenos Aires,1215,-32.8605166,-60.7093914,Granadero Baigorria,Centro,"1215, Avenida Buenos Aires, Centro, Granadero Baigorria, Municipio de Granadero Baigorria, Gran Rosario, Departamento Rosario, Santa Fe, 2152, Argentina"
William,1787,-32.9332677,-60.6471107,Rosario,Rosario Centro,"Avenida Guillermo Wheelwright, Rosario Centro, Distrito Centro, Rosario, Municipio de Rosario, Gran Rosario, Departamento Rosario, Santa Fe, S2000, Argentina"
Mansilla,816,-32.8516099,-60.718233,Granadero Baigorria,No especificado,"816, Lucio V. Mansilla, Granadero Baigorria, Municipio de Granadero Baigorria, Gran Rosario, Departamento Rosario, Santa Fe, 2152, Argentina"
Mansilla,744,-32.8515018,-60.7179181,Granadero Baigorria,No especificado,"Lucio V. Mansilla, Granadero Baigorria, Municipio de Granadero Baigorria, Gran Rosario, Departamento Rosario, Santa Fe, 2152, Argentina"
Agrelo,2570,-32.889057,-60.6925278,Rosario,Alberdi,"2570, Pedro José Agrelo, Alberdi, Distrito Norte, Rosario, Municipio de Rosario, Gran Rosario, Departamento Rosario, Santa Fe, S2000, Argentina"
Franklin,1305,-32.8570535,-60.7245353,Granadero Baigorria,No especificado,"1305, Benjamín Franklin, Municipio de Granadero Baigorria, Gran Rosario, Departamento Rosario, Santa Fe, 2152, Argentina"
Miguel Cané,1353,-32.8552501,-60.7254,Granadero Baigorria,No especificado,"1353, Miguel Cane, Municipio de Granadero Baigorria, Gran Rosario, Departamento Rosario, Santa Fe, 2152, Argentina"
Colombres,1052,-32.9403114,-60.7294565,Rosario,Antártida Argentina,"1052, José Colombres, Antártida Argentina, Distrito Noroeste, Rosario, Municipio de Rosario, Gran Rosario, Departamento Rosario, Santa Fe, S2000, Argentina"
Díaz Vélez,1391,-32.8590172,-60.7219455,Granadero Baigorria,San Miguel,"Díaz Vélez bis, San Miguel, Granadero Baigorria, Municipio de Granadero Baigorria, Gran Rosario, Departamento Rosario, Santa Fe, 2152, Argentina"
San Martín,1283,-32.858401,-60.7035787,Granadero Baigorria,Centro,"1283, Avenida José de San Martín, Centro, Granadero Baigorria, Municipio de Granadero Baigorria, Gran Rosario, Departamento Rosario, Santa Fe, 2152, Argentina"
Calle 10,2255,-32.8500599,-60.710629,Granadero Baigorria,Los Robles,"2255, Calle 10, Bon Vivant, Los Robles, Granadero Baigorria, Municipio de Granadero Baigorria, Gran Rosario, Departamento Rosario, Santa Fe, 2152, Argentina"
Juan B. Justo,219,-32.85937,-60.7000344,Granadero Baigorria,El Paraíso,"219, Juan B. Justo, El Paraíso, Granadero Baigorria, Municipio de Granadero Baigorria, Gran Rosario, Departamento Rosario, Santa Fe, 2152, Argentina"
Calle 12,2342,-32.8491391,-60.7127462,Granadero Baigorria,Los Robles,"2342, Calle 12, Bon Vivant, Los Robles, Granadero Baigorria, Municipio de Granadero Baigorria, Gran Rosario, Departamento Rosario, Santa Fe, 2152, Argentina"
Calle 12,2409,-32.8478372,-60.713157,Granadero Baigorria,Los Robles,"2409, Calle 12, Bon Vivant, Los Robles, Granadero Baigorria, Municipio de Granadero Baigorria, Gran Rosario, Departamento Rosario, Santa Fe, 2152, Argentina"
Jujuy,3336,-32.8376724,-60.7047243,Granadero Baigorria,Santa Rita,"Jujuy Pasage, Santa Rita, Granadero Baigorria, Municipio de Granadero Baigorria, Gran Rosario, Departamento Rosario, Santa Fe, 2152, Argentina"
Calle 13,62,-32.847947,-60.7141939,Granadero Baigorria,Los Robles,"Calle 13, Los Robles, Granadero Baigorria, Municipio de Granadero Baigorria, Gran Rosario, Departamento Rosario, Santa Fe, 2152, Argentina"
Perito Moreno,651,-32.852274,-60.7169463,Granadero Baigorria,No especificado,"651, Perito Moreno, Granadero Baigorria, Municipio de Granadero Baigorria, Gran Rosario, Departamento Rosario, Santa Fe, 2152, Argentina"
Baigorria,756,-32.8583562,-60.7074002,Granadero Baigorria,Centro,"Hierros Baigorria, Centro, Granadero Baigorria, Municipio de Granadero Baigorria, Gran Rosario, Departamento Rosario, Santa Fe, 2152, Argentina"
Ibarlucea,1956,-32.8408161,-60.7029872,Granadero Baigorria,Los Robles,"Juan Manuel Ibarlucea, Los Robles, Granadero Baigorria, Municipio de Granadero Baigorria, Gran Rosario, Departamento Rosario, Santa Fe, 2152, Argentina"
Eva Perón,1530,-32.858654,-60.7204112,Granadero Baigorria,San Miguel,"Eva Perón, San Miguel, Granadero Baigorria, Municipio de Granadero Baigorria, Gran Rosario, Departamento Rosario, Santa Fe, 2152, Argentina"
Güemes,1538,-32.8394751,-60.7033113,Granadero Baigorria,Santa Rita,"Martin Güemes, Santa Rita, Granadero Baigorria, Municipio de Granadero Baigorria, Gran Rosario, Departamento Rosario, Santa Fe, 2152, Argentina"
Ituzaingó,1956,-32.8541138,-60.7153671,Granadero Baigorria,No especificado,"1956, Ituzaingó, Granadero Baigorria, Municipio de Granadero Baigorria, Gran Rosario, Departamento Rosario, Santa Fe, 2152, Argentina"
Nicaragua,762,-32.8650913,-60.7319631,Granadero Baigorria,No especificado,"Nicaragua, Gran Habitat, Granadero Baigorria, Municipio de Granadero Baigorria, Gran Rosario, Departamento Rosario, Santa Fe, 2152, Argentina"
Cerrito,657,-32.9630342,-60.6359668,Rosario,República de la Sexta,"657, Cerrito, República de la Sexta, Distrito Centro, Rosario, Municipio de Rosario, Gran Rosario, Departamento Rosario, Santa Fe, 2000, Argentina"
Santa Fe,2050,-32.8545669,-60.7136093,Granadero Baigorria,No especificado,"Avenida Santa Fe, Granadero Baigorria, Municipio de Granadero Baigorria, Gran Rosario, Departamento Rosario, Santa Fe, 2152, Argentina"
Calle 1,362,-32.850047,-60.7128305,Granadero Baigorria,Los Robles,"362, Intendente Sorigotti, Bon Vivant, Los Robles, Granadero Baigorria, Municipio de Granadero Baigorria, Gran Rosario, Departamento Rosario, Santa Fe, 2152, Argentina"
Calle 10,2572,-32.8445278,-60.7122952,Granadero Baigorria,Los Robles,"2572, Calle 10, Bon Vivant, Los Robles, Granadero Baigorria, Municipio de Granadero Baigorria, Gran Rosario, Departamento Rosario, Santa Fe, 2152, Argentina"
Dorrego,224,-32.842855,-60.7142063,Granadero Baigorria,Los Robles,"Coronel Dorrego, Los Robles, Granadero Baigorria, Municipio de Granadero Baigorria, Gran Rosario, Departamento Rosario, Santa Fe, 2152, Argentina"
6 de Enero,371,-32.8367167,-60.7153346,Granadero Baigorria,Los Robles,"8 de Enero, Los Robles, Granadero Baigorria, Municipio de Granadero Baigorria, Gran Rosario, Departamento Rosario, Santa Fe, 2152, Argentina"
Los Aromos,2164,-32.86326,-60.6922996,Granadero Baigorria,Los Naranjos,"Los Aromos, Los Naranjos, Granadero Baigorria, Municipio de Granadero Baigorria, Gran Rosario, Departamento Rosario, Santa Fe, 2152, Argentina"
Mateo,2856,-32.938983,-60.7536596,Rosario,Los Unidos,"Mateo Booz, Los Unidos, Antártida Argentina, Distrito Noroeste, Rosario, Municipio de Rosario, Gran Rosario, Departamento Rosario, Santa Fe, S2000, Argentina"
Eva Perón,1530,-32.858654,-60.7204112,Granadero Baigorria,San Miguel,"Eva Perón, San Miguel, Granadero Baigorria, Municipio de Granadero Baigorria, Gran Rosario, Departamento Rosario, Santa Fe, 2152, Argentina"
Ameghino,1062,-32.8665658,-60.7037857,Granadero Baigorria,Correo,"Ameghino, Correo, Granadero Baigorria, Municipio de Granadero Baigorria, Gran Rosario, Departamento Rosario, Santa Fe, 2152, Argentina"
Mitre,1269,-32.8619612,-60.7236737,Granadero Baigorria,San Miguel,"1269, Mitre, San Miguel, Granadero Baigorria, Municipio de Granadero Baigorria, Gran Rosario, Departamento Rosario, Santa Fe, 2152, Argentina"
Callao,1340,-32.8611704,-60.7228978,Granadero Baigorria,San Miguel,"1340, Callao, San Miguel, Granadero Baigorria, Municipio de Granadero Baigorria, Gran Rosario, Departamento Rosario, Santa Fe, 2152, Argentina"
Viña del Mar,1399,-33.0290534,-60.6859832,Rosario,Tio Rolo,"Viña del Mar, Puente Gallego, Tio Rolo, Mercedes de San Martín, Rosario, Municipio de Rosario, Gran Rosario, Departamento Rosario, Santa Fe, S2000, Argentina"
Las Heras,232,-32.8625197,-60.716599,Granadero Baigorria,San Miguel,"Las Heras, San Miguel, Granadero Baigorria, Municipio de Granadero Baigorria, Gran Rosario, Departamento Rosario, Santa Fe, 2152, Argentina"
Jujuy,1161,-32.8376724,-60.7047243,Granadero Baigorria,Santa Rita,"Jujuy Pasage, Santa Rita, Granadero Baigorria, Municipio de Granadero Baigorria, Gran Rosario, Departamento Rosario, Santa Fe, 2152, Argentina"
Belgrano,253,-32.8647049,-60.7055349,Granadero Baigorria,Centro,"253, Belgrano, Centro, Granadero Baigorria, Municipio de Granadero Baigorria, Gran Rosario, Departamento Rosario, Santa Fe, 2152, Argentina"
Roca,2504,-32.8382514,-60.7037792,Granadero Baigorria,Santa Rita,"Julio A. Roca, Santa Rita, Granadero Baigorria, Municipio de Granadero Baigorria, Gran Rosario, Departamento Rosario, Santa Fe, 2152, Argentina"
Irigoyen,244,-32.8457063,-60.7058632,Granadero Baigorria,Bon Vivant,"244, Hipólito Irigoyen, Bon Vivant, Granadero Baigorria, Municipio de Granadero Baigorria, Gran Rosario, Departamento Rosario, Santa Fe, 2152, Argentina"
Mendoza,1943,-32.9495104,-60.6511293,Rosario,Rosario Centro,"1943, Mendoza, Rosario Centro, Distrito Centro, Rosario, Municipio de Rosario, Gran Rosario, Departamento Rosario, Santa Fe, 2000, Argentina"
Perón,726,-32.8584327,-60.7160166,Granadero Baigorria,San Miguel,"726, Eva Perón, San Miguel, Granadero Baigorria, Municipio de Granadero Baigorria, Gran Rosario, Departamento Rosario, Santa Fe, 2152, Argentina"
Aconquija,73,-32.9113283,-60.8684511,Roldán,Mi Sosiego,"73, Aconquija, Mi Sosiego, Roldán, Municipio de Roldán, Gran Rosario, Departamento San Lorenzo, Santa Fe, S2134, Argentina"
Estrada,3575,-32.857777,-60.6967242,Granadero Baigorria,El Paraíso,"José Manuel Estrada, El Paraíso, Granadero Baigorria, Municipio de Granadero Baigorria, Gran Rosario, Departamento Rosario, Santa Fe, 2152, Argentina"
Liniers,2258,-32.8518829,-60.7179436,Granadero Baigorria,No especificado,"2258, Liniers, Granadero Baigorria, Municipio de Granadero Baigorria, Gran Rosario, Departamento Rosario, Santa Fe, 2152, Argentina"
Maipú,1356,-32.9538894,-60.637096,Rosario,Rosario Centro,"1356, Maipú, Rosario Centro, Distrito Centro, Rosario, Municipio de Rosario, Gran Rosario, Departamento Rosario, Santa Fe, 2000, Argentina"
Artigas,3134,-32.839678,-60.7120333,Granadero Baigorria,Los Robles,"Artigas, Los Robles, Granadero Baigorria, Municipio de Granadero Baigorria, Gran Rosario, Departamento Rosario, Santa Fe, 2152, Argentina"
Calle 2,69,-32.8475189,-60.7105448,Granadero Baigorria,Los Robles,"Intendente Monti, Bon Vivant, Los Robles, Granadero Baigorria, Municipio de Granadero Baigorria, Gran Rosario, Departamento Rosario, Santa Fe, 2152, Argentina"
La Cautiva,1743,-32.8553582,-60.7123894,Granadero Baigorria,Bon Vivant,"1743, La Cautiva, Bon Vivant, Granadero Baigorria, Municipio de Granadero Baigorria, Gran Rosario, Departamento Rosario, Santa Fe, 2152, Argentina"
Los Álamos,2428,-32.8718463,-60.7408478,Ibarlucea,Logaritmo,"Los Álamos, Logaritmo, Ybarlucea, Municipio de Ybarlucea, Gran Rosario, Departamento Rosario, Santa Fe, S2142, Argentina"
Calle 12,2447,-32.8472062,-60.7133344,Granadero Baigorria,Los Robles,"2447, Calle 12, Bon Vivant, Los Robles, Granadero Baigorria, Municipio de Granadero Baigorria, Gran Rosario, Departamento Rosario, Santa Fe, 2152, Argentina"
Belgrano,1074,-32.8645038,-60.7048614,Granadero Baigorria,Centro,"Belgrano, Centro, Granadero Baigorria, Municipio de Granadero Baigorria, Gran Rosario, Departamento Rosario, Santa Fe, 2152, Argentina"
Beruti,1065,-32.8616732,-60.7204182,Granadero Baigorria,San Miguel,"1065, Pasaje Beruti, San Miguel, Granadero Baigorria, Municipio de Granadero Baigorria, Gran Rosario, Departamento Rosario, Santa Fe, 2152, Argentina"
Belgrano,749,-32.8645038,-60.7048614,Granadero Baigorria,Centro,"Belgrano, Centro, Granadero Baigorria, Municipio de Granadero Baigorria, Gran Rosario, Departamento Rosario, Santa Fe, 2152, Argentina"
Agrelo,2570,-32.889057,-60.6925278,Rosario,Alberdi,"2570, Pedro José Agrelo, Alberdi, Distrito Norte, Rosario, Municipio de Rosario, Gran Rosario, Departamento Rosario, Santa Fe, S2000, Argentina"
Moreno,328,-32.8637697,-60.7071998,Granadero Baigorria,Centro,"328, Moreno, Centro, Granadero Baigorria, Municipio de Granadero Baigorria, Gran Rosario, Departamento Rosario, Santa Fe, 2152, Argentina"
Brown,1173,-32.8603935,-60.7226214,Granadero Baigorria,San Miguel,"1173, Almirante Brown, San Miguel, Granadero Baigorria, Municipio de Granadero Baigorria, Gran Rosario, Departamento Rosario, Santa Fe, 2152, Argentina"
Balcarce,1074,-32.8644275,-60.71959,Granadero Baigorria,San Miguel,"1074, Balcarce, San Miguel, Granadero Baigorria, Municipio de Granadero Baigorria, Gran Rosario, Departamento Rosario, Santa Fe, 2152, Argentina"
Callao,1052,-32.8644043,-60.7217203,Granadero Baigorria,San Miguel,"1052, Callao, San Miguel, Granadero Baigorria, Municipio de Granadero Baigorria, Gran Rosario, Departamento Rosario, Santa Fe, 2152, Argentina"
Calle 11,2337,-32.8490361,-60.7118779,Granadero Baigorria,Los Robles,"2337, Calle 11, Bon Vivant, Los Robles, Granadero Baigorria, Municipio de Granadero Baigorria, Gran Rosario, Departamento Rosario, Santa Fe, 2152, Argentina"
Nansen,762,-32.9226172,-60.674399,Rosario,Islas Malvinas,"762, Pasaje Don Orione, Islas Malvinas, Distrito Norte, Rosario, Municipio de Rosario, Gran Rosario, Departamento Rosario, Santa Fe, S2000, Argentina"
Matheu,2149,-32.8892344,-60.7318528,Rosario,La Cerámica y Cuyo,"Matheu, Nuevo Alberdi Oeste, La Cerámica y Cuyo, Distrito Norte, Rosario, Municipio de Rosario, Gran Rosario, Departamento Rosario, Santa Fe, S2000, Argentina"
Moreno,3590,-32.8633748,-60.7052683,Granadero Baigorria,Centro,"Moreno, Centro, Granadero Baigorria, Municipio de Granadero Baigorria, Gran Rosario, Departamento Rosario, Santa Fe, 2152, Argentina"
Moreno,3444,-32.8633748,-60.7052683,Granadero Baigorria,Centro,"Moreno, Centro, Granadero Baigorria, Municipio de Granadero Baigorria, Gran Rosario, Departamento Rosario, Santa Fe, 2152, Argentina"
Baigorria,3471,-32.8583562,-60.7074002,Granadero Baigorria,Centro,"Hierros Baigorria, Centro, Granadero Baigorria, Municipio de Granadero Baigorria, Gran Rosario, Departamento Rosario, Santa Fe, 2152, Argentina"
Paso,965,-32.9192501,-60.6772099,Rosario,Lisandro de la Torre,"965, Avenida Juan José Paso, Lisandro de la Torre, Distrito Norte, Rosario, Municipio de Rosario, Gran Rosario, Departamento Rosario, Santa Fe, S2000, Argentina"
Los Alerces,8169,-32.8501629,-60.7188567,Granadero Baigorria,No especificado,"Los Alerces, Granadero Baigorria, Municipio de Granadero Baigorria, Gran Rosario, Departamento Rosario, Santa Fe, 2152, Argentina"
Las Acacias,8140,-32.8668868,-60.7289575,Ibarlucea,Autostrada,"8140, Las Acacias, Autostrada, Ybarlucea, Municipio de Ybarlucea, Gran Rosario, Departamento Rosario, Santa Fe, S2142, Argentina"
Canals,730,-32.9901982,-60.6440459,Rosario,General Las Heras,"730, Juan Canals, Villa Olímpica, General Las Heras, Distrito Sur, Rosario, Municipio de Rosario, Gran Rosario, Departamento Rosario, Santa Fe, S2000, Argentina"
Los Pinos,3212,-32.8515984,-60.7034819,Granadero Baigorria,Los Pinos,"Los Pinos, Granadero Baigorria, Municipio de Granadero Baigorria, Gran Rosario, Departamento Rosario, Santa Fe, 2152, Argentina"
Paso,839,-32.9192092,-60.6756733,Rosario,Lisandro de la Torre,"839, Avenida Juan José Paso, Lisandro de la Torre, Distrito Norte, Rosario, Municipio de Rosario, Gran Rosario, Departamento Rosario, Santa Fe, S2000, Argentina"
Los Aromos,3381,-32.86326,-60.6922996,Granadero Baigorria,Los Naranjos,"Los Aromos, Los Naranjos, Granadero Baigorria, Municipio de Granadero Baigorria, Gran Rosario, Departamento Rosario, Santa Fe, 2152, Argentina"
Calle 1,261,-32.8494882,-60.7102497,Granadero Baigorria,Los Robles,"261, Intendente Sorigotti, Bon Vivant, Los Robles, Granadero Baigorria, Municipio de Granadero Baigorria, Gran Rosario, Departamento Rosario, Santa Fe, 2152, Argentina"
Calle 1,262,-32.8494909,-60.7102623,Granadero Baigorria,Los Robles,"262, Intendente Sorigotti, Bon Vivant, Los Robles, Granadero Baigorria, Municipio de Granadero Baigorria, Gran Rosario, Departamento Rosario, Santa Fe, 2152, Argentina"
Calle 12,2580,-32.8474934,-60.713347,Granadero Baigorria,Los Robles,"Calle 12, Bon Vivant, Los Robles, Granadero Baigorria, Municipio de Granadero Baigorria, Gran Rosario, Departamento Rosario, Santa Fe, 2152, Argentina"
García Lorca,1676,-32.8577907,-60.7258976,Granadero Baigorria,No especificado,"1676, Federico García Lorca, Municipio de Granadero Baigorria, Gran Rosario, Departamento Rosario, Santa Fe, 2152, Argentina"
Callao,2136,-32.8534379,-60.7223596,Granadero Baigorria,No especificado,"2136, Callao, Granadero Baigorria, Municipio de Granadero Baigorria, Gran Rosario, Departamento Rosario, Santa Fe, 2152, Argentina"
Carriego,1077,-32.8612234,-60.7138106,Granadero Baigorria,San Miguel,"Pasaje E. Carriego, San Miguel, Granadero Baigorria, Municipio de Granadero Baigorria, Gran Rosario, Departamento Rosario, Santa Fe, 2152, Argentina"
Estanislao López,2128,-32.8534909,-60.7216606,Granadero Baigorria,No especificado,"2128, Estanislao López, Granadero Baigorria, Municipio de Granadero Baigorria, Gran Rosario, Departamento Rosario, Santa Fe, 2152, Argentina"
Estanislao López,2150,-32.8532365,-60.721742,Granadero Baigorria,No especificado,"2150, Estanislao López, Granadero Baigorria, Municipio de Granadero Baigorria, Gran Rosario, Departamento Rosario, Santa Fe, 2152, Argentina"
José Ingenieros,1998,-32.8481077,-60.7016804,Granadero Baigorria,Bon Vivant,"José Ingenieros, Bon Vivant, Granadero Baigorria, Municipio de Granadero Baigorria, Gran Rosario, Departamento Rosario, Santa Fe, 2152, Argentina"
Belgrano,623,-32.8645038,-60.7048614,Granadero Baigorria,Centro,"Belgrano, Centro, Granadero Baigorria, Municipio de Granadero Baigorria, Gran Rosario, Departamento Rosario, Santa Fe, 2152, Argentina"
Belgrano,818,-32.8645038,-60.7048614,Granadero Baigorria,Centro,"Belgrano, Centro, Granadero Baigorria, Municipio de Granadero Baigorria, Gran Rosario, Departamento Rosario, Santa Fe, 2152, Argentina"
Dorrego,2713,-32.842855,-60.7142063,Granadero Baigorria,Los Robles,"Coronel Dorrego, Los Robles, Granadero Baigorria, Municipio de Granadero Baigorria, Gran Rosario, Departamento Rosario, Santa Fe, 2152, Argentina"
Los Aromos,3300,-32.86326,-60.6922996,Granadero Baigorria,Los Naranjos,"Los Aromos, Los Naranjos, Granadero Baigorria, Municipio de Granadero Baigorria, Gran Rosario, Departamento Rosario, Santa Fe, 2152, Argentina"
Calle 1,362,-32.850047,-60.7128305,Granadero Baigorria,Los Robles,"362, Intendente Sorigotti, Bon Vivant, Los Robles, Granadero Baigorria, Municipio de Granadero Baigorria, Gran Rosario, Departamento Rosario, Santa Fe, 2152, Argentina"
Maipú,744,-32.946563,-60.6351355,Rosario,Rosario Centro,"744, Maipú, Rosario Centro, Distrito Centro, Rosario, Municipio de Rosario, Gran Rosario, Departamento Rosario, Santa Fe, 2000, Argentina"
Maipú,1630,-32.9569679,-60.6379632,Rosario,Rosario Centro,"1630, Maipú, Paseo Pellegrini, Rosario Centro, Distrito Centro, Rosario, Municipio de Rosario, Gran Rosario, Departamento Rosario, Santa Fe, 2000, Argentina"
Colón,1840,-32.839909,-60.7106958,Granadero Baigorria,Los Robles,"Cristobal Colón, Los Robles, Granadero Baigorria, Municipio de Granadero Baigorria, Gran Rosario, Departamento Rosario, Santa Fe, 2152, Argentina"
Estanislao López,1906,-32.8556754,-60.7207894,Granadero Baigorria,No especificado,"1906, Estanislao López, Granadero Baigorria, Municipio de Granadero Baigorria, Gran Rosario, Departamento Rosario, Santa Fe, 2152, Argentina"
Chacabuco,1128,-32.8607889,-60.7059979,Granadero Baigorria,Centro,"1128, Chacabuco, Centro, Granadero Baigorria, Municipio de Granadero Baigorria, Gran Rosario, Departamento Rosario, Santa Fe, 2152, Argentina"
Maipú,2349,-32.9652712,-60.6399405,Rosario,República de la Sexta,"2349, Maipú, República de la Sexta, Distrito Centro, Rosario, Municipio de Rosario, Gran Rosario, Departamento Rosario, Santa Fe, 2000, Argentina"
Riobamba,3229,-32.9578409,-60.671614,Rosario,Rosario Centro,"3229, Riobamba, Rosario Centro, Cinco Esquinas, Distrito Oeste, Municipio de Rosario, Gran Rosario, Departamento Rosario, Santa Fe, 2003, Argentina"
Av. Andrés,3299,-32.8624336,-60.6971448,Granadero Baigorria,Los Naranjos,"Avenida Andrés Vietti, Los Naranjos, Granadero Baigorria, Municipio de Granadero Baigorria, Gran Rosario, Departamento Rosario, Santa Fe, 2152, Argentina"
12 de Octubre,310,-32.8405771,-60.7105464,Granadero Baigorria,Los Robles,"12 de Octubre, Los Robles, Granadero Baigorria, Municipio de Granadero Baigorria, Gran Rosario, Departamento Rosario, Santa Fe, 2152, Argentina"
Paso,709,-32.9191728,-60.6743553,Rosario,Lisandro de la Torre,"709, Avenida Juan José Paso, Lisandro de la Torre, Distrito Norte, Rosario, Municipio de Rosario, Gran Rosario, Departamento Rosario, Santa Fe, S2000, Argentina"
Buenos Aires,706,-32.8653332,-60.7082512,Granadero Baigorria,Correo,"Avenida Buenos Aires, Correo, Granadero Baigorria, Municipio de Granadero Baigorria, Gran Rosario, Departamento Rosario, Santa Fe, 2152, Argentina"
Jujuy,2109,-32.8376724,-60.7047243,Granadero Baigorria,Santa Rita,"Jujuy Pasage, Santa Rita, Granadero Baigorria, Municipio de Granadero Baigorria, Gran Rosario, Departamento Rosario, Santa Fe, 2152, Argentina"
Mitre,1094,-32.8611585,-60.7210201,Granadero Baigorria,San Miguel,"1094, Mitre, San Miguel, Granadero Baigorria, Municipio de Granadero Baigorria, Gran Rosario, Departamento Rosario, Santa Fe, 2152, Argentina"
Guayaquil,1441,-32.88385,-60.6937982,Rosario,La Florida,"Guayaquil, La Florida, Alberdi, Distrito Norte, Rosario, Municipio de Rosario, Gran Rosario, Departamento Rosario, Santa Fe, S2000, Argentina"
Los Álamos,269,-32.9276739,-60.7910671,Funes,Los Solares,"269, Los Álamos, Los Solares, Zona 4, Funes, Municipio de Funes, Gran Rosario, Departamento Rosario, Santa Fe, S2132, Argentina"
Santiago,1216,-32.8634672,-60.7276944,Granadero Baigorria,Nuestra Señora de La Paz,"Pasaje Santiago, Nuestra Señora de La Paz, Municipio de Granadero Baigorria, Gran Rosario, Departamento Rosario, Santa Fe, 2152, Argentina"
Santiago,1316,-32.8634672,-60.7276944,Granadero Baigorria,Nuestra Señora de La Paz,"Pasaje Santiago, Nuestra Señora de La Paz, Municipio de Granadero Baigorria, Gran Rosario, Departamento Rosario, Santa Fe, 2152, Argentina"
Calle 1,302,-32.849655,-60.7110548,Granadero Baigorria,Los Robles,"302, Intendente Sorigotti, Bon Vivant, Los Robles, Granadero Baigorria, Municipio de Granadero Baigorria, Gran Rosario, Departamento Rosario, Santa Fe, 2152, Argentina"
Calle 12,2349,-32.8490192,-60.7127827,Granadero Baigorria,Los Robles,"2349, Calle 12, Bon Vivant, Los Robles, Granadero Baigorria, Municipio de Granadero Baigorria, Gran Rosario, Departamento Rosario, Santa Fe, 2152, Argentina"
Pellegrini,88,-32.9597456,-60.6265913,Rosario,Rosario Centro,"88, Avenida Carlos Pellegrini, Rosario Centro, Distrito Centro, Rosario, Municipio de Rosario, Gran Rosario, Departamento Rosario, Santa Fe, 2000, Argentina"
Almirante Brown,60,-32.8598714,-60.7206137,Granadero Baigorria,San Miguel,"Almirante Brown, San Miguel, Granadero Baigorria, Municipio de Granadero Baigorria, Gran Rosario, Departamento Rosario, Santa Fe, 2152, Argentina"
Granaderos,132,-32.8686538,-60.7171599,Granadero Baigorria,No especificado,"Avenida de los Granaderos, Granadero Baigorria, Municipio de Granadero Baigorria, Gran Rosario, Departamento Rosario, Santa Fe, 2152, Argentina"
Pavón,3479,-32.9940213,-60.6344509,Rosario,General Las Heras,"Pavón, Villa Olímpica, General Las Heras, Distrito Sur, Rosario, Municipio de Rosario, Gran Rosario, Departamento Rosario, Santa Fe, S2000, Argentina"
Pavón,3452,-32.9955844,-60.6343561,Rosario,General Las Heras,"Pavón, Villa Olímpica, General Las Heras, Distrito Sur, Rosario, Municipio de Rosario, Gran Rosario, Departamento Rosario, Santa Fe, S2000, Argentina"
Pavón,3410,-32.9955844,-60.6343561,Rosario,General Las Heras,"Pavón, Villa Olímpica, General Las Heras, Distrito Sur, Rosario, Municipio de Rosario, Gran Rosario, Departamento Rosario, Santa Fe, S2000, Argentina"
Pavón,3238,-33.0021558,-60.634079,Rosario,Parque Regional Sur,"Pavón, Parque Regional Sur, Presidente Roque Saenz Peña, Distrito Sur, Rosario, Municipio de Rosario, Gran Rosario, Departamento Rosario, Santa Fe, S2000, Argentina"
Pavón,077,-32.9940213,-60.6344509,Rosario,General Las Heras,"Pavón, Villa Olímpica, General Las Heras, Distrito Sur, Rosario, Municipio de Rosario, Gran Rosario, Departamento Rosario, Santa Fe, S2000, Argentina"
Pavón,1430,-32.9062362,-60.8573728,Funes,Funes Town,"1430, Pavón, Funes Town, Zona 8, Funes, Municipio de Funes, Gran Rosario, Departamento Rosario, Santa Fe, S2132, Argentina"
Pavón,267,-32.9940213,-60.6344509,Rosario,General Las Heras,"Pavón, Villa Olímpica, General Las Heras, Distrito Sur, Rosario, Municipio de Rosario, Gran Rosario, Departamento Rosario, Santa Fe, S2000, Argentina"
Pavón,361,-32.9955844,-60.6343561,Rosario,General Las Heras,"Pavón, Villa Olímpica, General Las Heras, Distrito Sur, Rosario, Municipio de Rosario, Gran Rosario, Departamento Rosario, Santa Fe, S2000, Argentina"
Iguazú,727,-32.9205655,-60.6861987,Rosario,Lisandro de la Torre,"Iguazú, Lisandro de la Torre, Distrito Norte, Rosario, Municipio de Rosario, Gran Rosario, Departamento Rosario, Santa Fe, S2000, Argentina"
Pancho Ramírez,904,-32.854898,-60.7197362,Granadero Baigorria,No especificado,"904, Pancho Ramírez, Granadero Baigorria, Municipio de Granadero Baigorria, Gran Rosario, Departamento Rosario, Santa Fe, 2152, Argentina"
Maipú,2349,-32.9652712,-60.6399405,Rosario,República de la Sexta,"2349, Maipú, República de la Sexta, Distrito Centro, Rosario, Municipio de Rosario, Gran Rosario, Departamento Rosario, Santa Fe, 2000, Argentina"
Formosa,921,-32.8415443,-60.7034249,Granadero Baigorria,Santa Rita,"Formosa, Santa Rita, Granadero Baigorria, Municipio de Granadero Baigorria, Gran Rosario, Departamento Rosario, Santa Fe, 2152, Argentina"
Ibarlucea,1944,-32.8408161,-60.7029872,Granadero Baigorria,Los Robles,"Juan Manuel Ibarlucea, Los Robles, Granadero Baigorria, Municipio de Granadero Baigorria, Gran Rosario, Departamento Rosario, Santa Fe, 2152, Argentina"
Uruguay,2091,-32.8420327,-60.6978551,Granadero Baigorria,Santa Rita,"Pasaje Uruguay, Santa Rita, Granadero Baigorria, Municipio de Granadero Baigorria, Gran Rosario, Departamento Rosario, Santa Fe, 2152, Argentina"
Avellaneda,2279,-32.9565612,-60.6833827,Rosario,Cinco Esquinas,"2279, Bulevar Nicolás Avellaneda, Cinco Esquinas, Distrito Oeste, Municipio de Rosario, Gran Rosario, Departamento Rosario, Santa Fe, 2003, Argentina"
Pueyrredón,877,-32.8632951,-60.7035665,Granadero Baigorria,Centro,"877, Pueyrredon, Centro, Granadero Baigorria, Municipio de Granadero Baigorria, Gran Rosario, Departamento Rosario, Santa Fe, 2152, Argentina"
Catriel,1150,-32.8556638,-60.7157862,Granadero Baigorria,No especificado,"Catriel, Granadero Baigorria, Municipio de Granadero Baigorria, Gran Rosario, Departamento Rosario, Santa Fe, 2152, Argentina"
Dorrego,224,-32.842855,-60.7142063,Granadero Baigorria,Los Robles,"Coronel Dorrego, Los Robles, Granadero Baigorria, Municipio de Granadero Baigorria, Gran Rosario, Departamento Rosario, Santa Fe, 2152, Argentina"
Calle 1,362,-32.850047,-60.7128305,Granadero Baigorria,Los Robles,"362, Intendente Sorigotti, Bon Vivant, Los Robles, Granadero Baigorria, Municipio de Granadero Baigorria, Gran Rosario, Departamento Rosario, Santa Fe, 2152, Argentina"
Calle 12,2408,-32.8478538,-60.7131524,Granadero Baigorria,Los Robles,"2408, Calle 12, Bon Vivant, Los Robles, Granadero Baigorria, Municipio de Granadero Baigorria, Gran Rosario, Departamento Rosario, Santa Fe, 2152, Argentina"
Mitre,1112,-32.86125,-60.7213806,Granadero Baigorria,San Miguel,"1112, Mitre, San Miguel, Granadero Baigorria, Municipio de Granadero Baigorria, Gran Rosario, Departamento Rosario, Santa Fe, 2152, Argentina"
Buenos Aires,604,-32.8653332,-60.7082512,Granadero Baigorria,Correo,"Avenida Buenos Aires, Correo, Granadero Baigorria, Municipio de Granadero Baigorria, Gran Rosario, Departamento Rosario, Santa Fe, 2152, Argentina"
Mitre,873,-32.860294,-60.7177364,Granadero Baigorria,San Miguel,"873, Mitre, San Miguel, Granadero Baigorria, Municipio de Granadero Baigorria, Gran Rosario, Departamento Rosario, Santa Fe, 2152, Argentina"
Los Sauces,3361,-32.8638363,-60.6940242,Granadero Baigorria,Los Naranjos,"Los Sauces, Los Naranjos, Granadero Baigorria, Municipio de Granadero Baigorria, Gran Rosario, Departamento Rosario, Santa Fe, 2152, Argentina"
Los Sauces,3228,-32.8638363,-60.6940242,Granadero Baigorria,Los Naranjos,"Los Sauces, Los Naranjos, Granadero Baigorria, Municipio de Granadero Baigorria, Gran Rosario, Departamento Rosario, Santa Fe, 2152, Argentina"
Balcarce,354,-32.8636442,-60.7162121,Granadero Baigorria,San Miguel,"Balcarce, San Miguel, Granadero Baigorria, Municipio de Granadero Baigorria, Gran Rosario, Departamento Rosario, Santa Fe, 2152, Argentina"
La Cautiva,1781,-32.8551143,-60.7124764,Granadero Baigorria,Bon Vivant,"1781, La Cautiva, Bon Vivant, Granadero Baigorria, Municipio de Granadero Baigorria, Gran Rosario, Departamento Rosario, Santa Fe, 2152, Argentina"
Las Acacias,8100,-32.8669043,-60.7294542,Ibarlucea,Autostrada,"8100, Las Acacias, Autostrada, Ybarlucea, Municipio de Ybarlucea, Gran Rosario, Departamento Rosario, Santa Fe, S2142, Argentina"
Díaz Vélez,1139,-32.8590172,-60.7219455,Granadero Baigorria,San Miguel,"Díaz Vélez bis, San Miguel, Granadero Baigorria, Municipio de Granadero Baigorria, Gran Rosario, Departamento Rosario, Santa Fe, 2152, Argentina"
Brown,715,-32.8587314,-60.7157918,Granadero Baigorria,San Miguel,"715, Almirante Brown, San Miguel, Granadero Baigorria, Municipio de Granadero Baigorria, Gran Rosario, Departamento Rosario, Santa Fe, 2152, Argentina"
Lugones,214,-32.857868,-60.7193536,Granadero Baigorria,No especificado,"Leopoldo Lugones, Granadero Baigorria, Municipio de Granadero Baigorria, Gran Rosario, Departamento Rosario, Santa Fe, 2152, Argentina"
Calle 12,2472,-32.846791,-60.7134511,Granadero Baigorria,Los Robles,"2472, Calle 12, Bon Vivant, Los Robles, Granadero Baigorria, Municipio de Granadero Baigorria, Gran Rosario, Departamento Rosario, Santa Fe, 2152, Argentina"
Asunción,70,-32.8636147,-60.7269704,Granadero Baigorria,Nuestra Señora de La Paz,"Asunción, Nuestra Señora de La Paz, Municipio de Granadero Baigorria, Gran Rosario, Departamento Rosario, Santa Fe, 2152, Argentina"
José Hernández,2050,-32.854586,-60.7225637,Granadero Baigorria,No especificado,"2050, José Hernández, Granadero Baigorria, Municipio de Granadero Baigorria, Gran Rosario, Departamento Rosario, Santa Fe, 2152, Argentina"
Felipe Varela,1358,-32.8632559,-60.7239702,Granadero Baigorria,San Miguel,"Felipe Varela, San Miguel, Granadero Baigorria, Municipio de Granadero Baigorria, Gran Rosario, Departamento Rosario, Santa Fe, 2152, Argentina"
Díaz Vélez,27,-32.8590172,-60.7219455,Granadero Baigorria,San Miguel,"Díaz Vélez bis, San Miguel, Granadero Baigorria, Municipio de Granadero Baigorria, Gran Rosario, Departamento Rosario, Santa Fe, 2152, Argentina"
Paine,785,-32.8570825,-60.7173703,Granadero Baigorria,No especificado,"785, Paine, Granadero Baigorria, Municipio de Granadero Baigorria, Gran Rosario, Departamento Rosario, Santa Fe, 2152, Argentina"
Pueyrredón,542,-32.8615431,-60.7041803,Granadero Baigorria,Centro,"Pueyrredon, Centro, Granadero Baigorria, Municipio de Granadero Baigorria, Gran Rosario, Departamento Rosario, Santa Fe, 2152, Argentina"
Santa Fe,1918,-32.8540186,-60.7136754,Granadero Baigorria,No especificado,"1918, Avenida Santa Fe, Granadero Baigorria, Municipio de Granadero Baigorria, Gran Rosario, Departamento Rosario, Santa Fe, 2152, Argentina"
Roca,763,-32.8382514,-60.7037792,Granadero Baigorria,Santa Rita,"Julio A. Roca, Santa Rita, Granadero Baigorria, Municipio de Granadero Baigorria, Gran Rosario, Departamento Rosario, Santa Fe, 2152, Argentina"
Pancho Ramírez,576,-32.8537103,-60.7151455,Granadero Baigorria,No especificado,"576, Pancho Ramírez, Granadero Baigorria, Municipio de Granadero Baigorria, Gran Rosario, Departamento Rosario, Santa Fe, 2152, Argentina"
El Bagual,3323,-32.9122088,-60.9332204,Roldán,Punta Chacra,"El Bagual, Punta Chacra, Roldán, Municipio de Roldán, Gran Rosario, Departamento San Lorenzo, Santa Fe, S2134, Argentina"
Friuli,1351,-32.9372304,-60.7352786,Rosario,Antártida Argentina,"Friuli, Antártida Argentina, Distrito Noroeste, Rosario, Municipio de Rosario, Gran Rosario, Departamento Rosario, Santa Fe, S2000, Argentina"
Gabriela Mistral,2123,-32.8878856,-60.717488,Rosario,Distrito Norte,"Gabriela Mistral, Jose Ignacio Rucci, Distrito Norte, Rosario, Municipio de Rosario, Gran Rosario, Departamento Rosario, Santa Fe, S2000, Argentina"
Rincón,1026,-32.979497,-60.6340591,Rosario,General San Martín,"Rincón, La Tablada, General San Martín, Distrito Sur, Rosario, Municipio de Rosario, Gran Rosario, Departamento Rosario, Santa Fe, S2000, Argentina"
Paine,273,-32.8565209,-60.7154963,Granadero Baigorria,No especificado,"Paine, Granadero Baigorria, Municipio de Granadero Baigorria, Gran Rosario, Departamento Rosario, Santa Fe, 2152, Argentina"
San Martín,1216,-32.8590188,-60.7033814,Granadero Baigorria,Centro,"1216, Avenida José de San Martín, Centro, Granadero Baigorria, Municipio de Granadero Baigorria, Gran Rosario, Departamento Rosario, Santa Fe, 2152, Argentina"
Calle 11,2367,-32.8485283,-60.7120304,Granadero Baigorria,Los Robles,"2367, Calle 11, Bon Vivant, Los Robles, Granadero Baigorria, Municipio de Granadero Baigorria, Gran Rosario, Departamento Rosario, Santa Fe, 2152, Argentina"
Calle 12,2477,-32.846708,-60.7134744,Granadero Baigorria,Los Robles,"2477, Calle 12, Bon Vivant, Los Robles, Granadero Baigorria, Municipio de Granadero Baigorria, Gran Rosario, Departamento Rosario, Santa Fe, 2152, Argentina"
Las Lengas,2419,-32.8500774,-60.716121,Granadero Baigorria,No especificado,"2419, Las Lengas, Granadero Baigorria, Municipio de Granadero Baigorria, Gran Rosario, Departamento Rosario, Santa Fe, 2152, Argentina"
El Bagual,3220,-32.9102949,-60.9327295,Roldán,Punta Chacra Weekend 1,"El Bagual, Punta Chacra Weekend 1, Roldán, Municipio de Roldán, Gran Rosario, Departamento San Lorenzo, Santa Fe, S2134, Argentina"
Ancón,3273,-32.9675984,-60.6883888,Rosario,Bella Vista,"3273, Pasaje Ancon, La Banana, Bella Vista, Distrito Oeste, Municipio de Rosario, Gran Rosario, Departamento Rosario, Santa Fe, S2003, Argentina"
Ancón,3514,-32.9685081,-60.6886913,Rosario,Bella Vista,"Pasaje Ancon, La Banana, Bella Vista, Distrito Oeste, Municipio de Rosario, Gran Rosario, Departamento Rosario, Santa Fe, S2000, Argentina"
Los Olivos,3251,-32.8388398,-60.7038306,Granadero Baigorria,Santa Rita,"3251, Los Olivos, Santa Rita, Granadero Baigorria, Municipio de Granadero Baigorria, Gran Rosario, Departamento Rosario, Santa Fe, 2152, Argentina"
Corrientes,1077,-32.8606065,-60.7004844,Granadero Baigorria,Los Naranjos,"1077, Corrientes, Los Naranjos, Granadero Baigorria, Municipio de Granadero Baigorria, Gran Rosario, Departamento Rosario, Santa Fe, 2152, Argentina"
Paine,973,-32.8565209,-60.7154963,Granadero Baigorria,No especificado,"Paine, Granadero Baigorria, Municipio de Granadero Baigorria, Gran Rosario, Departamento Rosario, Santa Fe, 2152, Argentina"
Irigoyen,1941,-32.8456319,-60.7021667,Granadero Baigorria,Bon Vivant,"Hipólito Irigoyen, Bon Vivant, Granadero Baigorria, Municipio de Granadero Baigorria, Gran Rosario, Departamento Rosario, Santa Fe, 2152, Argentina"
Lima,1782,-32.8628299,-60.728398,Granadero Baigorria,Nuestra Señora de La Paz,"Lima, Nuestra Señora de La Paz, Municipio de Granadero Baigorria, Gran Rosario, Departamento Rosario, Santa Fe, 2152, Argentina"
Pasco,977,-32.8614061,-60.7169741,Granadero Baigorria,San Miguel,"Pasco, San Miguel, Granadero Baigorria, Municipio de Granadero Baigorria, Gran Rosario, Departamento Rosario, Santa Fe, 2152, Argentina"
Belgrano,623,-32.8645038,-60.7048614,Granadero Baigorria,Centro,"Belgrano, Centro, Granadero Baigorria, Municipio de Granadero Baigorria, Gran Rosario, Departamento Rosario, Santa Fe, 2152, Argentina"
Paso,2392,-32.9244455,-60.8083323,Funes,Zona 2,"2392, Juan José Paso, Funes R., Zona 2, Funes, Municipio de Funes, Gran Rosario, Departamento Rosario, Santa Fe, S2132, Argentina"
Dante Alighieri,17,-32.8416647,-60.7052288,Granadero Baigorria,Bon Vivant,"Dante Alighieri, Bon Vivant, Granadero Baigorria, Municipio de Granadero Baigorria, Gran Rosario, Departamento Rosario, Santa Fe, 2152, Argentina"
Las Heras,962,-32.8628868,-60.718294,Granadero Baigorria,San Miguel,"962, Las Heras, San Miguel, Granadero Baigorria, Municipio de Granadero Baigorria, Gran Rosario, Departamento Rosario, Santa Fe, 2152, Argentina"
Catamarca,894,-32.8626628,-60.6988827,Granadero Baigorria,Los Naranjos,"894, Catamarca, Los Naranjos, Granadero Baigorria, Municipio de Granadero Baigorria, Gran Rosario, Departamento Rosario, Santa Fe, 2152, Argentina"
Marconi,1561,-32.8584403,-60.7248112,Granadero Baigorria,No especificado,"1561, Marconi, Municipio de Granadero Baigorria, Gran Rosario, Departamento Rosario, Santa Fe, 2152, Argentina"
Silvestre Begnis,363,-32.8507852,-60.7125693,Granadero Baigorria,Los Robles,"363, Avenida Silvestre Begnis, Bon Vivant, Los Robles, Granadero Baigorria, Municipio de Granadero Baigorria, Gran Rosario, Departamento Rosario, Santa Fe, 2152, Argentina"
Bogado,3453,-32.9123062,-60.8600892,Funes,Zona 8,"Coronel Félix Bogado, Santa Isabel 4, Zona 8, Funes, Municipio de Funes, Gran Rosario, Departamento Rosario, Santa Fe, S2132, Argentina"
Aconcagua,23,-32.9113432,-60.8733392,Roldán,Cotos de la Alameda,"23, Aconcagua, Cotos de la Alameda, Roldán, Municipio de Roldán, Gran Rosario, Departamento San Lorenzo, Santa Fe, S2134, Argentina"
Chubut,1122,-32.8445362,-60.7058237,Granadero Baigorria,Bon Vivant,"Chubut, Bon Vivant, Granadero Baigorria, Municipio de Granadero Baigorria, Gran Rosario, Departamento Rosario, Santa Fe, 2152, Argentina"
Concordia,24,-32.9412756,-60.6989222,Rosario,Azcuénaga,"Concordia, Azcuénaga, Distrito Noroeste, Rosario, Municipio de Rosario, Gran Rosario, Departamento Rosario, Santa Fe, S2000, Argentina"
Washington,68,-32.9047802,-60.7069368,Rosario,Alberdi,"Washington, Unión y Parque Casas, Alberdi, Distrito Norte, Rosario, Municipio de Rosario, Gran Rosario, Departamento Rosario, Santa Fe, S2000, Argentina"
Inca,566,-32.9290618,-60.8035572,Funes,Zona 2,"América Inca, 1047, Avenida Arturo Illia, Don Juan, Zona 2, Funes, Municipio de Funes, Gran Rosario, Departamento Rosario, Santa Fe, S2132, Argentina"
Pasco,628,-32.8605281,-60.7137179,Granadero Baigorria,San Miguel,"628, Pasco, San Miguel, Granadero Baigorria, Municipio de Granadero Baigorria, Gran Rosario, Departamento Rosario, Santa Fe, 2152, Argentina"
Calfucurá,947,-32.8533631,-60.7208713,Granadero Baigorria,No especificado,"947, Calfucurá, Granadero Baigorria, Municipio de Granadero Baigorria, Gran Rosario, Departamento Rosario, Santa Fe, 2152, Argentina"
Suipacha,1450,-32.8595567,-60.7216679,Granadero Baigorria,San Miguel,"1450, Suipacha, San Miguel, Granadero Baigorria, Municipio de Granadero Baigorria, Gran Rosario, Departamento Rosario, Santa Fe, 2152, Argentina"
Catamarca,853,-32.8630904,-60.6988571,Granadero Baigorria,Los Naranjos,"853, Catamarca, Los Naranjos, Granadero Baigorria, Municipio de Granadero Baigorria, Gran Rosario, Departamento Rosario, Santa Fe, 2152, Argentina"
Lima,1797,-32.8628299,-60.728398,Granadero Baigorria,Nuestra Señora de La Paz,"Lima, Nuestra Señora de La Paz, Municipio de Granadero Baigorria, Gran Rosario, Departamento Rosario, Santa Fe, 2152, Argentina"
Santiago,1397,-32.8634672,-60.7276944,Granadero Baigorria,Nuestra Señora de La Paz,"Pasaje Santiago, Nuestra Señora de La Paz, Municipio de Granadero Baigorria, Gran Rosario, Departamento Rosario, Santa Fe, 2152, Argentina"
México,1133,-32.842393,-60.7074007,Granadero Baigorria,No especificado,"Pasaje Mexico, Granadero Baigorria, Municipio de Granadero Baigorria, Gran Rosario, Departamento Rosario, Santa Fe, 2152, Argentina"
Chubut,1122,-32.8445362,-60.7058237,Granadero Baigorria,Bon Vivant,"Chubut, Bon Vivant, Granadero Baigorria, Municipio de Granadero Baigorria, Gran Rosario, Departamento Rosario, Santa Fe, 2152, Argentina"
Calle 12,2515,-32.8474934,-60.713347,Granadero Baigorria,Los Robles,"Calle 12, Bon Vivant, Los Robles, Granadero Baigorria, Municipio de Granadero Baigorria, Gran Rosario, Departamento Rosario, Santa Fe, 2152, Argentina"
1 de Enero,512,-32.8393177,-60.7150634,Granadero Baigorria,Los Robles,"1 de Enero, Los Robles, Granadero Baigorria, Municipio de Granadero Baigorria, Gran Rosario, Departamento Rosario, Santa Fe, 2152, Argentina"
La Cautiva,1701,-32.8556278,-60.7122932,Granadero Baigorria,Bon Vivant,"1701, La Cautiva, Bon Vivant, Granadero Baigorria, Municipio de Granadero Baigorria, Gran Rosario, Departamento Rosario, Santa Fe, 2152, Argentina"
Lima,1797,-32.8628299,-60.728398,Granadero Baigorria,Nuestra Señora de La Paz,"Lima, Nuestra Señora de La Paz, Municipio de Granadero Baigorria, Gran Rosario, Departamento Rosario, Santa Fe, 2152, Argentina"
Eva Perón,1673,-32.858654,-60.7204112,Granadero Baigorria,San Miguel,"Eva Perón, San Miguel, Granadero Baigorria, Municipio de Granadero Baigorria, Gran Rosario, Departamento Rosario, Santa Fe, 2152, Argentina"
Eva Perón,1769,-32.858654,-60.7204112,Granadero Baigorria,San Miguel,"Eva Perón, San Miguel, Granadero Baigorria, Municipio de Granadero Baigorria, Gran Rosario, Departamento Rosario, Santa Fe, 2152, Argentina"
Aconcagua,73,-32.8288233,-60.7227921,Capitán Bermúdez,Rosa Valetto,"73, Aconcagua, Rosa Valetto, Capitán Bermudez, Municipio de Capitán Bermudez, Gran Rosario, Departamento San Lorenzo, Santa Fe, S2154, Argentina"
Provincias Unidas,3471,-32.9690658,-60.71129,Rosario,Triángulo,"3471, Avenida Provincias Unidas, Triángulo, Rosario, Municipio de Rosario, Gran Rosario, Departamento Rosario, Santa Fe, 2010, Argentina"
Callao,2156,-32.8531928,-60.7222226,Granadero Baigorria,No especificado,"2156, Callao, Granadero Baigorria, Municipio de Granadero Baigorria, Gran Rosario, Departamento Rosario, Santa Fe, 2152, Argentina"
Suipacha,1104,-32.8633957,-60.7204341,Granadero Baigorria,San Miguel,"1104, Suipacha, San Miguel, Granadero Baigorria, Municipio de Granadero Baigorria, Gran Rosario, Departamento Rosario, Santa Fe, 2152, Argentina"
Brown,1173,-32.8603935,-60.7226214,Granadero Baigorria,San Miguel,"1173, Almirante Brown, San Miguel, Granadero Baigorria, Municipio de Granadero Baigorria, Gran Rosario, Departamento Rosario, Santa Fe, 2152, Argentina"
Calle 1,362,-32.850047,-60.7128305,Granadero Baigorria,Los Robles,"362, Intendente Sorigotti, Bon Vivant, Los Robles, Granadero Baigorria, Municipio de Granadero Baigorria, Gran Rosario, Departamento Rosario, Santa Fe, 2152, Argentina"
Calle 2,338,-32.8475189,-60.7105448,Granadero Baigorria,Los Robles,"Intendente Monti, Bon Vivant, Los Robles, Granadero Baigorria, Municipio de Granadero Baigorria, Gran Rosario, Departamento Rosario, Santa Fe, 2152, Argentina"
Lima,1539,-32.8628299,-60.728398,Granadero Baigorria,Nuestra Señora de La Paz,"Lima, Nuestra Señora de La Paz, Municipio de Granadero Baigorria, Gran Rosario, Departamento Rosario, Santa Fe, 2152, Argentina"
Lima,1756,-32.8628299,-60.728398,Granadero Baigorria,Nuestra Señora de La Paz,"Lima, Nuestra Señora de La Paz, Municipio de Granadero Baigorria, Gran Rosario, Departamento Rosario, Santa Fe, 2152, Argentina"
Caracas,1611,-32.8626566,-60.7292412,Granadero Baigorria,Nuestra Señora de La Paz,"Caracas, Nuestra Señora de La Paz, Municipio de Granadero Baigorria, Gran Rosario, Departamento Rosario, Santa Fe, 2152, Argentina"
Callao,1052,-32.8644043,-60.7217203,Granadero Baigorria,San Miguel,"1052, Callao, San Miguel, Granadero Baigorria, Municipio de Granadero Baigorria, Gran Rosario, Departamento Rosario, Santa Fe, 2152, Argentina"
Mitre,1094,-32.8611585,-60.7210201,Granadero Baigorria,San Miguel,"1094, Mitre, San Miguel, Granadero Baigorria, Municipio de Granadero Baigorria, Gran Rosario, Departamento Rosario, Santa Fe, 2152, Argentina"
Suipacha,1724,-32.8573847,-60.7225605,Granadero Baigorria,No especificado,"1724, Suipacha, Granadero Baigorria, Municipio de Granadero Baigorria, Gran Rosario, Departamento Rosario, Santa Fe, 2152, Argentina"
Santa Fe,1919,-32.8618045,-60.7110441,Granadero Baigorria,San Miguel,"Avenida Santa Fe, San Miguel, Granadero Baigorria, Municipio de Granadero Baigorria, Gran Rosario, Departamento Rosario, Santa Fe, 2152, Argentina"
Calle 1,362,-32.850047,-60.7128305,Granadero Baigorria,Los Robles,"362, Intendente Sorigotti, Bon Vivant, Los Robles, Granadero Baigorria, Municipio de Granadero Baigorria, Gran Rosario, Departamento Rosario, Santa Fe, 2152, Argentina"
Santa Fe,1985,-32.8618045,-60.7110441,Granadero Baigorria,San Miguel,"Avenida Santa Fe, San Miguel, Granadero Baigorria, Municipio de Granadero Baigorria, Gran Rosario, Departamento Rosario, Santa Fe, 2152, Argentina"
3 de Febrero,639,-32.8373636,-60.7152701,Granadero Baigorria,Los Robles,"3 de Febrero, Los Robles, Granadero Baigorria, Municipio de Granadero Baigorria, Gran Rosario, Departamento Rosario, Santa Fe, 2152, Argentina"
Calle 1,3124,-32.8654683,-60.6993665,Granadero Baigorria,Mio,"Calle 1, Mio, Granadero Baigorria, Municipio de Granadero Baigorria, Gran Rosario, Departamento Rosario, Santa Fe, 2152, Argentina"
Díaz Vélez,1180,-32.8590947,-60.7224465,Granadero Baigorria,San Miguel,"1180, Díaz Vélez bis, San Miguel, Granadero Baigorria, Municipio de Granadero Baigorria, Gran Rosario, Departamento Rosario, Santa Fe, 2152, Argentina"
Lima,1956,-32.8628299,-60.728398,Granadero Baigorria,Nuestra Señora de La Paz,"Lima, Nuestra Señora de La Paz, Municipio de Granadero Baigorria, Gran Rosario, Departamento Rosario, Santa Fe, 2152, Argentina"
Amado Nervo,1832,-32.8558517,-60.7253072,Granadero Baigorria,No especificado,"Amado Nervo, Municipio de Granadero Baigorria, Gran Rosario, Departamento Rosario, Santa Fe, 2152, Argentina"
Amado Nervo,1309,-32.8558424,-60.7243476,Granadero Baigorria,No especificado,"1309, Amado Nervo, Municipio de Granadero Baigorria, Gran Rosario, Departamento Rosario, Santa Fe, 2152, Argentina"
Suipacha,1304,-32.8611583,-60.721215,Granadero Baigorria,San Miguel,"1304, Suipacha, San Miguel, Granadero Baigorria, Municipio de Granadero Baigorria, Gran Rosario, Departamento Rosario, Santa Fe, 2152, Argentina"
Díaz Vélez,1124,-32.8590172,-60.7219455,Granadero Baigorria,San Miguel,"Díaz Vélez bis, San Miguel, Granadero Baigorria, Municipio de Granadero Baigorria, Gran Rosario, Departamento Rosario, Santa Fe, 2152, Argentina"
Callao,853,-32.8434561,-60.7135625,Granadero Baigorria,Los Robles,"Callao, Los Robles, Granadero Baigorria, Municipio de Granadero Baigorria, Gran Rosario, Departamento Rosario, Santa Fe, 2152, Argentina"
Mendoza,1961,-32.94948,-60.6513005,Rosario,Rosario Centro,"1961, Mendoza, Rosario Centro, Distrito Centro, Rosario, Municipio de Rosario, Gran Rosario, Departamento Rosario, Santa Fe, 2000, Argentina"
Patagonia,188,-33.0791643,-60.5764793,Pueblo Esther,Solares San Marcos,"Patagonia, Solares San Marcos, Pueblo Esther, Municipio de Pueblo Esther, Gran Rosario, Departamento Rosario, Santa Fe, 2126, Argentina"
Dorrego,3226,-32.842855,-60.7142063,Granadero Baigorria,Los Robles,"Coronel Dorrego, Los Robles, Granadero Baigorria, Municipio de Granadero Baigorria, Gran Rosario, Departamento Rosario, Santa Fe, 2152, Argentina"
Rivadavia,426,-32.8622281,-60.7055153,Granadero Baigorria,Centro,"Rivadavia, Centro, Granadero Baigorria, Municipio de Granadero Baigorria, Gran Rosario, Departamento Rosario, Santa Fe, 2152, Argentina"
Lima,1520,-32.8628299,-60.728398,Granadero Baigorria,Nuestra Señora de La Paz,"Lima, Nuestra Señora de La Paz, Municipio de Granadero Baigorria, Gran Rosario, Departamento Rosario, Santa Fe, 2152, Argentina"
Las Piedras,253,-32.8684829,-60.7050892,Granadero Baigorria,Correo,"Las Piedras, Correo, Granadero Baigorria, Municipio de Granadero Baigorria, Gran Rosario, Departamento Rosario, Santa Fe, 2152, Argentina"
Perito Moreno,763,-32.8520472,-60.7163704,Granadero Baigorria,No especificado,"Perito Moreno, Granadero Baigorria, Municipio de Granadero Baigorria, Gran Rosario, Departamento Rosario, Santa Fe, 2152, Argentina"
