registro_id,calle,altura,ciudad,barrio,latitud,longitud,distancia_corralon_km,direccion_osm,clave_direccion_fuente,frecuencia_direccion_fuente,estado_calidad,motivo_revision
DG-0001,Los Andes,2311,Granadero Baigorria,Los Robles,-32.8403283,-60.7165990,1.166228,"Los Andes, Los Robles, Granadero Baigorria, Municipio de Granadero Baigorria, Gran Rosario, Departamento Rosario, Santa Fe, 2152, Argentina",los andes|2311|granadero baigorria,1,APTO_ENTRENAMIENTO,
DG-0002,Quito,1516,Granadero Baigorria,Nuestra Señora de La Paz,-32.8622021,-60.7295548,1.552525,"Quito, Nuestra Señora de La Paz, Municipio de Granadero Baigorria, Gran Rosario, Departamento Rosario, Santa Fe, 2152, Argentina",quito|1516|granadero baigorria,1,APTO_ENTRENAMIENTO,
DG-0003,José Hernández,2027,Granadero Baigorria,No especificado,-32.8548543,-60.7224465,0.595618,"2027, José Hernández, Granadero Baigorria, Municipio de Granadero Baigorria, Gran Rosario, Departamento Rosario, Santa Fe, 2152, Argentina",jose hernandez|2027|granadero baigorria,3,APTO_ENTRENAMIENTO,
DG-0004,Callao,1476,Granadero Baigorria,San Miguel,-32.8596591,-60.7233131,1.131257,"1476, Callao, San Miguel, Granadero Baigorria, Municipio de Granadero Baigorria, Gran Rosario, Departamento Rosario, Santa Fe, 2152, Argentina",callao|1476|granadero baigorria,2,APTO_ENTRENAMIENTO,
DG-0005,Baigorria,656,Granadero Baigorria,Centro,-32.8583562,-60.7074002,1.731933,"Hierros Baigorria, Centro, Granadero Baigorria, Municipio de Granadero Baigorria, Gran Rosario, Departamento Rosario, Santa Fe, 2152, Argentina",baigorria|656|granadero baigorria,1,APTO_ENTRENAMIENTO,
DG-0006,Los Plátanos,528,Granadero Baigorria,Los Naranjos,-32.8648612,-60.7007381,2.665998,"Los Plátanos, Los Naranjos, Granadero Baigorria, Municipio de Granadero Baigorria, Gran Rosario, Departamento Rosario, Santa Fe, 2152, Argentina",los platanos|528|granadero baigorria,1,APTO_ENTRENAMIENTO,
DG-0007,Secco,870,Granadero Baigorria,San Miguel,-32.8643700,-60.7126606,1.898659,"870, Pasaje Secco, San Miguel, Granadero Baigorria, Municipio de Granadero Baigorria, Gran Rosario, Departamento Rosario, Santa Fe, 2152, Argentina",secco|870|granadero baigorria,1,APTO_ENTRENAMIENTO,
DG-0008,San Juan,2515,Granadero Baigorria,Santa Rita,-32.8451484,-60.6999207,2.178030,"2515, San Juan, Santa Rita, Granadero Baigorria, Municipio de Granadero Baigorria, Gran Rosario, Departamento Rosario, Santa Fe, 2152, Argentina",san juan|2515|granadero baigorria,1,APTO_ENTRENAMIENTO,
DG-0009,Miguel Cané,1357,Granadero Baigorria,No especificado,-32.8552538,-60.7255166,0.693401,"1357, Miguel Cane, Municipio de Granadero Baigorria, Gran Rosario, Departamento Rosario, Santa Fe, 2152, Argentina",miguel cane|1357|granadero baigorria,2,APTO_ENTRENAMIENTO,
DG-0010,Asunción,644,Granadero Baigorria,Nuestra Señora de La Paz,-32.8636147,-60.7269704,1.620403,"Asunción, Nuestra Señora de La Paz, Municipio de Granadero Baigorria, Gran Rosario, Departamento Rosario, Santa Fe, 2152, Argentina",asuncion|644|granadero baigorria,1,APTO_ENTRENAMIENTO,
DG-0011,Tafí,3212,Rosario,Saladillo,-32.9859689,-60.6265901,17.625885,"Tafí, Villa Manuelita, Saladillo, Distrito Sur, Rosario, Municipio de Rosario, Gran Rosario, Departamento Rosario, Santa Fe, S2000, Argentina",tafi|3212|rosario,1,APTO_ENTRENAMIENTO,
DG-0012,Jujuy,1050,Granadero Baigorria,Santa Rita,-32.8376724,-60.7047243,2.129601,"Jujuy Pasage, Santa Rita, Granadero Baigorria, Municipio de Granadero Baigorria, Gran Rosario, Departamento Rosario, Santa Fe, 2152, Argentina",jujuy|1050|granadero baigorria,1,APTO_ENTRENAMIENTO,
DG-0013,Pueyrredón,576,Granadero Baigorria,Centro,-32.8615431,-60.7041803,2.184141,"Pueyrredon, Centro, Granadero Baigorria, Municipio de Granadero Baigorria, Gran Rosario, Departamento Rosario, Santa Fe, 2152, Argentina",pueyrredon|576|granadero baigorria,1,APTO_ENTRENAMIENTO,
DG-0014,Rosales,3269,Funes,Zona 2,-32.9316751,-60.8274034,13.384850,"3269, Rosales, La Cardera, Zona 2, Funes, Municipio de Funes, Gran Rosario, Departamento Rosario, Santa Fe, S2132, Argentina",rosales|3269|funes,1,APTO_ENTRENAMIENTO,
DG-0015,San Lorenzo,2516,Granadero Baigorria,Centro,-32.8616732,-60.7074209,1.963779,"San Lorenzo, Centro, Granadero Baigorria, Municipio de Granadero Baigorria, Gran Rosario, Departamento Rosario, Santa Fe, 2152, Argentina",san lorenzo|2516|granadero baigorria,1,APTO_ENTRENAMIENTO,
DG-0016,Rioja,3571,Granadero Baigorria,Santa Rita,-32.8434584,-60.6992172,2.290097,"Rioja, Santa Rita, Granadero Baigorria, Municipio de Granadero Baigorria, Gran Rosario, Departamento Rosario, Santa Fe, 2152, Argentina",rioja|3571|granadero baigorria,1,APTO_ENTRENAMIENTO,
DG-0017,Troilo,3243,Rosario,Tango,-32.9466611,-60.7545853,11.207572,"Anibal Troilo, Tango, Distrito Noroeste, Rosario, Municipio de Rosario, Gran Rosario, Departamento Rosario, Santa Fe, S2000, Argentina",troilo|3243|rosario,1,APTO_ENTRENAMIENTO,
DG-0018,Estrada,1309,Granadero Baigorria,El Paraíso,-32.8579674,-60.7018924,2.155706,"José Manuel Estrada, El Paraíso, Granadero Baigorria, Municipio de Granadero Baigorria, Gran Rosario, Departamento Rosario, Santa Fe, 2152, Argentina",estrada|1309|granadero baigorria,1,APTO_ENTRENAMIENTO,
DG-0019,Agrelo,2510,Rosario,Alberdi,-32.8893127,-60.6924434,5.249550,"2510, Pedro José Agrelo, Alberdi, Distrito Norte, Rosario, Municipio de Rosario, Gran Rosario, Departamento Rosario, Santa Fe, S2000, Argentina",agrelo|2510|rosario,1,APTO_ENTRENAMIENTO,
DG-0020,Junín,1846,Granadero Baigorria,No especificado,-32.8560387,-60.7192074,0.795065,"1846, Junín, Granadero Baigorria, Municipio de Granadero Baigorria, Gran Rosario, Departamento Rosario, Santa Fe, 2152, Argentina",junin|1846|granadero baigorria,1,APTO_ENTRENAMIENTO,
DG-0021,Pasco,992,Granadero Baigorria,San Miguel,-32.8618637,-60.7191056,1.414087,"992, Pasco, San Miguel, Granadero Baigorria, Municipio de Granadero Baigorria, Gran Rosario, Departamento Rosario, Santa Fe, 2152, Argentina",pasco|992|granadero baigorria,1,APTO_ENTRENAMIENTO,
DG-0022,Mitre,1112,Granadero Baigorria,San Miguel,-32.8612500,-60.7213806,1.311871,"1112, Mitre, San Miguel, Granadero Baigorria, Municipio de Granadero Baigorria, Gran Rosario, Departamento Rosario, Santa Fe, 2152, Argentina",mitre|1112|granadero baigorria,3,APTO_ENTRENAMIENTO,
DG-0023,Las Heras,1052,Granadero Baigorria,San Miguel,-32.8632399,-60.7197188,1.552132,"1052, Las Heras, San Miguel, Granadero Baigorria, Municipio de Granadero Baigorria, Gran Rosario, Departamento Rosario, Santa Fe, 2152, Argentina",las heras|1052|granadero baigorria,2,APTO_ENTRENAMIENTO,
DG-0024,Calle 11,2457,Granadero Baigorria,Los Robles,-32.8468181,-60.7125216,0.992328,"2457, Calle 11, Bon Vivant, Los Robles, Granadero Baigorria, Municipio de Granadero Baigorria, Gran Rosario, Departamento Rosario, Santa Fe, 2152, Argentina",calle 11|2457|granadero baigorria,1,APTO_ENTRENAMIENTO,
DG-0025,Calle 9,2324,Granadero Baigorria,Los Robles,-32.8488692,-60.7100818,1.176437,"2324, Calle 9, Bon Vivant, Los Robles, Granadero Baigorria, Municipio de Granadero Baigorria, Gran Rosario, Departamento Rosario, Santa Fe, 2152, Argentina",calle 9|2324|granadero baigorria,1,APTO_ENTRENAMIENTO,
DG-0026,Lima,1756,Granadero Baigorria,Nuestra Señora de La Paz,-32.8628299,-60.7283980,1.576308,"Lima, Nuestra Señora de La Paz, Municipio de Granadero Baigorria, Gran Rosario, Departamento Rosario, Santa Fe, 2152, Argentina",lima|1756|granadero baigorria,2,APTO_ENTRENAMIENTO,
DG-0027,Catriel,884,Granadero Baigorria,No especificado,-32.8563519,-60.7188889,0.839056,"884, Catriel, Granadero Baigorria, Municipio de Granadero Baigorria, Gran Rosario, Departamento Rosario, Santa Fe, 2152, Argentina",catriel|884|granadero baigorria,1,APTO_ENTRENAMIENTO,
DG-0028,La Loma,189,Rosario,Antártida Argentina,-32.9399852,-60.7334580,10.111892,"La Loma, Avenida Mendoza, Antártida Argentina, Distrito Noroeste, Rosario, Municipio de Rosario, Gran Rosario, Departamento Rosario, Santa Fe, S2000, Argentina",la loma|189|rosario,1,APTO_ENTRENAMIENTO,
DG-0029,Namuncurá,933,Granadero Baigorria,No especificado,-32.8554403,-60.7186713,0.757992,"933, Namuncurá, Granadero Baigorria, Municipio de Granadero Baigorria, Gran Rosario, Departamento Rosario, Santa Fe, 2152, Argentina",namuncura|933|granadero baigorria,3,APTO_ENTRENAMIENTO,
DG-0030,Liniers,2496,Granadero Baigorria,No especificado,-32.8487857,-60.7184239,0.402980,"2496, Liniers, Granadero Baigorria, Municipio de Granadero Baigorria, Gran Rosario, Departamento Rosario, Santa Fe, 2152, Argentina",liniers|2496|granadero baigorria,1,APTO_ENTRENAMIENTO,
DG-0031,Güemes,195,Granadero Baigorria,Santa Rita,-32.8394751,-60.7033113,2.123122,"Martin Güemes, Santa Rita, Granadero Baigorria, Municipio de Granadero Baigorria, Gran Rosario, Departamento Rosario, Santa Fe, 2152, Argentina",guemes|195|granadero baigorria,1,APTO_ENTRENAMIENTO,
DG-0032,Artigas,2785,Granadero Baigorria,Los Robles,-32.8426750,-60.7120540,1.247566,"2785, Artigas, Los Robles, Granadero Baigorria, Municipio de Granadero Baigorria, Gran Rosario, Departamento Rosario, Santa Fe, 2152, Argentina",artigas|2785|granadero baigorria,1,APTO_ENTRENAMIENTO,
DG-0033,6 de Enero,635,Granadero Baigorria,Los Robles,-32.8367167,-60.7153346,1.577378,"8 de Enero, Los Robles, Granadero Baigorria, Municipio de Granadero Baigorria, Gran Rosario, Departamento Rosario, Santa Fe, 2152, Argentina",6 de enero|635|granadero baigorria,2,APTO_ENTRENAMIENTO,
DG-0034,Colón,1840,Granadero Baigorria,Los Robles,-32.8399090,-60.7106958,1.544436,"Cristobal Colón, Los Robles, Granadero Baigorria, Municipio de Granadero Baigorria, Gran Rosario, Departamento Rosario, Santa Fe, 2152, Argentina",colon|1840|granadero baigorria,2,APTO_ENTRENAMIENTO,
DG-0035,Mansilla,785,Granadero Baigorria,No especificado,-32.8515018,-60.7179181,0.495126,"Lucio V. Mansilla, Granadero Baigorria, Municipio de Granadero Baigorria, Gran Rosario, Departamento Rosario, Santa Fe, 2152, Argentina",mansilla|785|granadero baigorria,1,APTO_ENTRENAMIENTO,
DG-0036,Callao,1625,Granadero Baigorria,No especificado,-32.8580185,-60.7237268,0.952445,"1625, Callao, Granadero Baigorria, Municipio de Granadero Baigorria, Gran Rosario, Departamento Rosario, Santa Fe, 2152, Argentina",callao|1625|granadero baigorria,1,APTO_ENTRENAMIENTO,
DG-0037,Las Acacias,8140,Ibarlucea,Autostrada,-32.8668868,-60.7289575,2.020957,"8140, Las Acacias, Autostrada, Ybarlucea, Municipio de Ybarlucea, Gran Rosario, Departamento Rosario, Santa Fe, S2142, Argentina",las acacias|8140|ibarlucea,2,APTO_ENTRENAMIENTO,
DG-0038,Godoy,,Rosario,Godoy,-32.9650858,-60.7211951,12.853226,"Godoy, Rosario, Municipio de Rosario, Gran Rosario, Departamento Rosario, Santa Fe, S2009, Argentina",godoy||rosario,1,APTO_ENTRENAMIENTO,
DG-0039,Calle 362,,Granadero Baigorria,Los Robles,-32.8500470,-60.7128305,0.919573,"362, Intendente Sorigotti, Bon Vivant, Los Robles, Granadero Baigorria, Municipio de Granadero Baigorria, Gran Rosario, Departamento Rosario, Santa Fe, 2152, Argentina",calle 362||granadero baigorria,1,APTO_ENTRENAMIENTO,
DG-0040,Los Horneros,3361,Piñero,Pinares del Sur,-33.0872744,-60.7076473,26.476310,"Los Horneros, Pinares del Sur, Piñero, Municipio de Piñero, Departamento Rosario, Santa Fe, S2119, Argentina",los horneros|3361|pinero,1,APTO_ENTRENAMIENTO,
DG-0041,Av. Rosas,,Rosario,Rosario Centro,-32.9584514,-60.6337491,14.685212,"Avenida Pellegrini y Juan Manuel de Rosas, Avenida Carlos Pellegrini, Paseo Pellegrini, Rosario Centro, Distrito Centro, Rosario, Municipio de Rosario, Gran Rosario, Departamento Rosario, Santa Fe, S2000, Argentina",av. rosas||rosario,1,APTO_ENTRENAMIENTO,
DG-0042,Lugones,271,Granadero Baigorria,No especificado,-32.8578680,-60.7193536,0.980131,"Leopoldo Lugones, Granadero Baigorria, Municipio de Granadero Baigorria, Gran Rosario, Departamento Rosario, Santa Fe, 2152, Argentina",lugones|271|granadero baigorria,1,APTO_ENTRENAMIENTO,
DG-0043,Av. Los Rosales,98,Capitán Bermúdez,No especificado,-32.8332852,-60.7219121,1.804401,"98, Avenida Los Rosales, Capitán Bermudez, Municipio de Capitán Bermudez, Gran Rosario, Departamento San Lorenzo, Santa Fe, S2154, Argentina",av. los rosales|98|capitan bermudez,1,APTO_ENTRENAMIENTO,
DG-0044,José Hernández,1998,Granadero Baigorria,No especificado,-32.8552613,-60.7223470,0.641199,"1998, José Hernández, Granadero Baigorria, Municipio de Granadero Baigorria, Gran Rosario, Departamento Rosario, Santa Fe, 2152, Argentina",jose hernandez|1998|granadero baigorria,2,APTO_ENTRENAMIENTO,
DG-0045,Calle 6,2348,Granadero Baigorria,Los Robles,-32.8478831,-60.7076273,1.415112,"2348, Crucero General Belgrano, Bon Vivant, Los Robles, Granadero Baigorria, Municipio de Granadero Baigorria, Gran Rosario, Departamento Rosario, Santa Fe, 2152, Argentina",calle 6|2348|granadero baigorria,3,APTO_ENTRENAMIENTO,
DG-0046,Calle 12,2580,Granadero Baigorria,Los Robles,-32.8474934,-60.7133470,0.897522,"Calle 12, Bon Vivant, Los Robles, Granadero Baigorria, Municipio de Granadero Baigorria, Gran Rosario, Departamento Rosario, Santa Fe, 2152, Argentina",calle 12|2580|granadero baigorria,2,APTO_ENTRENAMIENTO,
DG-0047,Maestro Massa,,Rosario,La Florida,-32.8756164,-60.7028470,3.443116,"Maestro Massa, La Florida, Celedonio Escalada, Distrito Norte, Rosario, Municipio de Rosario, Gran Rosario, Departamento Rosario, Santa Fe, S2000, Argentina",maestro massa||rosario,1,APTO_ENTRENAMIENTO,
DG-0048,Quiroga,,Granadero Baigorria,No especificado,-32.8551502,-60.7216756,0.634808,"Facundo Quiroga, Granadero Baigorria, Municipio de Granadero Baigorria, Gran Rosario, Departamento Rosario, Santa Fe, 2152, Argentina",quiroga||granadero baigorria,2,APTO_ENTRENAMIENTO,
DG-0049,Moreno,1473,Granadero Baigorria,Centro,-32.8633748,-60.7052683,2.239862,"Moreno, Centro, Granadero Baigorria, Municipio de Granadero Baigorria, Gran Rosario, Departamento Rosario, Santa Fe, 2152, Argentina",moreno|1473|granadero baigorria,1,APTO_ENTRENAMIENTO,
DG-0050,Amazonas,1358,Rosario,Bella Vista,-32.9684511,-60.6822675,13.753520,"Amazonas, Bella Vista, Distrito Suroeste, Rosario, Municipio de Rosario, Gran Rosario, Departamento Rosario, Santa Fe, S2000, Argentina",amazonas|1358|rosario,1,APTO_ENTRENAMIENTO,
DG-0051,Asunción,1361,Granadero Baigorria,Nuestra Señora de La Paz,-32.8636147,-60.7269704,1.620403,"Asunción, Nuestra Señora de La Paz, Municipio de Granadero Baigorria, Gran Rosario, Departamento Rosario, Santa Fe, 2152, Argentina",asuncion|1361|granadero baigorria,2,APTO_ENTRENAMIENTO,
DG-0052,Namuncurá,458,Granadero Baigorria,No especificado,-32.8541291,-60.7132794,1.015665,"458, Namuncurá, Granadero Baigorria, Municipio de Granadero Baigorria, Gran Rosario, Departamento Rosario, Santa Fe, 2152, Argentina",namuncura|458|granadero baigorria,2,APTO_ENTRENAMIENTO,
DG-0053,Calle 6,2348,Granadero Baigorria,Los Robles,-32.8478831,-60.7076273,1.415112,"2348, Crucero General Belgrano, Bon Vivant, Los Robles, Granadero Baigorria, Municipio de Granadero Baigorria, Gran Rosario, Departamento Rosario, Santa Fe, 2152, Argentina",calle 6|2348|granadero baigorria,3,APTO_ENTRENAMIENTO,
DG-0054,Calle 4,266,Granadero Baigorria,Los Robles,-32.8456769,-60.7111457,1.156005,"Intendente Ansoleaga, Bon Vivant, Los Robles, Granadero Baigorria, Municipio de Granadero Baigorria, Gran Rosario, Departamento Rosario, Santa Fe, 2152, Argentina",calle 4|266|granadero baigorria,1,APTO_ENTRENAMIENTO,
DG-0055,Onas,934,Granadero Baigorria,No especificado,-32.8526409,-60.7209513,0.383666,"934, Pasaje Onás, Granadero Baigorria, Municipio de Granadero Baigorria, Gran Rosario, Departamento Rosario, Santa Fe, 2152, Argentina",onas|934|granadero baigorria,1,APTO_ENTRENAMIENTO,
DG-0056,Facundo,1352,Granadero Baigorria,No especificado,-32.8551502,-60.7216756,0.634808,"Facundo Quiroga, Granadero Baigorria, Municipio de Granadero Baigorria, Gran Rosario, Departamento Rosario, Santa Fe, 2152, Argentina",facundo|1352|granadero baigorria,1,APTO_ENTRENAMIENTO,
DG-0057,Jorge Newbery,1371,Granadero Baigorria,No especificado,-32.8564919,-60.7257272,0.828741,"1371, Jorge Newbery, Municipio de Granadero Baigorria, Gran Rosario, Departamento Rosario, Santa Fe, 2152, Argentina",jorge newbery|1371|granadero baigorria,1,APTO_ENTRENAMIENTO,
DG-0058,José Hernández,1843,Granadero Baigorria,No especificado,-32.8563688,-60.7220350,0.765889,"1843, José Hernández, Granadero Baigorria, Municipio de Granadero Baigorria, Gran Rosario, Departamento Rosario, Santa Fe, 2152, Argentina",jose hernandez|1843|granadero baigorria,2,APTO_ENTRENAMIENTO,
DG-0059,Balcarce,971,Granadero Baigorria,San Miguel,-32.8640451,-60.7180654,1.673084,"971, Balcarce, San Miguel, Granadero Baigorria, Municipio de Granadero Baigorria, Gran Rosario, Departamento Rosario, Santa Fe, 2152, Argentina",balcarce|971|granadero baigorria,1,APTO_ENTRENAMIENTO,
DG-0060,Namuncurá,961,Granadero Baigorria,No especificado,-32.8557593,-60.7202303,0.731808,"961, Namuncurá, Granadero Baigorria, Municipio de Granadero Baigorria, Gran Rosario, Departamento Rosario, Santa Fe, 2152, Argentina",namuncura|961|granadero baigorria,2,APTO_ENTRENAMIENTO,
DG-0061,Mitre,1174,Granadero Baigorria,San Miguel,-32.8614801,-60.7222913,1.332490,"1174, Mitre, San Miguel, Granadero Baigorria, Municipio de Granadero Baigorria, Gran Rosario, Departamento Rosario, Santa Fe, 2152, Argentina",mitre|1174|granadero baigorria,2,APTO_ENTRENAMIENTO,
DG-0062,Vicente López,554,Granadero Baigorria,San Miguel,-32.8636104,-60.7113622,1.890462,"554, Vicente López, San Miguel, Granadero Baigorria, Municipio de Granadero Baigorria, Gran Rosario, Departamento Rosario, Santa Fe, 2152, Argentina",vicente lopez|554|granadero baigorria,2,APTO_ENTRENAMIENTO,
DG-0063,Moreno,147,Granadero Baigorria,Centro,-32.8630898,-60.7044212,2.276720,"147, Moreno, Centro, Granadero Baigorria, Municipio de Granadero Baigorria, Gran Rosario, Departamento Rosario, Santa Fe, 2152, Argentina",moreno|147|granadero baigorria,2,APTO_ENTRENAMIENTO,
DG-0064,Mitre,1174,Granadero Baigorria,San Miguel,-32.8614801,-60.7222913,1.332490,"1174, Mitre, San Miguel, Granadero Baigorria, Municipio de Granadero Baigorria, Gran Rosario, Departamento Rosario, Santa Fe, 2152, Argentina",mitre|1174|granadero baigorria,2,APTO_ENTRENAMIENTO,
DG-0065,Av. Buenos Aires,2859,Granadero Baigorria,Centro,-32.8593797,-60.7098640,1.622906,"Avenida Buenos Aires, Centro, Granadero Baigorria, Municipio de Granadero Baigorria, Gran Rosario, Departamento Rosario, Santa Fe, 2152, Argentina",av. buenos aires|2859|granadero baigorria,1,APTO_ENTRENAMIENTO,
DG-0066,Alem,168,Granadero Baigorria,No especificado,-32.8371272,-60.7073669,1.983006,"168, Leandro N. Alem, Granadero Baigorria, Municipio de Granadero Baigorria, Gran Rosario, Departamento Rosario, Santa Fe, 2152, Argentina",alem|168|granadero baigorria,1,APTO_ENTRENAMIENTO,
DG-0067,Jujuy,2210,Granadero Baigorria,Santa Rita,-32.8376724,-60.7047243,2.129601,"Jujuy Pasage, Santa Rita, Granadero Baigorria, Municipio de Granadero Baigorria, Gran Rosario, Departamento Rosario, Santa Fe, 2152, Argentina",jujuy|2210|granadero baigorria,1,APTO_ENTRENAMIENTO,
DG-0068,Santa Fe,2068,Granadero Baigorria,No especificado,-32.8545638,-60.7135316,1.021254,"Avenida Santa Fe, Granadero Baigorria, Municipio de Granadero Baigorria, Gran Rosario, Departamento Rosario, Santa Fe, 2152, Argentina",santa fe|2068|granadero baigorria,2,APTO_ENTRENAMIENTO,
DG-0069,Teniente Güemes,,Pérez,Parque Güemes,-32.9963134,-60.7803192,17.189283,"Teniente Coronel Pablo Richieri, Parque Güemes, Pérez, Municipio de Pérez, Gran Rosario, Departamento Rosario, Santa Fe, S2121, Argentina",teniente guemes||perez,1,APTO_ENTRENAMIENTO,
DG-0070,Av. Alvear,2428,Granadero Baigorria,Centro,-32.8591147,-60.7033762,2.094076,"Avenida San Martín y Alvear, Avenida José de San Martín, Centro, Granadero Baigorria, Municipio de Granadero Baigorria, Gran Rosario, Departamento Rosario, Santa Fe, 2152, Argentina",av. alvear|2428|granadero baigorria,1,APTO_ENTRENAMIENTO,
DG-0071,Candelaria,808,Funes,Zona 5,-32.9082855,-60.8113797,10.553618,"808, Candelaria, Rudof, Zona 5, Funes, Municipio de Funes, Gran Rosario, Departamento Rosario, Santa Fe, S2132, Argentina",candelaria|808|funes,1,APTO_ENTRENAMIENTO,
DG-0072,Ituzaingó,1044,Granadero Baigorria,San Miguel,-32.8622297,-60.7125083,1.703331,"1044, Ituzaingó, San Miguel, Granadero Baigorria, Municipio de Granadero Baigorria, Gran Rosario, Departamento Rosario, Santa Fe, 2152, Argentina",ituzaingo|1044|granadero baigorria,1,APTO_ENTRENAMIENTO,
DG-0073,Calle 7,2476,Granadero Baigorria,Los Robles,-32.8457819,-60.7091734,1.325375,"2476, Calle 7, Bon Vivant, Los Robles, Granadero Baigorria, Municipio de Granadero Baigorria, Gran Rosario, Departamento Rosario, Santa Fe, 2152, Argentina",calle 7|2476|granadero baigorria,1,APTO_ENTRENAMIENTO,
DG-0074,Quiroga,,Granadero Baigorria,No especificado,-32.8551502,-60.7216756,0.634808,"Facundo Quiroga, Granadero Baigorria, Municipio de Granadero Baigorria, Gran Rosario, Departamento Rosario, Santa Fe, 2152, Argentina",quiroga||granadero baigorria,2,APTO_ENTRENAMIENTO,
DG-0075,Suipacha,1034,Granadero Baigorria,San Miguel,-32.8641806,-60.7200919,1.649780,"1034, Suipacha, San Miguel, Granadero Baigorria, Municipio de Granadero Baigorria, Gran Rosario, Departamento Rosario, Santa Fe, 2152, Argentina",suipacha|1034|granadero baigorria,1,APTO_ENTRENAMIENTO,
DG-0076,Mitre,873,Granadero Baigorria,San Miguel,-32.8602940,-60.7177364,1.285041,"873, Mitre, San Miguel, Granadero Baigorria, Municipio de Granadero Baigorria, Gran Rosario, Departamento Rosario, Santa Fe, 2152, Argentina",mitre|873|granadero baigorria,3,APTO_ENTRENAMIENTO,
DG-0077,Pasaje 608,4274,Granadero Baigorria,San Miguel,-32.8611501,-60.7132030,1.567532,"608, Pasaje E. Carriego, San Miguel, Granadero Baigorria, Municipio de Granadero Baigorria, Gran Rosario, Departamento Rosario, Santa Fe, 2152, Argentina",pasaje 608|4274|granadero baigorria,1,APTO_ENTRENAMIENTO,
DG-0078,Junín,3479,Granadero Baigorria,No especificado,-32.8549593,-60.7196408,0.669027,"Junín, Granadero Baigorria, Municipio de Granadero Baigorria, Gran Rosario, Departamento Rosario, Santa Fe, 2152, Argentina",junin|3479|granadero baigorria,1,APTO_ENTRENAMIENTO,
DG-0079,Perito Moreno,525,Granadero Baigorria,No especificado,-32.8518037,-60.7150101,0.758492,"525, Perito Moreno, Granadero Baigorria, Municipio de Granadero Baigorria, Gran Rosario, Departamento Rosario, Santa Fe, 2152, Argentina",perito moreno|525|granadero baigorria,1,APTO_ENTRENAMIENTO,
DG-0080,La Cautiva,1355,Granadero Baigorria,Bon Vivant,-32.8545260,-60.7125890,1.093638,"La Cautiva, Bon Vivant, Granadero Baigorria, Municipio de Granadero Baigorria, Gran Rosario, Departamento Rosario, Santa Fe, 2152, Argentina",la cautiva|1355|granadero baigorria,1,APTO_ENTRENAMIENTO,
DG-0081,Pancho Ramirez,831,Granadero Baigorria,No especificado,-32.8544692,-60.7188454,0.657072,"831, Pancho Ramírez, Granadero Baigorria, Municipio de Granadero Baigorria, Gran Rosario, Departamento Rosario, Santa Fe, 2152, Argentina",pancho ramirez|831|granadero baigorria,1,APTO_ENTRENAMIENTO,
DG-0082,Lima,1846,Granadero Baigorria,Nuestra Señora de La Paz,-32.8628299,-60.7283980,1.576308,"Lima, Nuestra Señora de La Paz, Municipio de Granadero Baigorria, Gran Rosario, Departamento Rosario, Santa Fe, 2152, Argentina",lima|1846|granadero baigorria,1,APTO_ENTRENAMIENTO,
DG-0083,La Cautiva,1765,Granadero Baigorria,Bon Vivant,-32.8552170,-60.7124397,1.146399,"1765, La Cautiva, Bon Vivant, Granadero Baigorria, Municipio de Granadero Baigorria, Gran Rosario, Departamento Rosario, Santa Fe, 2152, Argentina",la cautiva|1765|granadero baigorria,1,APTO_ENTRENAMIENTO,
DG-0084,Callao,1052,Granadero Baigorria,San Miguel,-32.8644043,-60.7217203,1.659507,"1052, Callao, San Miguel, Granadero Baigorria, Municipio de Granadero Baigorria, Gran Rosario, Departamento Rosario, Santa Fe, 2152, Argentina",callao|1052|granadero baigorria,3,APTO_ENTRENAMIENTO,
DG-0085,Eva Peron,1408,Granadero Baigorria,No especificado,-32.8590438,-60.7304880,1.289062,"Eva Perón, Municipio de Granadero Baigorria, Gran Rosario, Departamento Rosario, Santa Fe, 2152, Argentina",eva peron|1408|granadero baigorria,1,APTO_ENTRENAMIENTO,
DG-0086,Eva Peron,1673,Granadero Baigorria,San Miguel,-32.8583409,-60.7125263,1.364214,"Eva Perón, San Miguel, Granadero Baigorria, Municipio de Granadero Baigorria, Gran Rosario, Departamento Rosario, Santa Fe, 2152, Argentina",eva peron|1673|granadero baigorria,2,APTO_ENTRENAMIENTO,
DG-0087,Paine,845,Granadero Baigorria,No especificado,-32.8572471,-60.7181831,0.957235,"845, Paine, Granadero Baigorria, Municipio de Granadero Baigorria, Gran Rosario, Departamento Rosario, Santa Fe, 2152, Argentina",paine|845|granadero baigorria,1,APTO_ENTRENAMIENTO,
DG-0088,Brown,1140,Granadero Baigorria,San Miguel,-32.8601822,-60.7221881,1.188535,"1140, Almirante Brown, San Miguel, Granadero Baigorria, Municipio de Granadero Baigorria, Gran Rosario, Departamento Rosario, Santa Fe, 2152, Argentina",brown|1140|granadero baigorria,1,APTO_ENTRENAMIENTO,
DG-0089,Los Alamos,8158,Ibarlucea,Autostrada,-32.8686370,-60.7291142,2.211802,"8158, Los Álamos, Autostrada, Ybarlucea, Municipio de Ybarlucea, Gran Rosario, Departamento Rosario, Santa Fe, S2142, Argentina",los alamos|8158|ibarlucea,1,APTO_ENTRENAMIENTO,
DG-0090,La Cautiva,1363,Granadero Baigorria,Bon Vivant,-32.8545260,-60.7125890,1.093638,"La Cautiva, Bon Vivant, Granadero Baigorria, Municipio de Granadero Baigorria, Gran Rosario, Departamento Rosario, Santa Fe, 2152, Argentina",la cautiva|1363|granadero baigorria,4,APTO_ENTRENAMIENTO,
DG-0091,A. Roldan,3209,Roldán,No especificado,-32.9056587,-60.9138217,18.912944,"Molinos Benvenuto S.A., Roldán, Municipio de Roldán, Gran Rosario, Departamento San Lorenzo, Santa Fe, S2134, Argentina",a. roldan|3209|roldan,1,APTO_ENTRENAMIENTO,
DG-0092,Richieri,235,Fray Luis Beltrán,Granaderos,-32.7986377,-60.7248799,5.659531,"235, Richieri, Granaderos, Fray Luis Beltrán, Municipio de Fray Luis Beltrán, Gran Rosario, Departamento San Lorenzo, Santa Fe, 2156, Argentina",richieri|235|fray luis beltran,1,APTO_ENTRENAMIENTO,
DG-0093,Calle 6,2231,Granadero Baigorria,Los Robles,-32.8499263,-60.7070061,1.462415,"2231, Crucero General Belgrano, Bon Vivant, Los Robles, Granadero Baigorria, Municipio de Granadero Baigorria, Gran Rosario, Departamento Rosario, Santa Fe, 2152, Argentina",calle 6|2231|granadero baigorria,2,APTO_ENTRENAMIENTO,
DG-0094,Calle 1,362,Granadero Baigorria,Los Robles,-32.8500470,-60.7128305,0.919573,"362, Intendente Sorigotti, Bon Vivant, Los Robles, Granadero Baigorria, Municipio de Granadero Baigorria, Gran Rosario, Departamento Rosario, Santa Fe, 2152, Argentina",calle 1|362|granadero baigorria,12,APTO_ENTRENAMIENTO,
DG-0095,Arcos,3228,Funes,Zona 2,-32.9304178,-60.8266535,13.238406,"Arcos del Sol, 3051, Lennox, La Cardera, Zona 2, Funes, Municipio de Funes, Gran Rosario, Departamento Rosario, Santa Fe, S2132, Argentina",arcos|3228|funes,1,APTO_ENTRENAMIENTO,
DG-0096,Baguales,3323,Granadero Baigorria,Lomas de Alicia,-32.8374458,-60.7188219,1.387394,"Baguales, Lomas de Alicia, Granadero Baigorria, Municipio de Granadero Baigorria, Gran Rosario, Departamento Rosario, Santa Fe, 2152, Argentina",baguales|3323|granadero baigorria,1,APTO_ENTRENAMIENTO,
DG-0097,Calle 12,2342,Granadero Baigorria,Los Robles,-32.8491391,-60.7127462,0.926316,"2342, Calle 12, Bon Vivant, Los Robles, Granadero Baigorria, Municipio de Granadero Baigorria, Gran Rosario, Departamento Rosario, Santa Fe, 2152, Argentina",calle 12|2342|granadero baigorria,3,APTO_ENTRENAMIENTO,
DG-0098,Calle 12,2461,Granadero Baigorria,Los Robles,-32.8469737,-60.7133997,0.908928,"2461, Calle 12, Bon Vivant, Los Robles, Granadero Baigorria, Municipio de Granadero Baigorria, Gran Rosario, Departamento Rosario, Santa Fe, 2152, Argentina",calle 12|2461|granadero baigorria,2,APTO_ENTRENAMIENTO,
DG-0099,6 de Enero,635,Granadero Baigorria,Los Robles,-32.8367167,-60.7153346,1.577378,"8 de Enero, Los Robles, Granadero Baigorria, Municipio de Granadero Baigorria, Gran Rosario, Departamento Rosario, Santa Fe, 2152, Argentina",6 de enero|635|granadero baigorria,2,APTO_ENTRENAMIENTO,
DG-0100,Perito Moreno,566,Granadero Baigorria,No especificado,-32.8519500,-60.7156023,0.712724,"566, Perito Moreno, Granadero Baigorria, Municipio de Granadero Baigorria, Gran Rosario, Departamento Rosario, Santa Fe, 2152, Argentina",perito moreno|566|granadero baigorria,2,APTO_ENTRENAMIENTO,
DG-0101,Jose Hernandez,1958,Granadero Baigorria,No especificado,-32.8554504,-60.7222756,0.662527,"1958, José Hernández, Granadero Baigorria, Municipio de Granadero Baigorria, Gran Rosario, Departamento Rosario, Santa Fe, 2152, Argentina",jose hernandez|1958|granadero baigorria,1,APTO_ENTRENAMIENTO,
DG-0102,Pita,150,Funes,Kentucky,-32.9420807,-60.8326902,14.543911,"Ibira Pita, Kentucky, Zona 10, Funes, Municipio de Funes, Gran Rosario, Departamento Rosario, Santa Fe, S2132, Argentina",pita|150|funes,1,APTO_ENTRENAMIENTO,
DG-0103,Chaco,1118,Granadero Baigorria,Santa Rita,-32.8401483,-60.7030293,2.107659,"Chaco, Santa Rita, Granadero Baigorria, Municipio de Granadero Baigorria, Gran Rosario, Departamento Rosario, Santa Fe, 2152, Argentina",chaco|1118|granadero baigorria,1,APTO_ENTRENAMIENTO,
DG-0104,Callao,2136,Granadero Baigorria,No especificado,-32.8534379,-60.7223596,0.438665,"2136, Callao, Granadero Baigorria, Municipio de Granadero Baigorria, Gran Rosario, Departamento Rosario, Santa Fe, 2152, Argentina",callao|2136|granadero baigorria,3,APTO_ENTRENAMIENTO,
DG-0105,Balcarce,1116,Granadero Baigorria,San Miguel,-32.8645949,-60.7202898,1.692865,"1116, Balcarce, San Miguel, Granadero Baigorria, Municipio de Granadero Baigorria, Gran Rosario, Departamento Rosario, Santa Fe, 2152, Argentina",balcarce|1116|granadero baigorria,1,APTO_ENTRENAMIENTO,
DG-0106,Mitre,1263,Granadero Baigorria,San Miguel,-32.8619403,-60.7235898,1.385999,"1263, Mitre, San Miguel, Granadero Baigorria, Municipio de Granadero Baigorria, Gran Rosario, Departamento Rosario, Santa Fe, 2152, Argentina",mitre|1263|granadero baigorria,2,APTO_ENTRENAMIENTO,
DG-0107,Calle 268,,Granadero Baigorria,Los Robles,-32.8495070,-60.7103375,1.150450,"268, Intendente Sorigotti, Bon Vivant, Los Robles, Granadero Baigorria, Municipio de Granadero Baigorria, Gran Rosario, Departamento Rosario, Santa Fe, 2152, Argentina",calle 268||granadero baigorria,1,APTO_ENTRENAMIENTO,
DG-0108,Silvestre,3255,Granadero Baigorria,No especificado,-32.8515544,-60.7355108,1.222613,"Avenida Silvestre Begnis, Municipio de Granadero Baigorria, Gran Rosario, Departamento Rosario, Santa Fe, 2152, Argentina",silvestre|3255|granadero baigorria,1,APTO_ENTRENAMIENTO,
DG-0109,Jose Hernandez,1842,Granadero Baigorria,No especificado,-32.8563779,-60.7220320,0.766919,"1842, José Hernández, Granadero Baigorria, Municipio de Granadero Baigorria, Gran Rosario, Departamento Rosario, Santa Fe, 2152, Argentina",jose hernandez|1842|granadero baigorria,1,APTO_ENTRENAMIENTO,
DG-0110,Estanislao Lopez,2122,Granadero Baigorria,No especificado,-32.8535602,-60.7216385,0.461248,"2122, Estanislao López, Granadero Baigorria, Municipio de Granadero Baigorria, Gran Rosario, Departamento Rosario, Santa Fe, 2152, Argentina",estanislao lopez|2122|granadero baigorria,1,APTO_ENTRENAMIENTO,
DG-0111,Parana,973,Rosario,Echesortu,-32.9391155,-60.6918588,10.371240,"973, Paraná, Echesortu, Distrito Centro, Rosario, Municipio de Rosario, Gran Rosario, Departamento Rosario, Santa Fe, 2002, Argentina",parana|973|rosario,1,APTO_ENTRENAMIENTO,
DG-0112,Calle 12,2342,Granadero Baigorria,Los Robles,-32.8491391,-60.7127462,0.926316,"2342, Calle 12, Bon Vivant, Los Robles, Granadero Baigorria, Municipio de Granadero Baigorria, Gran Rosario, Departamento Rosario, Santa Fe, 2152, Argentina",calle 12|2342|granadero baigorria,3,APTO_ENTRENAMIENTO,
DG-0113,San Bartolome,789,Rosario,Antártida Argentina,-32.9420736,-60.7376848,10.388897,"Colegio San Bartolomé, Bulevar Wilde, Área Productiva Ludueña, Antártida Argentina, Distrito Noroeste, Rosario, Municipio de Rosario, Gran Rosario, Departamento Rosario, Santa Fe, S2000, Argentina",san bartolome|789|rosario,1,APTO_ENTRENAMIENTO,
DG-0114,Eva Peron,3285,Granadero Baigorria,San Miguel,-32.8583409,-60.7125263,1.364214,"Eva Perón, San Miguel, Granadero Baigorria, Municipio de Granadero Baigorria, Gran Rosario, Departamento Rosario, Santa Fe, 2152, Argentina",eva peron|3285|granadero baigorria,1,APTO_ENTRENAMIENTO,
DG-0115,Perito Moreno,580,Granadero Baigorria,No especificado,-32.8519999,-60.7158045,0.697498,"580, Perito Moreno, Granadero Baigorria, Municipio de Granadero Baigorria, Gran Rosario, Departamento Rosario, Santa Fe, 2152, Argentina",perito moreno|580|granadero baigorria,1,APTO_ENTRENAMIENTO,
DG-0116,Estanislao Lopez,2147,Granadero Baigorria,No especificado,-32.8532712,-60.7217309,0.428029,"2147, Estanislao López, Granadero Baigorria, Municipio de Granadero Baigorria, Gran Rosario, Departamento Rosario, Santa Fe, 2152, Argentina",estanislao lopez|2147|granadero baigorria,1,APTO_ENTRENAMIENTO,
DG-0117,San Martín,419,Rosario,La Florida,-32.8711247,-60.6996508,3.224527,"Avenida José de San Martín, La Florida, Celedonio Escalada, Distrito Norte, Rosario, Municipio de Rosario, Municipio de Granadero Baigorria, Gran Rosario, Departamento Rosario, Santa Fe, S2000, Argentina",san martin|419|rosario,1,APTO_ENTRENAMIENTO,
DG-0118,Los Álamos,8103,Ibarlucea,Autostrada,-32.8684649,-60.7293440,2.199400,"8103, Los Álamos, Autostrada, Ybarlucea, Municipio de Ybarlucea, Gran Rosario, Departamento Rosario, Santa Fe, S2142, Argentina",los alamos|8103|ibarlucea,1,APTO_ENTRENAMIENTO,
DG-0119,Matheu,2069,Rosario,Nuevo Alberdi,-32.8890356,-60.7248098,4.400710,"Matheu, Nuevo Alberdi, La Cerámica y Cuyo, Distrito Norte, Rosario, Municipio de Rosario, Gran Rosario, Departamento Rosario, Santa Fe, S2000, Argentina",matheu|2069|rosario,1,APTO_ENTRENAMIENTO,
DG-0120,Santa Fe,1850,Granadero Baigorria,No especificado,-32.8545957,-60.7134719,1.027862,"1850, Avenida Santa Fe, Granadero Baigorria, Municipio de Granadero Baigorria, Gran Rosario, Departamento Rosario, Santa Fe, 2152, Argentina",santa fe|1850|granadero baigorria,1,APTO_ENTRENAMIENTO,
DG-0121,Maipú,1430,Rosario,Rosario Centro,-32.9547342,-60.6373216,14.155881,"1430, Maipú, Rosario Centro, Distrito Centro, Rosario, Municipio de Rosario, Gran Rosario, Departamento Rosario, Santa Fe, 2000, Argentina",maipu|1430|rosario,1,APTO_ENTRENAMIENTO,
DG-0122,Seco,870,Arroyo Seco,No especificado,-33.1546140,-60.5082223,39.381546,"Arroyo Seco, Municipio de Arroyo Seco, Gran Rosario, Departamento Rosario, Santa Fe, Argentina",seco|870|arroyo seco,1,REVISAR_DISTANCIA,Distancia al corralón superior a 30.0 km.
DG-0123,Montevideo,1216,Granadero Baigorria,Nuestra Señora de La Paz,-32.8630511,-60.7285633,1.604703,"Montevideo, Nuestra Señora de La Paz, Municipio de Granadero Baigorria, Gran Rosario, Departamento Rosario, Santa Fe, 2152, Argentina",montevideo|1216|granadero baigorria,1,APTO_ENTRENAMIENTO,
DG-0124,Calle 9,62,Granadero Baigorria,Los Robles,-32.8468587,-60.7107688,1.148386,"Calle 9, Bon Vivant, Los Robles, Granadero Baigorria, Municipio de Granadero Baigorria, Gran Rosario, Departamento Rosario, Santa Fe, 2152, Argentina",calle 9|62|granadero baigorria,1,APTO_ENTRENAMIENTO,
DG-0125,Los Álamos,8269,Ibarlucea,Logaritmo,-32.8718463,-60.7408478,3.010319,"Los Álamos, Logaritmo, Ybarlucea, Municipio de Ybarlucea, Gran Rosario, Departamento Rosario, Santa Fe, S2142, Argentina",los alamos|8269|ibarlucea,1,APTO_ENTRENAMIENTO,
DG-0126,Moreno,3555,Granadero Baigorria,Centro,-32.8633748,-60.7052683,2.239862,"Moreno, Centro, Granadero Baigorria, Municipio de Granadero Baigorria, Gran Rosario, Departamento Rosario, Santa Fe, 2152, Argentina",moreno|3555|granadero baigorria,1,APTO_ENTRENAMIENTO,
DG-0127,Yrigoyen,3533,Funes,Funes Norte,-32.8966815,-60.8092856,9.642693,"Hipólito Yrigoyen, Paseo del Norte, Funes Norte, Zona 5, Funes, Municipio de Funes, Gran Rosario, Departamento Rosario, Santa Fe, S2132, Argentina",yrigoyen|3533|funes,1,APTO_ENTRENAMIENTO,
DG-0128,La Cautiva,955,Granadero Baigorria,Bon Vivant,-32.8545260,-60.7125890,1.093638,"La Cautiva, Bon Vivant, Granadero Baigorria, Municipio de Granadero Baigorria, Gran Rosario, Departamento Rosario, Santa Fe, 2152, Argentina",la cautiva|955|granadero baigorria,1,APTO_ENTRENAMIENTO,
DG-0129,Calle 11,2380,Granadero Baigorria,Los Robles,-32.8483083,-60.7120964,0.995021,"2380, Calle 11, Bon Vivant, Los Robles, Granadero Baigorria, Municipio de Granadero Baigorria, Gran Rosario, Departamento Rosario, Santa Fe, 2152, Argentina",calle 11|2380|granadero baigorria,1,APTO_ENTRENAMIENTO,
DG-0130,Charcas,1397,Granadero Baigorria,San Miguel,-32.8621227,-60.7192371,1.439327,"Charcas, San Miguel, Granadero Baigorria, Municipio de Granadero Baigorria, Gran Rosario, Departamento Rosario, Santa Fe, 2152, Argentina",charcas|1397|granadero baigorria,1,APTO_ENTRENAMIENTO,
DG-0131,Jorge Newbery,1363,Granadero Baigorria,No especificado,-32.8564864,-60.7255655,0.823052,"1363, Jorge Newbery, Municipio de Granadero Baigorria, Gran Rosario, Departamento Rosario, Santa Fe, 2152, Argentina",jorge newbery|1363|granadero baigorria,2,APTO_ENTRENAMIENTO,
DG-0132,Calle 13,2223,Granadero Baigorria,Los Robles,-32.8505297,-60.7132150,0.889039,"2223, Calle 13, Los Robles, Granadero Baigorria, Municipio de Granadero Baigorria, Gran Rosario, Departamento Rosario, Santa Fe, 2152, Argentina",calle 13|2223|granadero baigorria,1,APTO_ENTRENAMIENTO,
DG-0133,Jorge Newbery,1363,Granadero Baigorria,No especificado,-32.8564864,-60.7255655,0.823052,"1363, Jorge Newbery, Municipio de Granadero Baigorria, Gran Rosario, Departamento Rosario, Santa Fe, 2152, Argentina",jorge newbery|1363|granadero baigorria,2,APTO_ENTRENAMIENTO,
DG-0134,Suipacha,1210,Granadero Baigorria,San Miguel,-32.8621768,-60.7207812,1.420334,"1210, Suipacha, San Miguel, Granadero Baigorria, Municipio de Granadero Baigorria, Gran Rosario, Departamento Rosario, Santa Fe, 2152, Argentina",suipacha|1210|granadero baigorria,1,APTO_ENTRENAMIENTO,
DG-0135,Junín,2210,Granadero Baigorria,No especificado,-32.8519025,-60.7206490,0.326153,"2210, Junín, Granadero Baigorria, Municipio de Granadero Baigorria, Gran Rosario, Departamento Rosario, Santa Fe, 2152, Argentina",junin|2210|granadero baigorria,1,APTO_ENTRENAMIENTO,
DG-0136,Junín,1218,Granadero Baigorria,San Miguel,-32.8613744,-60.7177761,1.396687,"1218, Junín, San Miguel, Granadero Baigorria, Municipio de Granadero Baigorria, Gran Rosario, Departamento Rosario, Santa Fe, 2152, Argentina",junin|1218|granadero baigorria,1,APTO_ENTRENAMIENTO,
DG-0137,Calle 5,2642,Granadero Baigorria,Los Robles,-32.8437458,-60.7112072,1.246097,"Malvinas Argentinas, Los Robles, Granadero Baigorria, Municipio de Granadero Baigorria, Gran Rosario, Departamento Rosario, Santa Fe, 2152, Argentina",calle 5|2642|granadero baigorria,1,APTO_ENTRENAMIENTO,
DG-0138,Calle 3,2260,Granadero Baigorria,Los Robles,-32.8467785,-60.7108038,1.147546,"Calle 3, Bon Vivant, Los Robles, Granadero Baigorria, Municipio de Granadero Baigorria, Gran Rosario, Departamento Rosario, Santa Fe, 2152, Argentina",calle 3|2260|granadero baigorria,1,APTO_ENTRENAMIENTO,
DG-0139,Chaco,1149,Granadero Baigorria,Santa Rita,-32.8401483,-60.7030293,2.107659,"Chaco, Santa Rita, Granadero Baigorria, Municipio de Granadero Baigorria, Gran Rosario, Departamento Rosario, Santa Fe, 2152, Argentina",chaco|1149|granadero baigorria,1,APTO_ENTRENAMIENTO,
DG-0140,Belgrano,1074,Granadero Baigorria,Centro,-32.8645038,-60.7048614,2.354769,"Belgrano, Centro, Granadero Baigorria, Municipio de Granadero Baigorria, Gran Rosario, Departamento Rosario, Santa Fe, 2152, Argentina",belgrano|1074|granadero baigorria,2,APTO_ENTRENAMIENTO,
DG-0141,Moreno,783,Granadero Baigorria,Centro,-32.8633748,-60.7052683,2.239862,"Moreno, Centro, Granadero Baigorria, Municipio de Granadero Baigorria, Gran Rosario, Departamento Rosario, Santa Fe, 2152, Argentina",moreno|783|granadero baigorria,1,APTO_ENTRENAMIENTO,
DG-0142,Arijón,2472,Rosario,Las Delicias,-33.0032453,-60.6552433,18.216630,"Avenida Manuel Arijón, Las Delicias, Mercedes de San Martín, Rosario, Municipio de Rosario, Gran Rosario, Departamento Rosario, Santa Fe, S2000, Argentina",arijon|2472|rosario,1,APTO_ENTRENAMIENTO,
DG-0143,Los Olivos,2780,Granadero Baigorria,Santa Rita,-32.8424278,-60.7036352,1.942905,"2780, Los Olivos, Santa Rita, Granadero Baigorria, Municipio de Granadero Baigorria, Gran Rosario, Departamento Rosario, Santa Fe, 2152, Argentina",los olivos|2780|granadero baigorria,1,APTO_ENTRENAMIENTO,
DG-0144,Calle 2,136,Granadero Baigorria,Los Robles,-32.8475189,-60.7105448,1.152362,"Intendente Monti, Bon Vivant, Los Robles, Granadero Baigorria, Municipio de Granadero Baigorria, Gran Rosario, Departamento Rosario, Santa Fe, 2152, Argentina",calle 2|136|granadero baigorria,1,APTO_ENTRENAMIENTO,
DG-0145,Calle 11,2328,Granadero Baigorria,Los Robles,-32.8491885,-60.7118322,1.011420,"2328, Calle 11, Bon Vivant, Los Robles, Granadero Baigorria, Municipio de Granadero Baigorria, Gran Rosario, Departamento Rosario, Santa Fe, 2152, Argentina",calle 11|2328|granadero baigorria,1,APTO_ENTRENAMIENTO,
DG-0146,Hipólito Yrigoyen,3302,Funes,Zona 2,-32.9320592,-60.8121298,12.412622,"3302, Hipólito Yrigoyen, San Sebastián, Zona 2, Funes, Municipio de Funes, Gran Rosario, Departamento Rosario, Santa Fe, S2132, Argentina",hipolito yrigoyen|3302|funes,1,APTO_ENTRENAMIENTO,
DG-0147,Dorrego,3380,Granadero Baigorria,Los Robles,-32.8375484,-60.7128455,1.614244,"3380, Coronel Dorrego, Los Robles, Granadero Baigorria, Municipio de Granadero Baigorria, Gran Rosario, Departamento Rosario, Santa Fe, 2152, Argentina",dorrego|3380|granadero baigorria,1,APTO_ENTRENAMIENTO,
DG-0148,San Martín,676,Rosario,La Florida,-32.8711247,-60.6996508,3.224527,"Avenida José de San Martín, La Florida, Celedonio Escalada, Distrito Norte, Rosario, Municipio de Rosario, Municipio de Granadero Baigorria, Gran Rosario, Departamento Rosario, Santa Fe, S2000, Argentina",san martin|676|rosario,1,APTO_ENTRENAMIENTO,
DG-0149,Eva Perón,1062,Granadero Baigorria,San Miguel,-32.8587289,-60.7214287,1.032495,"1062, Eva Perón, San Miguel, Granadero Baigorria, Municipio de Granadero Baigorria, Gran Rosario, Departamento Rosario, Santa Fe, 2152, Argentina",eva peron|1062|granadero baigorria,1,APTO_ENTRENAMIENTO,
DG-0150,Dorrego,1371,Granadero Baigorria,Los Robles,-32.8428550,-60.7142063,1.081064,"Coronel Dorrego, Los Robles, Granadero Baigorria, Municipio de Granadero Baigorria, Gran Rosario, Departamento Rosario, Santa Fe, 2152, Argentina",dorrego|1371|granadero baigorria,1,APTO_ENTRENAMIENTO,
DG-0151,México,1019,Granadero Baigorria,No especificado,-32.8423930,-60.7074007,1.629359,"Pasaje Mexico, Granadero Baigorria, Municipio de Granadero Baigorria, Gran Rosario, Departamento Rosario, Santa Fe, 2152, Argentina",mexico|1019|granadero baigorria,1,APTO_ENTRENAMIENTO,
DG-0152,Eva Perón,1405,Granadero Baigorria,San Miguel,-32.8583409,-60.7125263,1.364214,"Eva Perón, San Miguel, Granadero Baigorria, Municipio de Granadero Baigorria, Gran Rosario, Departamento Rosario, Santa Fe, 2152, Argentina",eva peron|1405|granadero baigorria,3,APTO_ENTRENAMIENTO,
DG-0153,Moreno,3340,Granadero Baigorria,Centro,-32.8633748,-60.7052683,2.239862,"Moreno, Centro, Granadero Baigorria, Municipio de Granadero Baigorria, Gran Rosario, Departamento Rosario, Santa Fe, 2152, Argentina",moreno|3340|granadero baigorria,1,APTO_ENTRENAMIENTO,
DG-0154,Napoli,3550,Rosario,Luis Agote,-32.9355524,-60.6709385,10.717828,"La Bella Napoli, Tucumán, Luis Agote, Distrito Centro, Rosario, Municipio de Rosario, Gran Rosario, Departamento Rosario, Santa Fe, S2000, Argentina",napoli|3550|rosario,1,APTO_ENTRENAMIENTO,
DG-0155,Jose Hernandez,1843,Granadero Baigorria,No especificado,-32.8563688,-60.7220350,0.765889,"1843, José Hernández, Granadero Baigorria, Municipio de Granadero Baigorria, Gran Rosario, Departamento Rosario, Santa Fe, 2152, Argentina",jose hernandez|1843|granadero baigorria,2,APTO_ENTRENAMIENTO,
DG-0156,Tierra del Fuego,286,Granadero Baigorria,Bon Vivant,-32.8495479,-60.7048183,1.666033,"286, Tierra del Fuego, Bon Vivant, Granadero Baigorria, Municipio de Granadero Baigorria, Gran Rosario, Departamento Rosario, Santa Fe, 2152, Argentina",tierra del fuego|286|granadero baigorria,1,APTO_ENTRENAMIENTO,
DG-0157,Rawson,610,Granadero Baigorria,Bon Vivant,-32.8498624,-60.7017781,1.950435,"Rawson, Bon Vivant, Granadero Baigorria, Municipio de Granadero Baigorria, Gran Rosario, Departamento Rosario, Santa Fe, 2152, Argentina",rawson|610|granadero baigorria,1,APTO_ENTRENAMIENTO,
DG-0158,Santa Fe,2192,Granadero Baigorria,No especificado,-32.8517366,-60.7144530,0.805333,"2192, Avenida Santa Fe, Granadero Baigorria, Municipio de Granadero Baigorria, Gran Rosario, Departamento Rosario, Santa Fe, 2152, Argentina",santa fe|2192|granadero baigorria,1,APTO_ENTRENAMIENTO,
DG-0159,Mitre,1228,Granadero Baigorria,San Miguel,-32.8604855,-60.7181286,1.292513,"Mitre, San Miguel, Granadero Baigorria, Municipio de Granadero Baigorria, Gran Rosario, Departamento Rosario, Santa Fe, 2152, Argentina",mitre|1228|granadero baigorria,1,APTO_ENTRENAMIENTO,
DG-0160,Calle 1,862,Granadero Baigorria,Mio,-32.8654683,-60.6993665,2.807775,"Calle 1, Mio, Granadero Baigorria, Municipio de Granadero Baigorria, Gran Rosario, Departamento Rosario, Santa Fe, 2152, Argentina",calle 1|862|granadero baigorria,1,APTO_ENTRENAMIENTO,
DG-0161,Calle 2,68,Granadero Baigorria,Los Robles,-32.8475189,-60.7105448,1.152362,"Intendente Monti, Bon Vivant, Los Robles, Granadero Baigorria, Municipio de Granadero Baigorria, Gran Rosario, Departamento Rosario, Santa Fe, 2152, Argentina",calle 2|68|granadero baigorria,2,APTO_ENTRENAMIENTO,
DG-0162,Don Bosco,913,Rosario,Islas Malvinas,-32.9246211,-60.6805423,9.232253,"Don Bosco, Islas Malvinas, Distrito Norte, Rosario, Municipio de Rosario, Gran Rosario, Departamento Rosario, Santa Fe, S2000, Argentina",don bosco|913|rosario,1,APTO_ENTRENAMIENTO,
DG-0163,Buenos Aires,1515,Granadero Baigorria,Correo,-32.8653332,-60.7082512,2.215628,"Avenida Buenos Aires, Correo, Granadero Baigorria, Municipio de Granadero Baigorria, Gran Rosario, Departamento Rosario, Santa Fe, 2152, Argentina",buenos aires|1515|granadero baigorria,1,APTO_ENTRENAMIENTO,
DG-0164,Pasco,965,Granadero Baigorria,San Miguel,-32.8614061,-60.7169741,1.426155,"Pasco, San Miguel, Granadero Baigorria, Municipio de Granadero Baigorria, Gran Rosario, Departamento Rosario, Santa Fe, 2152, Argentina",pasco|965|granadero baigorria,2,APTO_ENTRENAMIENTO,
DG-0165,Namur,788,San Lorenzo,San Eduardo,-32.7619131,-60.7668776,10.580069,"Namur, Lola Mora, San Eduardo, Municipio de San Lorenzo, Gran Rosario, Departamento San Lorenzo, Santa Fe, S2200JUO, Argentina",namur|788|san lorenzo,1,APTO_ENTRENAMIENTO,
DG-0166,Francia,1049,Granadero Baigorria,San Miguel,-32.8602312,-60.7193781,1.231779,"Pasaje Francia, San Miguel, Granadero Baigorria, Municipio de Granadero Baigorria, Gran Rosario, Departamento Rosario, Santa Fe, 2152, Argentina",francia|1049|granadero baigorria,1,APTO_ENTRENAMIENTO,
DG-0167,Calle 2,311,Granadero Baigorria,Los Robles,-32.8475189,-60.7105448,1.152362,"Intendente Monti, Bon Vivant, Los Robles, Granadero Baigorria, Municipio de Granadero Baigorria, Gran Rosario, Departamento Rosario, Santa Fe, 2152, Argentina",calle 2|311|granadero baigorria,1,APTO_ENTRENAMIENTO,
DG-0168,Calle 1,302,Granadero Baigorria,Los Robles,-32.8496550,-60.7110548,1.083579,"302, Intendente Sorigotti, Bon Vivant, Los Robles, Granadero Baigorria, Municipio de Granadero Baigorria, Gran Rosario, Departamento Rosario, Santa Fe, 2152, Argentina",calle 1|302|granadero baigorria,2,APTO_ENTRENAMIENTO,
DG-0169,Namur,2021,San Lorenzo,San Eduardo,-32.7619131,-60.7668776,10.580069,"Namur, Lola Mora, San Eduardo, Municipio de San Lorenzo, Gran Rosario, Departamento San Lorenzo, Santa Fe, S2200JUO, Argentina",namur|2021|san lorenzo,1,APTO_ENTRENAMIENTO,
DG-0170,Malvinas,2031,Granadero Baigorria,Los Robles,-32.8437458,-60.7112072,1.246097,"Malvinas Argentinas, Los Robles, Granadero Baigorria, Municipio de Granadero Baigorria, Gran Rosario, Departamento Rosario, Santa Fe, 2152, Argentina",malvinas|2031|granadero baigorria,1,APTO_ENTRENAMIENTO,
DG-0171,Monteagudo,3369,Rosario,Islas Malvinas,-32.9211916,-60.6677467,9.478068,"Monteagudo, Puerto Norte, Islas Malvinas, Distrito Norte, Rosario, Municipio de Rosario, Gran Rosario, Departamento Rosario, Santa Fe, S2000, Argentina",monteagudo|3369|rosario,1,APTO_ENTRENAMIENTO,
DG-0172,Zeballos,3252,Rosario,Echesortu,-32.9496810,-60.6697105,12.186936,"3252, Zeballos, Echesortu, Distrito Centro, Rosario, Municipio de Rosario, Gran Rosario, Departamento Rosario, Santa Fe, 2002, Argentina",zeballos|3252|rosario,1,APTO_ENTRENAMIENTO,
DG-0173,Buenos Aires,988,Granadero Baigorria,Centro,-32.8632217,-60.7084487,2.021927,"988, Avenida Buenos Aires, Centro, Granadero Baigorria, Municipio de Granadero Baigorria, Gran Rosario, Departamento Rosario, Santa Fe, 2152, Argentina",buenos aires|988|granadero baigorria,1,APTO_ENTRENAMIENTO,
DG-0174,Agrelo,2570,Rosario,Alberdi,-32.8890570,-60.6925278,5.221346,"2570, Pedro José Agrelo, Alberdi, Distrito Norte, Rosario, Municipio de Rosario, Gran Rosario, Departamento Rosario, Santa Fe, S2000, Argentina",agrelo|2570|rosario,3,APTO_ENTRENAMIENTO,
DG-0175,Las Heras,559,Granadero Baigorria,San Miguel,-32.8615131,-60.7121950,1.654824,"559, Las Heras, San Miguel, Granadero Baigorria, Municipio de Granadero Baigorria, Gran Rosario, Departamento Rosario, Santa Fe, 2152, Argentina",las heras|559|granadero baigorria,1,APTO_ENTRENAMIENTO,
DG-0176,Calle 2,68,Granadero Baigorria,Los Robles,-32.8475189,-60.7105448,1.152362,"Intendente Monti, Bon Vivant, Los Robles, Granadero Baigorria, Municipio de Granadero Baigorria, Gran Rosario, Departamento Rosario, Santa Fe, 2152, Argentina",calle 2|68|granadero baigorria,2,APTO_ENTRENAMIENTO,
DG-0177,Junin,1161,Granadero Baigorria,San Miguel,-32.8620731,-60.7176257,1.474761,"1161, Junín, San Miguel, Granadero Baigorria, Municipio de Granadero Baigorria, Gran Rosario, Departamento Rosario, Santa Fe, 2152, Argentina",junin|1161|granadero baigorria,2,APTO_ENTRENAMIENTO,
DG-0178,Calle 13,2462,Granadero Baigorria,Los Robles,-32.8471809,-60.7143793,0.814801,"2462, Calle 13, Los Robles, Granadero Baigorria, Municipio de Granadero Baigorria, Gran Rosario, Departamento Rosario, Santa Fe, 2152, Argentina",calle 13|2462|granadero baigorria,1,APTO_ENTRENAMIENTO,
DG-0179,Calfucura,841,Granadero Baigorria,No especificado,-32.8533211,-60.7193666,0.524134,"841, Calfucurá, Granadero Baigorria, Municipio de Granadero Baigorria, Gran Rosario, Departamento Rosario, Santa Fe, 2152, Argentina",calfucura|841|granadero baigorria,1,APTO_ENTRENAMIENTO,
DG-0180,Carriego,239,Granadero Baigorria,San Miguel,-32.8612234,-60.7138106,1.543166,"Pasaje E. Carriego, San Miguel, Granadero Baigorria, Municipio de Granadero Baigorria, Gran Rosario, Departamento Rosario, Santa Fe, 2152, Argentina",carriego|239|granadero baigorria,1,APTO_ENTRENAMIENTO,
DG-0181,Balcarce,1018,Granadero Baigorria,San Miguel,-32.8642353,-60.7188024,1.677440,"1018, Balcarce, San Miguel, Granadero Baigorria, Municipio de Granadero Baigorria, Gran Rosario, Departamento Rosario, Santa Fe, 2152, Argentina",balcarce|1018|granadero baigorria,1,APTO_ENTRENAMIENTO,
DG-0182,Calle 12,2461,Granadero Baigorria,Los Robles,-32.8469737,-60.7133997,0.908928,"2461, Calle 12, Bon Vivant, Los Robles, Granadero Baigorria, Municipio de Granadero Baigorria, Gran Rosario, Departamento Rosario, Santa Fe, 2152, Argentina",calle 12|2461|granadero baigorria,2,APTO_ENTRENAMIENTO,
DG-0183,Mitre,1082,Granadero Baigorria,San Miguel,-32.8611177,-60.7208647,1.302520,"1082, Mitre, San Miguel, Granadero Baigorria, Municipio de Granadero Baigorria, Gran Rosario, Departamento Rosario, Santa Fe, 2152, Argentina",mitre|1082|granadero baigorria,2,APTO_ENTRENAMIENTO,
DG-0184,Moreno,147,Granadero Baigorria,Centro,-32.8630898,-60.7044212,2.276720,"147, Moreno, Centro, Granadero Baigorria, Municipio de Granadero Baigorria, Gran Rosario, Departamento Rosario, Santa Fe, 2152, Argentina",moreno|147|granadero baigorria,2,APTO_ENTRENAMIENTO,
DG-0185,Calle 6,2831,Granadero Baigorria,Los Robles,-32.8467597,-60.7080448,1.398263,"Crucero General Belgrano, Bon Vivant, Los Robles, Granadero Baigorria, Municipio de Granadero Baigorria, Gran Rosario, Departamento Rosario, Santa Fe, 2152, Argentina",calle 6|2831|granadero baigorria,1,APTO_ENTRENAMIENTO,
DG-0186,Fray Luis Beltran,7,Rosario,Domingo Faustino Sarmiento,-32.9115689,-60.6892895,7.572318,"Fray Luis Beltrán, Domingo Faustino Sarmiento, Distrito Norte, Rosario, Municipio de Rosario, Gran Rosario, Departamento Rosario, Santa Fe, S2000, Argentina",fray luis beltran|7|rosario,1,APTO_ENTRENAMIENTO,
DG-0187,Arroyos,3229,Rosario,Bernardo de Irigoyen,-33.0139699,-60.6500194,19.504074,"Pago de los Arroyos, Bernardo de Irigoyen, Presidente Roque Saenz Peña, Distrito Sur, Rosario, Municipio de Rosario, Gran Rosario, Departamento Rosario, Santa Fe, S2000, Argentina",arroyos|3229|rosario,1,APTO_ENTRENAMIENTO,
DG-0188,Marconi,1704,Granadero Baigorria,No especificado,-32.8575577,-60.7245531,0.913322,"1704, Marconi, Municipio de Granadero Baigorria, Gran Rosario, Departamento Rosario, Santa Fe, 2152, Argentina",marconi|1704|granadero baigorria,1,APTO_ENTRENAMIENTO,
DG-0189,Junin,1434,Granadero Baigorria,San Miguel,-32.8590795,-60.7185367,1.132403,"1434, Junín, San Miguel, Granadero Baigorria, Municipio de Granadero Baigorria, Gran Rosario, Departamento Rosario, Santa Fe, 2152, Argentina",junin|1434|granadero baigorria,1,APTO_ENTRENAMIENTO,
DG-0190,Calle 5,1052,Granadero Baigorria,Los Robles,-32.8437458,-60.7112072,1.246097,"Malvinas Argentinas, Los Robles, Granadero Baigorria, Municipio de Granadero Baigorria, Gran Rosario, Departamento Rosario, Santa Fe, 2152, Argentina",calle 5|1052|granadero baigorria,1,APTO_ENTRENAMIENTO,
DG-0191,Pasco,618,Granadero Baigorria,San Miguel,-32.8604965,-60.7135869,1.487325,"618, Pasco, San Miguel, Granadero Baigorria, Municipio de Granadero Baigorria, Gran Rosario, Departamento Rosario, Santa Fe, 2152, Argentina",pasco|618|granadero baigorria,1,APTO_ENTRENAMIENTO,
DG-0192,Pueyrredon,1054,Granadero Baigorria,Centro,-32.8612718,-60.7042844,2.158040,"1054, Pueyrredon, Centro, Granadero Baigorria, Municipio de Granadero Baigorria, Gran Rosario, Departamento Rosario, Santa Fe, 2152, Argentina",pueyrredon|1054|granadero baigorria,1,APTO_ENTRENAMIENTO,
DG-0193,Santa Fe,335,Granadero Baigorria,Santa Rita,-32.8419660,-60.7005036,2.232351,"Santa Rita, Granadero Baigorria, Municipio de Granadero Baigorria, Gran Rosario, Departamento Rosario, Santa Fe, 2152, Argentina",santa fe|335|granadero baigorria,1,APTO_ENTRENAMIENTO,
DG-0194,Galicia,394,Rosario,La Florida,-32.8744694,-60.6923056,3.967722,"394, Galicia, La Florida, Celedonio Escalada, Distrito Norte, Rosario, Municipio de Rosario, Gran Rosario, Departamento Rosario, Santa Fe, S2000, Argentina",galicia|394|rosario,1,APTO_ENTRENAMIENTO,
DG-0195,El Mortero,3340,Funes,Zona 9,-32.9292879,-60.8456917,14.515383,"3340, El Mortero, Cantegril, Zona 9, Funes, Municipio de Funes, Gran Rosario, Departamento Rosario, Santa Fe, S2132, Argentina",el mortero|3340|funes,1,APTO_ENTRENAMIENTO,
DG-0196,Callao,1034,Granadero Baigorria,San Miguel,-32.8645759,-60.7216632,1.678847,"1034, Callao, San Miguel, Granadero Baigorria, Municipio de Granadero Baigorria, Gran Rosario, Departamento Rosario, Santa Fe, 2152, Argentina",callao|1034|granadero baigorria,1,APTO_ENTRENAMIENTO,
DG-0197,Mitre,1082,Granadero Baigorria,San Miguel,-32.8611177,-60.7208647,1.302520,"1082, Mitre, San Miguel, Granadero Baigorria, Municipio de Granadero Baigorria, Gran Rosario, Departamento Rosario, Santa Fe, 2152, Argentina",mitre|1082|granadero baigorria,2,APTO_ENTRENAMIENTO,
DG-0198,25 de Mayo,5005,Granadero Baigorria,La Florida,-32.8712845,-60.6989572,3.281144,"25 de Mayo, La Florida, Celedonio Escalada, Distrito Norte, Rosario, Granadero Baigorria, Municipio de Granadero Baigorria, Gran Rosario, Departamento Rosario, Santa Fe, 2152, Argentina",25 de mayo|5005|granadero baigorria,1,APTO_ENTRENAMIENTO,
DG-0199,Calle 3,S/N,Granadero Baigorria,Nuestra Señora de La Paz,-32.8628755,-60.7282963,1.577877,"Nuestra Señora de La Paz, Municipio de Granadero Baigorria, Gran Rosario, Departamento Rosario, Santa Fe, 2152, Argentina",calle 3|s/n|granadero baigorria,1,APTO_ENTRENAMIENTO,
DG-0200,Díaz Vélez,1124,Granadero Baigorria,San Miguel,-32.8590172,-60.7219455,1.060261,"Díaz Vélez bis, San Miguel, Granadero Baigorria, Municipio de Granadero Baigorria, Gran Rosario, Departamento Rosario, Santa Fe, 2152, Argentina",diaz velez|1124|granadero baigorria,3,APTO_ENTRENAMIENTO,
DG-0201,Calfucurá,842,Granadero Baigorria,No especificado,-32.8534496,-60.7179082,0.623911,"842, Calfucurá, Granadero Baigorria, Municipio de Granadero Baigorria, Gran Rosario, Departamento Rosario, Santa Fe, 2152, Argentina",calfucura|842|granadero baigorria,1,APTO_ENTRENAMIENTO,
DG-0202,Calle 9,2481,Granadero Baigorria,Los Robles,-32.8460522,-60.7109058,1.162446,"2481, Calle 9, Bon Vivant, Los Robles, Granadero Baigorria, Municipio de Granadero Baigorria, Gran Rosario, Departamento Rosario, Santa Fe, 2152, Argentina",calle 9|2481|granadero baigorria,1,APTO_ENTRENAMIENTO,
DG-0203,Calle 4,67,Granadero Baigorria,Los Robles,-32.8456769,-60.7111457,1.156005,"Intendente Ansoleaga, Bon Vivant, Los Robles, Granadero Baigorria, Municipio de Granadero Baigorria, Gran Rosario, Departamento Rosario, Santa Fe, 2152, Argentina",calle 4|67|granadero baigorria,1,APTO_ENTRENAMIENTO,
DG-0204,Pancho Ramírez,956,Granadero Baigorria,No especificado,-32.8549222,-60.7204543,0.636881,"956, Pancho Ramírez, Granadero Baigorria, Municipio de Granadero Baigorria, Gran Rosario, Departamento Rosario, Santa Fe, 2152, Argentina",pancho ramirez|956|granadero baigorria,2,APTO_ENTRENAMIENTO,
DG-0205,Santiago,1388,Granadero Baigorria,Nuestra Señora de La Paz,-32.8634672,-60.7276944,1.622841,"Pasaje Santiago, Nuestra Señora de La Paz, Municipio de Granadero Baigorria, Gran Rosario, Departamento Rosario, Santa Fe, 2152, Argentina",santiago|1388|granadero baigorria,1,APTO_ENTRENAMIENTO,
DG-0206,Miguel Cané,137,Granadero Baigorria,No especificado,-32.8552682,-60.7252932,0.687115,"Miguel Cane, Municipio de Granadero Baigorria, Gran Rosario, Departamento Rosario, Santa Fe, 2152, Argentina",miguel cane|137|granadero baigorria,1,APTO_ENTRENAMIENTO,
DG-0207,Calle 6,2231,Granadero Baigorria,Los Robles,-32.8499263,-60.7070061,1.462415,"2231, Crucero General Belgrano, Bon Vivant, Los Robles, Granadero Baigorria, Municipio de Granadero Baigorria, Gran Rosario, Departamento Rosario, Santa Fe, 2152, Argentina",calle 6|2231|granadero baigorria,2,APTO_ENTRENAMIENTO,
DG-0208,Peralta,506,Rosario,Antártida Argentina,-32.9348502,-60.7382399,9.601395,"Escuela 546 Ángela Peralta Pino, 8134, San Lorenzo, Antártida Argentina, Distrito Noroeste, Rosario, Municipio de Rosario, Gran Rosario, Departamento Rosario, Santa Fe, S2000, Argentina",peralta|506|rosario,1,APTO_ENTRENAMIENTO,
DG-0209,Calle 9,2611,Granadero Baigorria,Los Robles,-32.8436991,-60.7116350,1.214728,"2611, Calle 9, Bon Vivant, Los Robles, Granadero Baigorria, Municipio de Granadero Baigorria, Gran Rosario, Departamento Rosario, Santa Fe, 2152, Argentina",calle 9|2611|granadero baigorria,3,APTO_ENTRENAMIENTO,
DG-0210,Balcarce,1074,Granadero Baigorria,San Miguel,-32.8644275,-60.7195900,1.684276,"1074, Balcarce, San Miguel, Granadero Baigorria, Municipio de Granadero Baigorria, Gran Rosario, Departamento Rosario, Santa Fe, 2152, Argentina",balcarce|1074|granadero baigorria,2,APTO_ENTRENAMIENTO,
DG-0211,Gaboto,3533,Granadero Baigorria,Los Robles,-32.8361986,-60.7169351,1.572619,"Gaboto, Los Robles, Granadero Baigorria, Municipio de Granadero Baigorria, Gran Rosario, Departamento Rosario, Santa Fe, S2154, Argentina",gaboto|3533|granadero baigorria,1,APTO_ENTRENAMIENTO,
DG-0212,López,2129,Granadero Baigorria,No especificado,-32.8534793,-60.7216643,0.451949,"2129, Estanislao López, Granadero Baigorria, Municipio de Granadero Baigorria, Gran Rosario, Departamento Rosario, Santa Fe, 2152, Argentina",lopez|2129|granadero baigorria,1,APTO_ENTRENAMIENTO,
DG-0213,Liniers,1856,Granadero Baigorria,No especificado,-32.8552985,-60.7165836,0.858529,"1856, Liniers, Granadero Baigorria, Municipio de Granadero Baigorria, Gran Rosario, Departamento Rosario, Santa Fe, 2152, Argentina",liniers|1856|granadero baigorria,1,APTO_ENTRENAMIENTO,
DG-0214,La Cautiva,1855,Granadero Baigorria,Bon Vivant,-32.8543687,-60.7126954,1.076204,"1855, La Cautiva, Bon Vivant, Granadero Baigorria, Municipio de Granadero Baigorria, Gran Rosario, Departamento Rosario, Santa Fe, 2152, Argentina",la cautiva|1855|granadero baigorria,1,APTO_ENTRENAMIENTO,
DG-0215,Calle 2,368,Granadero Baigorria,Los Robles,-32.8475189,-60.7105448,1.152362,"Intendente Monti, Bon Vivant, Los Robles, Granadero Baigorria, Municipio de Granadero Baigorria, Gran Rosario, Departamento Rosario, Santa Fe, 2152, Argentina",calle 2|368|granadero baigorria,1,APTO_ENTRENAMIENTO,
DG-0216,Eva Peron,241,Capitán Bermúdez,Villa del Prado,-32.8311692,-60.7140597,2.190763,"Eva Perón, Villa del Prado, Capitán Bermudez, Municipio de Capitán Bermudez, Gran Rosario, Departamento San Lorenzo, Santa Fe, S2154, Argentina",eva peron|241|capitan bermudez,1,APTO_ENTRENAMIENTO,
DG-0217,Rosario,314,Granadero Baigorria,El Paraíso,-32.8601038,-60.6985267,2.543402,"314, Rosario, El Paraíso, Granadero Baigorria, Municipio de Granadero Baigorria, Gran Rosario, Departamento Rosario, Santa Fe, 2152, Argentina",rosario|314|granadero baigorria,1,APTO_ENTRENAMIENTO,
DG-0218,Calle 1,2250,Granadero Baigorria,Mio,-32.8654683,-60.6993665,2.807775,"Calle 1, Mio, Granadero Baigorria, Municipio de Granadero Baigorria, Gran Rosario, Departamento Rosario, Santa Fe, 2152, Argentina",calle 1|2250|granadero baigorria,1,APTO_ENTRENAMIENTO,
DG-0219,Jujuy,3520,Granadero Baigorria,Santa Rita,-32.8376724,-60.7047243,2.129601,"Jujuy Pasage, Santa Rita, Granadero Baigorria, Municipio de Granadero Baigorria, Gran Rosario, Departamento Rosario, Santa Fe, 2152, Argentina",jujuy|3520|granadero baigorria,1,APTO_ENTRENAMIENTO,
DG-0220,Santiago,1399,Granadero Baigorria,Nuestra Señora de La Paz,-32.8634672,-60.7276944,1.622841,"Pasaje Santiago, Nuestra Señora de La Paz, Municipio de Granadero Baigorria, Gran Rosario, Departamento Rosario, Santa Fe, 2152, Argentina",santiago|1399|granadero baigorria,1,APTO_ENTRENAMIENTO,
DG-0221,Maipo,1868,Granadero Baigorria,No especificado,-32.8555707,-60.7181225,0.796666,"1868, Maipo, Granadero Baigorria, Municipio de Granadero Baigorria, Gran Rosario, Departamento Rosario, Santa Fe, 2152, Argentina",maipo|1868|granadero baigorria,1,APTO_ENTRENAMIENTO,
DG-0222,Punta Arenas,525,Rosario,República de la Sexta,-32.9650569,-60.6022529,17.071549,"Playa Punta Arenas, Avenida Manuel Belgrano, República de la Sexta, Distrito Centro, Rosario, Municipio de Rosario, Gran Rosario, Departamento Rosario, Santa Fe, S2000, Argentina",punta arenas|525|rosario,1,APTO_ENTRENAMIENTO,
DG-0223,Maipo,2073,Granadero Baigorria,No especificado,-32.8538200,-60.7185915,0.612066,"2073, Maipo, Granadero Baigorria, Municipio de Granadero Baigorria, Gran Rosario, Departamento Rosario, Santa Fe, 2152, Argentina",maipo|2073|granadero baigorria,1,APTO_ENTRENAMIENTO,
DG-0224,Silvestre Begnis,368,Granadero Baigorria,Los Robles,-32.8507880,-60.7126539,0.944963,"368, Avenida Silvestre Begnis, Bon Vivant, Los Robles, Granadero Baigorria, Municipio de Granadero Baigorria, Gran Rosario, Departamento Rosario, Santa Fe, 2152, Argentina",silvestre begnis|368|granadero baigorria,1,APTO_ENTRENAMIENTO,
DG-0225,Calle 4,247,Granadero Baigorria,Los Robles,-32.8456769,-60.7111457,1.156005,"Intendente Ansoleaga, Bon Vivant, Los Robles, Granadero Baigorria, Municipio de Granadero Baigorria, Gran Rosario, Departamento Rosario, Santa Fe, 2152, Argentina",calle 4|247|granadero baigorria,1,APTO_ENTRENAMIENTO,
DG-0226,Rio Negro,3380,Granadero Baigorria,Bon Vivant,-32.8444844,-60.7043475,1.798721,"Río Negro, Bon Vivant, Granadero Baigorria, Municipio de Granadero Baigorria, Gran Rosario, Departamento Rosario, Santa Fe, 2152, Argentina",rio negro|3380|granadero baigorria,1,APTO_ENTRENAMIENTO,
DG-0227,Baguales,1110,Granadero Baigorria,Lomas de Alicia,-32.8374458,-60.7188219,1.387394,"Baguales, Lomas de Alicia, Granadero Baigorria, Municipio de Granadero Baigorria, Gran Rosario, Departamento Rosario, Santa Fe, 2152, Argentina",baguales|1110|granadero baigorria,1,APTO_ENTRENAMIENTO,
DG-0228,Callao,936,Granadero Baigorria,San Miguel,-32.8654140,-60.7213683,1.773556,"936, Callao, San Miguel, Granadero Baigorria, Municipio de Granadero Baigorria, Gran Rosario, Departamento Rosario, Santa Fe, 2152, Argentina",callao|936|granadero baigorria,1,APTO_ENTRENAMIENTO,
DG-0229,Mitre,1112,Granadero Baigorria,San Miguel,-32.8612500,-60.7213806,1.311871,"1112, Mitre, San Miguel, Granadero Baigorria, Municipio de Granadero Baigorria, Gran Rosario, Departamento Rosario, Santa Fe, 2152, Argentina",mitre|1112|granadero baigorria,3,APTO_ENTRENAMIENTO,
DG-0230,Asuncion,1059,Granadero Baigorria,Nuestra Señora de La Paz,-32.8636147,-60.7269704,1.620403,"Asunción, Nuestra Señora de La Paz, Municipio de Granadero Baigorria, Gran Rosario, Departamento Rosario, Santa Fe, 2152, Argentina",asuncion|1059|granadero baigorria,1,APTO_ENTRENAMIENTO,
DG-0231,Asuncion,1070,Granadero Baigorria,Nuestra Señora de La Paz,-32.8636147,-60.7269704,1.620403,"Asunción, Nuestra Señora de La Paz, Municipio de Granadero Baigorria, Gran Rosario, Departamento Rosario, Santa Fe, 2152, Argentina",asuncion|1070|granadero baigorria,1,APTO_ENTRENAMIENTO,
DG-0232,Joaquin V. Gonzalez,1856,Rafaela,Italia,-31.2414936,-61.4720621,192.246324,"Joaquín V. González, Italia, Rafaela, Municipio de Rafaela, Departamento Castellanos, Santa Fe, S2300, Argentina",joaquin v. gonzalez|1856|rafaela,1,REVISAR_DISTANCIA,Distancia al corralón superior a 30.0 km.
DG-0233,Vicente Lopez,1052,Granadero Baigorria,San Miguel,-32.8653691,-60.7185336,1.805966,"1052, Vicente López, San Miguel, Granadero Baigorria, Municipio de Granadero Baigorria, Gran Rosario, Departamento Rosario, Santa Fe, 2152, Argentina",vicente lopez|1052|granadero baigorria,1,APTO_ENTRENAMIENTO,
DG-0234,Mitre,873,Granadero Baigorria,San Miguel,-32.8602940,-60.7177364,1.285041,"873, Mitre, San Miguel, Granadero Baigorria, Municipio de Granadero Baigorria, Gran Rosario, Departamento Rosario, Santa Fe, 2152, Argentina",mitre|873|granadero baigorria,3,APTO_ENTRENAMIENTO,
DG-0235,Berutti,820,Fray Luis Beltrán,Granaderos,-32.7802906,-60.7385089,7.837162,"820, Berutti, Granaderos, Fray Luis Beltrán, Municipio de Fray Luis Beltrán, Gran Rosario, Departamento San Lorenzo, Santa Fe, 2156, Argentina",berutti|820|fray luis beltran,1,APTO_ENTRENAMIENTO,
DG-0236,Calchaqui,955,Roldán,Cotos de la Alameda,-32.9079259,-60.8800323,16.068578,"955, Calchaqui, Parque Esmeralda, Cotos de la Alameda, Roldán, Municipio de Roldán, Gran Rosario, Departamento San Lorenzo, Santa Fe, S2134, Argentina",calchaqui|955|roldan,1,APTO_ENTRENAMIENTO,
DG-0237,25 de Mayo,704,Granadero Baigorria,La Florida,-32.8712845,-60.6989572,3.281144,"25 de Mayo, La Florida, Celedonio Escalada, Distrito Norte, Rosario, Granadero Baigorria, Municipio de Granadero Baigorria, Gran Rosario, Departamento Rosario, Santa Fe, 2152, Argentina",25 de mayo|704|granadero baigorria,1,APTO_ENTRENAMIENTO,
DG-0238,Silvestre Begnis,3279,Granadero Baigorria,No especificado,-32.8515544,-60.7355108,1.222613,"Avenida Silvestre Begnis, Municipio de Granadero Baigorria, Gran Rosario, Departamento Rosario, Santa Fe, 2152, Argentina",silvestre begnis|3279|granadero baigorria,1,APTO_ENTRENAMIENTO,
DG-0239,Silvestre Begnis,788,Granadero Baigorria,No especificado,-32.8509042,-60.7193889,0.342536,"788, Avenida Silvestre Begnis, Granadero Baigorria, Municipio de Granadero Baigorria, Gran Rosario, Departamento Rosario, Santa Fe, 2152, Argentina",silvestre begnis|788|granadero baigorria,1,APTO_ENTRENAMIENTO,
DG-0240,Calle 1,362,Granadero Baigorria,Los Robles,-32.8500470,-60.7128305,0.919573,"362, Intendente Sorigotti, Bon Vivant, Los Robles, Granadero Baigorria, Municipio de Granadero Baigorria, Gran Rosario, Departamento Rosario, Santa Fe, 2152, Argentina",calle 1|362|granadero baigorria,12,APTO_ENTRENAMIENTO,
DG-0241,Mitre,638,Granadero Baigorria,San Miguel,-32.8594371,-60.7142582,1.354873,"638, Mitre, San Miguel, Granadero Baigorria, Municipio de Granadero Baigorria, Gran Rosario, Departamento Rosario, Santa Fe, 2152, Argentina",mitre|638|granadero baigorria,1,APTO_ENTRENAMIENTO,
DG-0242,Pasco,660,Granadero Baigorria,San Miguel,-32.8606294,-60.7141372,1.471078,"660, Pasco, San Miguel, Granadero Baigorria, Municipio de Granadero Baigorria, Gran Rosario, Departamento Rosario, Santa Fe, 2152, Argentina",pasco|660|granadero baigorria,1,APTO_ENTRENAMIENTO,
DG-0243,Chubut,1140,Granadero Baigorria,Bon Vivant,-32.8445362,-60.7058237,1.666246,"Chubut, Bon Vivant, Granadero Baigorria, Municipio de Granadero Baigorria, Gran Rosario, Departamento Rosario, Santa Fe, 2152, Argentina",chubut|1140|granadero baigorria,1,APTO_ENTRENAMIENTO,
DG-0244,Catamarca,1027,Granadero Baigorria,Los Naranjos,-32.8613421,-60.6989165,2.578698,"1027, Catamarca, Los Naranjos, Granadero Baigorria, Municipio de Granadero Baigorria, Gran Rosario, Departamento Rosario, Santa Fe, 2152, Argentina",catamarca|1027|granadero baigorria,1,APTO_ENTRENAMIENTO,
DG-0245,Jose Hernandez,1998,Granadero Baigorria,No especificado,-32.8552613,-60.7223470,0.641199,"1998, José Hernández, Granadero Baigorria, Municipio de Granadero Baigorria, Gran Rosario, Departamento Rosario, Santa Fe, 2152, Argentina",jose hernandez|1998|granadero baigorria,2,APTO_ENTRENAMIENTO,
DG-0246,Diaz Velez,1197,Granadero Baigorria,San Miguel,-32.8591497,-60.7226772,1.072935,"1197, Díaz Vélez bis, San Miguel, Granadero Baigorria, Municipio de Granadero Baigorria, Gran Rosario, Departamento Rosario, Santa Fe, 2152, Argentina",diaz velez|1197|granadero baigorria,1,APTO_ENTRENAMIENTO,
DG-0247,Facundo Quiroga,1040,Granadero Baigorria,No especificado,-32.8552057,-60.7215505,0.642684,"1040, Facundo Quiroga, Granadero Baigorria, Municipio de Granadero Baigorria, Gran Rosario, Departamento Rosario, Santa Fe, 2152, Argentina",facundo quiroga|1040|granadero baigorria,1,APTO_ENTRENAMIENTO,
DG-0248,Jose Hernandez,2027,Granadero Baigorria,No especificado,-32.8548543,-60.7224465,0.595618,"2027, José Hernández, Granadero Baigorria, Municipio de Granadero Baigorria, Gran Rosario, Departamento Rosario, Santa Fe, 2152, Argentina",jose hernandez|2027|granadero baigorria,3,APTO_ENTRENAMIENTO,
DG-0249,Jose Hernandez,2050,Granadero Baigorria,No especificado,-32.8545860,-60.7225637,0.565533,"2050, José Hernández, Granadero Baigorria, Municipio de Granadero Baigorria, Gran Rosario, Departamento Rosario, Santa Fe, 2152, Argentina",jose hernandez|2050|granadero baigorria,3,APTO_ENTRENAMIENTO,
DG-0250,Maipo,1869,Granadero Baigorria,No especificado,-32.8556011,-60.7182459,0.793491,"1869, Maipo, Granadero Baigorria, Municipio de Granadero Baigorria, Gran Rosario, Departamento Rosario, Santa Fe, 2152, Argentina",maipo|1869|granadero baigorria,2,APTO_ENTRENAMIENTO,
DG-0251,Parana,855,Rosario,Echesortu,-32.9375413,-60.6914622,10.213677,"855, Paraná, Echesortu, Distrito Centro, Rosario, Municipio de Rosario, Gran Rosario, Departamento Rosario, Santa Fe, 2002, Argentina",parana|855|rosario,1,APTO_ENTRENAMIENTO,
DG-0252,Chubut,2458,Granadero Baigorria,Bon Vivant,-32.8464562,-60.7058132,1.609125,"2458, Chubut, Bon Vivant, Granadero Baigorria, Municipio de Granadero Baigorria, Gran Rosario, Departamento Rosario, Santa Fe, 2152, Argentina",chubut|2458|granadero baigorria,3,APTO_ENTRENAMIENTO,
DG-0253,Calle 1,362,Granadero Baigorria,Los Robles,-32.8500470,-60.7128305,0.919573,"362, Intendente Sorigotti, Bon Vivant, Los Robles, Granadero Baigorria, Municipio de Granadero Baigorria, Gran Rosario, Departamento Rosario, Santa Fe, 2152, Argentina",calle 1|362|granadero baigorria,12,APTO_ENTRENAMIENTO,
DG-0254,6 de Enero,371,Granadero Baigorria,Los Robles,-32.8367167,-60.7153346,1.577378,"8 de Enero, Los Robles, Granadero Baigorria, Municipio de Granadero Baigorria, Gran Rosario, Departamento Rosario, Santa Fe, 2152, Argentina",6 de enero|371|granadero baigorria,2,APTO_ENTRENAMIENTO,
DG-0255,Calle 1,261,Granadero Baigorria,Los Robles,-32.8494882,-60.7102497,1.158653,"261, Intendente Sorigotti, Bon Vivant, Los Robles, Granadero Baigorria, Municipio de Granadero Baigorria, Gran Rosario, Departamento Rosario, Santa Fe, 2152, Argentina",calle 1|261|granadero baigorria,2,APTO_ENTRENAMIENTO,
DG-0256,Silvestre Begnis,74,Granadero Baigorria,Los Robles,-32.8506108,-60.7072511,1.444043,"74, Avenida Silvestre Begnis, Bon Vivant, Los Robles, Granadero Baigorria, Municipio de Granadero Baigorria, Gran Rosario, Departamento Rosario, Santa Fe, 2152, Argentina",silvestre begnis|74|granadero baigorria,1,APTO_ENTRENAMIENTO,
DG-0257,Maipo,1869,Granadero Baigorria,No especificado,-32.8556011,-60.7182459,0.793491,"1869, Maipo, Granadero Baigorria, Municipio de Granadero Baigorria, Gran Rosario, Departamento Rosario, Santa Fe, 2152, Argentina",maipo|1869|granadero baigorria,2,APTO_ENTRENAMIENTO,
DG-0258,Mitre,1159,Granadero Baigorria,San Miguel,-32.8615444,-60.7220251,1.340495,"1159, Mitre, San Miguel, Granadero Baigorria, Municipio de Granadero Baigorria, Gran Rosario, Departamento Rosario, Santa Fe, 2152, Argentina",mitre|1159|granadero baigorria,1,APTO_ENTRENAMIENTO,
DG-0259,Lima,1539,Granadero Baigorria,Nuestra Señora de La Paz,-32.8628299,-60.7283980,1.576308,"Lima, Nuestra Señora de La Paz, Municipio de Granadero Baigorria, Gran Rosario, Departamento Rosario, Santa Fe, 2152, Argentina",lima|1539|granadero baigorria,2,APTO_ENTRENAMIENTO,
DG-0260,Arequipa,2490,Rosario,Celedonio Escalada,-32.8734261,-60.7302279,2.752870,"Arequipa, Celedonio Escalada, Distrito Norte, Rosario, Municipio de Rosario, Gran Rosario, Departamento Rosario, Santa Fe, S2000, Argentina",arequipa|2490|rosario,1,APTO_ENTRENAMIENTO,
DG-0261,Calle 1,362,Granadero Baigorria,Los Robles,-32.8500470,-60.7128305,0.919573,"362, Intendente Sorigotti, Bon Vivant, Los Robles, Granadero Baigorria, Municipio de Granadero Baigorria, Gran Rosario, Departamento Rosario, Santa Fe, 2152, Argentina",calle 1|362|granadero baigorria,12,APTO_ENTRENAMIENTO,
DG-0262,Charcas,1057,Granadero Baigorria,San Miguel,-32.8636037,-60.7187285,1.610471,"1057, Charcas, San Miguel, Granadero Baigorria, Municipio de Granadero Baigorria, Gran Rosario, Departamento Rosario, Santa Fe, 2152, Argentina",charcas|1057|granadero baigorria,1,APTO_ENTRENAMIENTO,
DG-0263,Moreno,3444,Granadero Baigorria,Centro,-32.8633748,-60.7052683,2.239862,"Moreno, Centro, Granadero Baigorria, Municipio de Granadero Baigorria, Gran Rosario, Departamento Rosario, Santa Fe, 2152, Argentina",moreno|3444|granadero baigorria,2,APTO_ENTRENAMIENTO,
DG-0264,Callao,2136,Granadero Baigorria,No especificado,-32.8534379,-60.7223596,0.438665,"2136, Callao, Granadero Baigorria, Municipio de Granadero Baigorria, Gran Rosario, Departamento Rosario, Santa Fe, 2152, Argentina",callao|2136|granadero baigorria,3,APTO_ENTRENAMIENTO,
DG-0265,Pasco,965,Granadero Baigorria,San Miguel,-32.8614061,-60.7169741,1.426155,"Pasco, San Miguel, Granadero Baigorria, Municipio de Granadero Baigorria, Gran Rosario, Departamento Rosario, Santa Fe, 2152, Argentina",pasco|965|granadero baigorria,2,APTO_ENTRENAMIENTO,
DG-0266,Mitre,1263,Granadero Baigorria,San Miguel,-32.8619403,-60.7235898,1.385999,"1263, Mitre, San Miguel, Granadero Baigorria, Municipio de Granadero Baigorria, Gran Rosario, Departamento Rosario, Santa Fe, 2152, Argentina",mitre|1263|granadero baigorria,2,APTO_ENTRENAMIENTO,
DG-0267,Nansen,939,Rosario,Islas Malvinas,-32.9228660,-60.6774820,9.183763,"939, Pasaje Don Orione, Islas Malvinas, Distrito Norte, Rosario, Municipio de Rosario, Gran Rosario, Departamento Rosario, Santa Fe, S2000, Argentina",nansen|939|rosario,1,APTO_ENTRENAMIENTO,
DG-0268,Chorroarín,1742,Rosario,Fisherton Industrial,-32.9280787,-60.7186531,8.745477,"Escuela 1095 Doctor Luis Chorroarín, 7157, Junín, Fisherton Industrial, Larrea y Empalme Graneros, Distrito Noroeste, Rosario, Municipio de Rosario, Gran Rosario, Departamento Rosario, Santa Fe, S2007, Argentina",chorroarin|1742|rosario,1,APTO_ENTRENAMIENTO,
DG-0269,Juncos,3303,Roldán,Puerto Roldán,-32.9370394,-60.8891243,18.339565,"Los Juncos, Puerto Roldán, Roldán, Municipio de Roldán, Gran Rosario, Departamento San Lorenzo, Santa Fe, S2134, Argentina",juncos|3303|roldan,1,APTO_ENTRENAMIENTO,
DG-0270,Hipólito Yrigoyen,1453,San Lorenzo,Combate,-32.7471964,-60.7363782,11.447832,"1453, Hipólito Yrigoyen, Combate, San Lorenzo, Municipio de San Lorenzo, Gran Rosario, Departamento San Lorenzo, Santa Fe, S2200, Argentina",hipolito yrigoyen|1453|san lorenzo,1,APTO_ENTRENAMIENTO,
DG-0271,Calle 2,359,Granadero Baigorria,Los Robles,-32.8475189,-60.7105448,1.152362,"Intendente Monti, Bon Vivant, Los Robles, Granadero Baigorria, Municipio de Granadero Baigorria, Gran Rosario, Departamento Rosario, Santa Fe, 2152, Argentina",calle 2|359|granadero baigorria,1,APTO_ENTRENAMIENTO,
DG-0272,Calle 12,2606,Granadero Baigorria,Los Robles,-32.8474934,-60.7133470,0.897522,"Calle 12, Bon Vivant, Los Robles, Granadero Baigorria, Municipio de Granadero Baigorria, Gran Rosario, Departamento Rosario, Santa Fe, 2152, Argentina",calle 12|2606|granadero baigorria,1,APTO_ENTRENAMIENTO,
DG-0273,Brasil,1271,Granadero Baigorria,Santa Rita,-32.8441029,-60.6979099,2.388096,"Pasaje Brasil, Santa Rita, Granadero Baigorria, Municipio de Granadero Baigorria, Gran Rosario, Departamento Rosario, Santa Fe, 2152, Argentina",brasil|1271|granadero baigorria,1,APTO_ENTRENAMIENTO,
DG-0274,Viamonte,3298,Granadero Baigorria,Correo,-32.8695304,-60.7014411,2.980933,"Viamonte, Correo, Granadero Baigorria, Municipio de Granadero Baigorria, Gran Rosario, Departamento Rosario, Santa Fe, 2152, Argentina",viamonte|3298|granadero baigorria,1,APTO_ENTRENAMIENTO,
DG-0275,Presidente Roca,525,Rosario,Rosario Centro,-32.9420647,-60.6442356,12.631064,"525, Presidente Roca, Rosario Centro, Distrito Centro, Rosario, Municipio de Rosario, Gran Rosario, Departamento Rosario, Santa Fe, 2000, Argentina",presidente roca|525|rosario,1,APTO_ENTRENAMIENTO,
DG-0276,Brown,891,Granadero Baigorria,San Miguel,-32.8593698,-60.7183451,1.168857,"891, Almirante Brown, San Miguel, Granadero Baigorria, Municipio de Granadero Baigorria, Gran Rosario, Departamento Rosario, Santa Fe, 2152, Argentina",brown|891|granadero baigorria,1,APTO_ENTRENAMIENTO,
DG-0277,Junín,2063,Granadero Baigorria,No especificado,-32.8539428,-60.7200142,0.552040,"2063, Junín, Granadero Baigorria, Municipio de Granadero Baigorria, Gran Rosario, Departamento Rosario, Santa Fe, 2152, Argentina",junin|2063|granadero baigorria,3,APTO_ENTRENAMIENTO,
DG-0278,Suipacha,1754,Granadero Baigorria,No especificado,-32.8572179,-60.7226176,0.858132,"1754, Suipacha, Granadero Baigorria, Municipio de Granadero Baigorria, Gran Rosario, Departamento Rosario, Santa Fe, 2152, Argentina",suipacha|1754|granadero baigorria,1,APTO_ENTRENAMIENTO,
DG-0279,Florencio,877,Funes,Funes City,-32.9087333,-60.7985680,9.676644,"877, Florencio Varela, Funes City, Zona 3, Funes, Municipio de Funes, Gran Rosario, Departamento Rosario, Santa Fe, S2132, Argentina",florencio|877|funes,1,APTO_ENTRENAMIENTO,
DG-0280,Estanislao López,2129,Granadero Baigorria,No especificado,-32.8534793,-60.7216643,0.451949,"2129, Estanislao López, Granadero Baigorria, Municipio de Granadero Baigorria, Gran Rosario, Departamento Rosario, Santa Fe, 2152, Argentina",estanislao lopez|2129|granadero baigorria,1,APTO_ENTRENAMIENTO,
DG-0281,Catriel,850,Granadero Baigorria,No especificado,-32.8562694,-60.7185554,0.844393,"850, Catriel, Granadero Baigorria, Municipio de Granadero Baigorria, Gran Rosario, Departamento Rosario, Santa Fe, 2152, Argentina",catriel|850|granadero baigorria,1,APTO_ENTRENAMIENTO,
DG-0282,Calle 12,2447,Granadero Baigorria,Los Robles,-32.8472062,-60.7133344,0.907122,"2447, Calle 12, Bon Vivant, Los Robles, Granadero Baigorria, Municipio de Granadero Baigorria, Gran Rosario, Departamento Rosario, Santa Fe, 2152, Argentina",calle 12|2447|granadero baigorria,2,APTO_ENTRENAMIENTO,
DG-0283,Asunción,6268,Granadero Baigorria,Nuestra Señora de La Paz,-32.8636147,-60.7269704,1.620403,"Asunción, Nuestra Señora de La Paz, Municipio de Granadero Baigorria, Gran Rosario, Departamento Rosario, Santa Fe, 2152, Argentina",asuncion|6268|granadero baigorria,1,APTO_ENTRENAMIENTO,
DG-0284,Eva Perón,1405,Granadero Baigorria,San Miguel,-32.8583409,-60.7125263,1.364214,"Eva Perón, San Miguel, Granadero Baigorria, Municipio de Granadero Baigorria, Gran Rosario, Departamento Rosario, Santa Fe, 2152, Argentina",eva peron|1405|granadero baigorria,3,APTO_ENTRENAMIENTO,
DG-0285,Miguel Cané,1357,Granadero Baigorria,No especificado,-32.8552538,-60.7255166,0.693401,"1357, Miguel Cane, Municipio de Granadero Baigorria, Gran Rosario, Departamento Rosario, Santa Fe, 2152, Argentina",miguel cane|1357|granadero baigorria,2,APTO_ENTRENAMIENTO,
DG-0286,José Hernández,1943,Granadero Baigorria,No especificado,-32.8555213,-60.7222489,0.670536,"1943, José Hernández, Granadero Baigorria, Municipio de Granadero Baigorria, Gran Rosario, Departamento Rosario, Santa Fe, 2152, Argentina",jose hernandez|1943|granadero baigorria,1,APTO_ENTRENAMIENTO,
DG-0287,Paine,339,Granadero Baigorria,No especificado,-32.8565209,-60.7154963,1.027757,"Paine, Granadero Baigorria, Municipio de Granadero Baigorria, Gran Rosario, Departamento Rosario, Santa Fe, 2152, Argentina",paine|339|granadero baigorria,1,APTO_ENTRENAMIENTO,
DG-0288,Los Álamos,832,Zavalla,La Antonella,-33.0231695,-60.8614247,23.251626,"Los Álamos, La Antonella, Zavalla, Municipio de Zavalla, Departamento Rosario, Santa Fe, S2123, Argentina",los alamos|832|zavalla,1,APTO_ENTRENAMIENTO,
DG-0289,La Paz,1400,Granadero Baigorria,No especificado,-32.8712518,-60.7190993,2.441297,"La Paz, Granadero Baigorria, Municipio de Granadero Baigorria, Gran Rosario, Departamento Rosario, Santa Fe, 2152, Argentina",la paz|1400|granadero baigorria,1,APTO_ENTRENAMIENTO,
DG-0290,Calle 20,2136,Granadero Baigorria,Los Robles,-32.8487748,-60.7068992,1.473855,"20, Intendente Sorigotti, Bon Vivant, Los Robles, Granadero Baigorria, Municipio de Granadero Baigorria, Gran Rosario, Departamento Rosario, Santa Fe, 2152, Argentina",calle 20|2136|granadero baigorria,1,APTO_ENTRENAMIENTO,
DG-0291,Junín,1541,Granadero Baigorria,No especificado,-32.8582505,-60.7185630,1.045267,"1541, Junín, Granadero Baigorria, Municipio de Granadero Baigorria, Gran Rosario, Departamento Rosario, Santa Fe, 2152, Argentina",junin|1541|granadero baigorria,1,APTO_ENTRENAMIENTO,
DG-0292,Los Pinos,845,Granadero Baigorria,Los Pinos,-32.8515984,-60.7034819,1.805971,"Los Pinos, Granadero Baigorria, Municipio de Granadero Baigorria, Gran Rosario, Departamento Rosario, Santa Fe, 2152, Argentina",los pinos|845|granadero baigorria,1,APTO_ENTRENAMIENTO,
DG-0293,Liniers,1787,Granadero Baigorria,No especificado,-32.8560173,-60.7164443,0.928137,"1787, Liniers, Granadero Baigorria, Municipio de Granadero Baigorria, Gran Rosario, Departamento Rosario, Santa Fe, 2152, Argentina",liniers|1787|granadero baigorria,2,APTO_ENTRENAMIENTO,
DG-0294,Calle 12,2380,Granadero Baigorria,Los Robles,-32.8484881,-60.7129443,0.913903,"2380, Calle 12, Bon Vivant, Los Robles, Granadero Baigorria, Municipio de Granadero Baigorria, Gran Rosario, Departamento Rosario, Santa Fe, 2152, Argentina",calle 12|2380|granadero baigorria,1,APTO_ENTRENAMIENTO,
DG-0295,David Peña,17,Rosario,La Florida,-32.8782654,-60.6928064,4.242816,"David Peña, La Florida, Celedonio Escalada, Distrito Norte, Rosario, Municipio de Rosario, Gran Rosario, Departamento Rosario, Santa Fe, S2000, Argentina",david pena|17|rosario,1,APTO_ENTRENAMIENTO,
DG-0296,Jujuy,1815,Granadero Baigorria,Santa Rita,-32.8376724,-60.7047243,2.129601,"Jujuy Pasage, Santa Rita, Granadero Baigorria, Municipio de Granadero Baigorria, Gran Rosario, Departamento Rosario, Santa Fe, 2152, Argentina",jujuy|1815|granadero baigorria,2,APTO_ENTRENAMIENTO,
DG-0297,Namuncurá,933,Granadero Baigorria,No especificado,-32.8554403,-60.7186713,0.757992,"933, Namuncurá, Granadero Baigorria, Municipio de Granadero Baigorria, Gran Rosario, Departamento Rosario, Santa Fe, 2152, Argentina",namuncura|933|granadero baigorria,3,APTO_ENTRENAMIENTO,
DG-0298,Namuncurá,961,Granadero Baigorria,No especificado,-32.8557593,-60.7202303,0.731808,"961, Namuncurá, Granadero Baigorria, Municipio de Granadero Baigorria, Gran Rosario, Departamento Rosario, Santa Fe, 2152, Argentina",namuncura|961|granadero baigorria,2,APTO_ENTRENAMIENTO,
DG-0299,Baterías,971,Rosario,Alberto Olmedo,-32.9360979,-60.6558219,11.474255,"Rapibat Baterias, Salta, Área Comercial Pichincha, Alberto Olmedo, Distrito Centro, Rosario, Municipio de Rosario, Gran Rosario, Departamento Rosario, Santa Fe, S2000, Argentina",baterias|971|rosario,1,APTO_ENTRENAMIENTO,
DG-0300,Felipe Varela,1388,Granadero Baigorria,San Miguel,-32.8632559,-60.7239702,1.534462,"Felipe Varela, San Miguel, Granadero Baigorria, Municipio de Granadero Baigorria, Gran Rosario, Departamento Rosario, Santa Fe, 2152, Argentina",felipe varela|1388|granadero baigorria,1,APTO_ENTRENAMIENTO,
DG-0301,La Cautiva,1363,Granadero Baigorria,Bon Vivant,-32.8545260,-60.7125890,1.093638,"La Cautiva, Bon Vivant, Granadero Baigorria, Municipio de Granadero Baigorria, Gran Rosario, Departamento Rosario, Santa Fe, 2152, Argentina",la cautiva|1363|granadero baigorria,4,APTO_ENTRENAMIENTO,
DG-0302,La Cautiva,1339,Granadero Baigorria,Bon Vivant,-32.8545260,-60.7125890,1.093638,"La Cautiva, Bon Vivant, Granadero Baigorria, Municipio de Granadero Baigorria, Gran Rosario, Departamento Rosario, Santa Fe, 2152, Argentina",la cautiva|1339|granadero baigorria,1,APTO_ENTRENAMIENTO,
DG-0303,Francia,921,Granadero Baigorria,San Miguel,-32.8602312,-60.7193781,1.231779,"Pasaje Francia, San Miguel, Granadero Baigorria, Municipio de Granadero Baigorria, Gran Rosario, Departamento Rosario, Santa Fe, 2152, Argentina",francia|921|granadero baigorria,1,APTO_ENTRENAMIENTO,
DG-0304,Estanislao López,2073,Granadero Baigorria,No especificado,-32.8542111,-60.7214049,0.536603,"2073, Estanislao López, Granadero Baigorria, Municipio de Granadero Baigorria, Gran Rosario, Departamento Rosario, Santa Fe, 2152, Argentina",estanislao lopez|2073|granadero baigorria,1,APTO_ENTRENAMIENTO,
DG-0305,Díaz Vélez,1124,Granadero Baigorria,San Miguel,-32.8590172,-60.7219455,1.060261,"Díaz Vélez bis, San Miguel, Granadero Baigorria, Municipio de Granadero Baigorria, Gran Rosario, Departamento Rosario, Santa Fe, 2152, Argentina",diaz velez|1124|granadero baigorria,3,APTO_ENTRENAMIENTO,
DG-0306,Estanislao López,1950,Granadero Baigorria,No especificado,-32.8554315,-60.7208750,0.680079,"1950, Estanislao López, Granadero Baigorria, Municipio de Granadero Baigorria, Gran Rosario, Departamento Rosario, Santa Fe, 2152, Argentina",estanislao lopez|1950|granadero baigorria,1,APTO_ENTRENAMIENTO,
DG-0307,Calle 6,26,Granadero Baigorria,Los Robles,-32.8467597,-60.7080448,1.398263,"Crucero General Belgrano, Bon Vivant, Los Robles, Granadero Baigorria, Municipio de Granadero Baigorria, Gran Rosario, Departamento Rosario, Santa Fe, 2152, Argentina",calle 6|26|granadero baigorria,1,APTO_ENTRENAMIENTO,
DG-0308,Los Olivos,3251,Granadero Baigorria,Santa Rita,-32.8388398,-60.7038306,2.120660,"3251, Los Olivos, Santa Rita, Granadero Baigorria, Municipio de Granadero Baigorria, Gran Rosario, Departamento Rosario, Santa Fe, 2152, Argentina",los olivos|3251|granadero baigorria,3,APTO_ENTRENAMIENTO,
DG-0309,Italia,2040,Rosario,Abasto,-32.9594528,-60.6516524,13.907342,"2040, Italia, Paseo Pellegrini, Abasto, Distrito Centro, Rosario, Municipio de Rosario, Gran Rosario, Departamento Rosario, Santa Fe, 2000, Argentina",italia|2040|rosario,1,APTO_ENTRENAMIENTO,
DG-0310,Almafuerte,1342,Granadero Baigorria,Los Pinos,-32.8521082,-60.7033183,1.829247,"Almafuerte, Los Pinos, Granadero Baigorria, Municipio de Granadero Baigorria, Gran Rosario, Departamento Rosario, Santa Fe, 2152, Argentina",almafuerte|1342|granadero baigorria,1,APTO_ENTRENAMIENTO,
DG-0311,Díaz Vélez,1153,Granadero Baigorria,San Miguel,-32.8590072,-60.7220801,1.058441,"1153, Díaz Vélez bis, San Miguel, Granadero Baigorria, Municipio de Granadero Baigorria, Gran Rosario, Departamento Rosario, Santa Fe, 2152, Argentina",diaz velez|1153|granadero baigorria,1,APTO_ENTRENAMIENTO,
DG-0312,Jorge Newbery,1314,Granadero Baigorria,No especificado,-32.8564531,-60.7245748,0.793653,"1314, Jorge Newbery, Municipio de Granadero Baigorria, Gran Rosario, Departamento Rosario, Santa Fe, 2152, Argentina",jorge newbery|1314|granadero baigorria,1,APTO_ENTRENAMIENTO,
DG-0313,Calle 11,2247,Granadero Baigorria,Los Robles,-32.8502273,-60.7115065,1.044374,"2247, Calle 11, Bon Vivant, Los Robles, Granadero Baigorria, Municipio de Granadero Baigorria, Gran Rosario, Departamento Rosario, Santa Fe, 2152, Argentina",calle 11|2247|granadero baigorria,1,APTO_ENTRENAMIENTO,
DG-0314,Dr. Agote,2570,Granadero Baigorria,No especificado,-32.8485035,-60.7216418,0.145656,"Luis Agote, Municipio de Granadero Baigorria, Gran Rosario, Departamento Rosario, Santa Fe, 2152, Argentina",dr. agote|2570|granadero baigorria,1,APTO_ENTRENAMIENTO,
DG-0315,Santa Fe,1374,Granadero Baigorria,San Miguel,-32.8618045,-60.7110441,1.745750,"Avenida Santa Fe, San Miguel, Granadero Baigorria, Municipio de Granadero Baigorria, Gran Rosario, Departamento Rosario, Santa Fe, 2152, Argentina",santa fe|1374|granadero baigorria,2,APTO_ENTRENAMIENTO,
DG-0316,Moreno,3590,Granadero Baigorria,Centro,-32.8633748,-60.7052683,2.239862,"Moreno, Centro, Granadero Baigorria, Municipio de Granadero Baigorria, Gran Rosario, Departamento Rosario, Santa Fe, 2152, Argentina",moreno|3590|granadero baigorria,2,APTO_ENTRENAMIENTO,
DG-0317,Namuncurá,796,Granadero Baigorria,No especificado,-32.8547775,-60.7160950,0.848273,"Namuncurá, Granadero Baigorria, Municipio de Granadero Baigorria, Gran Rosario, Departamento Rosario, Santa Fe, 2152, Argentina",namuncura|796|granadero baigorria,1,APTO_ENTRENAMIENTO,
DG-0318,Baterías,1074,Rosario,Jorge Cura,-32.9644924,-60.6616817,13.996184,"Brachetta Baterías, 2427, Bulevar 27 de Febrero, Jorge Cura, Distrito Centro, Rosario, Municipio de Rosario, Gran Rosario, Departamento Rosario, Santa Fe, S2000, Argentina",baterias|1074|rosario,1,APTO_ENTRENAMIENTO,
DG-0319,Calle 6,2343,Granadero Baigorria,Los Robles,-32.8479660,-60.7076024,1.416278,"2343, Crucero General Belgrano, Bon Vivant, Los Robles, Granadero Baigorria, Municipio de Granadero Baigorria, Gran Rosario, Departamento Rosario, Santa Fe, 2152, Argentina",calle 6|2343|granadero baigorria,1,APTO_ENTRENAMIENTO,
DG-0320,Eva Perón,678,Granadero Baigorria,San Miguel,-32.8584048,-60.7151687,1.212047,"678, Eva Perón, San Miguel, Granadero Baigorria, Municipio de Granadero Baigorria, Gran Rosario, Departamento Rosario, Santa Fe, 2152, Argentina",eva peron|678|granadero baigorria,1,APTO_ENTRENAMIENTO,
DG-0321,Malvinas,2143,Granadero Baigorria,Los Robles,-32.8437458,-60.7112072,1.246097,"Malvinas Argentinas, Los Robles, Granadero Baigorria, Municipio de Granadero Baigorria, Gran Rosario, Departamento Rosario, Santa Fe, 2152, Argentina",malvinas|2143|granadero baigorria,1,APTO_ENTRENAMIENTO,
DG-0322,Montevideo,1396,Granadero Baigorria,Nuestra Señora de La Paz,-32.8630511,-60.7285633,1.604703,"Montevideo, Nuestra Señora de La Paz, Municipio de Granadero Baigorria, Gran Rosario, Departamento Rosario, Santa Fe, 2152, Argentina",montevideo|1396|granadero baigorria,1,APTO_ENTRENAMIENTO,
DG-0323,Montevideo,1222,Granadero Baigorria,Nuestra Señora de La Paz,-32.8630511,-60.7285633,1.604703,"Montevideo, Nuestra Señora de La Paz, Municipio de Granadero Baigorria, Gran Rosario, Departamento Rosario, Santa Fe, 2152, Argentina",montevideo|1222|granadero baigorria,1,APTO_ENTRENAMIENTO,
DG-0324,Vicente López,554,Granadero Baigorria,San Miguel,-32.8636104,-60.7113622,1.890462,"554, Vicente López, San Miguel, Granadero Baigorria, Municipio de Granadero Baigorria, Gran Rosario, Departamento Rosario, Santa Fe, 2152, Argentina",vicente lopez|554|granadero baigorria,2,APTO_ENTRENAMIENTO,
DG-0325,Jujuy,1815,Granadero Baigorria,Santa Rita,-32.8376724,-60.7047243,2.129601,"Jujuy Pasage, Santa Rita, Granadero Baigorria, Municipio de Granadero Baigorria, Gran Rosario, Departamento Rosario, Santa Fe, 2152, Argentina",jujuy|1815|granadero baigorria,2,APTO_ENTRENAMIENTO,
DG-0326,Las Piedras,258,Granadero Baigorria,Correo,-32.8684829,-60.7050892,2.673312,"Las Piedras, Correo, Granadero Baigorria, Municipio de Granadero Baigorria, Gran Rosario, Departamento Rosario, Santa Fe, 2152, Argentina",las piedras|258|granadero baigorria,2,APTO_ENTRENAMIENTO,
DG-0327,Calle 9,2611,Granadero Baigorria,Los Robles,-32.8436991,-60.7116350,1.214728,"2611, Calle 9, Bon Vivant, Los Robles, Granadero Baigorria, Municipio de Granadero Baigorria, Gran Rosario, Departamento Rosario, Santa Fe, 2152, Argentina",calle 9|2611|granadero baigorria,3,APTO_ENTRENAMIENTO,
DG-0328,Calle 6,2348,Granadero Baigorria,Los Robles,-32.8478831,-60.7076273,1.415112,"2348, Crucero General Belgrano, Bon Vivant, Los Robles, Granadero Baigorria, Municipio de Granadero Baigorria, Gran Rosario, Departamento Rosario, Santa Fe, 2152, Argentina",calle 6|2348|granadero baigorria,3,APTO_ENTRENAMIENTO,
DG-0329,Los Andes,3361,Granadero Baigorria,Los Robles,-32.8379432,-60.7173752,1.376464,"3361, Los Andes, Los Robles, Granadero Baigorria, Municipio de Granadero Baigorria, Gran Rosario, Departamento Rosario, Santa Fe, 2152, Argentina",los andes|3361|granadero baigorria,1,APTO_ENTRENAMIENTO,
DG-0330,Maipú,1969,Rosario,República de la Sexta,-32.9608504,-60.6388304,14.647147,"1969, Maipú, República de la Sexta, Distrito Centro, Rosario, Municipio de Rosario, Gran Rosario, Departamento Rosario, Santa Fe, 2000, Argentina",maipu|1969|rosario,1,APTO_ENTRENAMIENTO,
DG-0331,Liniers,2361,Granadero Baigorria,No especificado,-32.8511464,-60.7181718,0.456861,"2361, Liniers, Granadero Baigorria, Municipio de Granadero Baigorria, Gran Rosario, Departamento Rosario, Santa Fe, 2152, Argentina",liniers|2361|granadero baigorria,1,APTO_ENTRENAMIENTO,
DG-0332,Liniers,2280,Granadero Baigorria,No especificado,-32.8517195,-60.7179968,0.500060,"2280, Liniers, Granadero Baigorria, Municipio de Granadero Baigorria, Gran Rosario, Departamento Rosario, Santa Fe, 2152, Argentina",liniers|2280|granadero baigorria,1,APTO_ENTRENAMIENTO,
DG-0333,Buenos Aires,1260,Granadero Baigorria,Centro,-32.8600936,-60.7095287,1.700097,"1260, Avenida Buenos Aires, Centro, Granadero Baigorria, Municipio de Granadero Baigorria, Gran Rosario, Departamento Rosario, Santa Fe, 2152, Argentina",buenos aires|1260|granadero baigorria,1,APTO_ENTRENAMIENTO,
DG-0334,Charcas,1122,Granadero Baigorria,San Miguel,-32.8628260,-60.7188991,1.522643,"1122, Charcas, San Miguel, Granadero Baigorria, Municipio de Granadero Baigorria, Gran Rosario, Departamento Rosario, Santa Fe, 2152, Argentina",charcas|1122|granadero baigorria,1,APTO_ENTRENAMIENTO,
DG-0335,Las Heras,1052,Granadero Baigorria,San Miguel,-32.8632399,-60.7197188,1.552132,"1052, Las Heras, San Miguel, Granadero Baigorria, Municipio de Granadero Baigorria, Gran Rosario, Departamento Rosario, Santa Fe, 2152, Argentina",las heras|1052|granadero baigorria,2,APTO_ENTRENAMIENTO,
DG-0336,José Hernández,1990,Granadero Baigorria,No especificado,-32.8552991,-60.7223327,0.645459,"1990, José Hernández, Granadero Baigorria, Municipio de Granadero Baigorria, Gran Rosario, Departamento Rosario, Santa Fe, 2152, Argentina",jose hernandez|1990|granadero baigorria,1,APTO_ENTRENAMIENTO,
DG-0337,José Hernández,2027,Granadero Baigorria,No especificado,-32.8548543,-60.7224465,0.595618,"2027, José Hernández, Granadero Baigorria, Municipio de Granadero Baigorria, Gran Rosario, Departamento Rosario, Santa Fe, 2152, Argentina",jose hernandez|2027|granadero baigorria,3,APTO_ENTRENAMIENTO,
DG-0338,San Martín,1399,Rosario,La Florida,-32.8711247,-60.6996508,3.224527,"Avenida José de San Martín, La Florida, Celedonio Escalada, Distrito Norte, Rosario, Municipio de Rosario, Municipio de Granadero Baigorria, Gran Rosario, Departamento Rosario, Santa Fe, S2000, Argentina",san martin|1399|rosario,1,APTO_ENTRENAMIENTO,
DG-0339,Bogado,3453,Funes,Zona 8,-32.9123062,-60.8600892,14.611090,"Coronel Félix Bogado, Santa Isabel 4, Zona 8, Funes, Municipio de Funes, Gran Rosario, Departamento Rosario, Santa Fe, S2132, Argentina",bogado|3453|funes,2,APTO_ENTRENAMIENTO,
DG-0340,Roca,1653,Granadero Baigorria,Santa Rita,-32.8382514,-60.7037792,2.161834,"Julio A. Roca, Santa Rita, Granadero Baigorria, Municipio de Granadero Baigorria, Gran Rosario, Departamento Rosario, Santa Fe, 2152, Argentina",roca|1653|granadero baigorria,1,APTO_ENTRENAMIENTO,
DG-0341,Maipú,3590,Rosario,General San Martín,-32.9793079,-60.6435824,16.211628,"3590, Maipú, General San Martín, Distrito Sur, Rosario, Municipio de Rosario, Gran Rosario, Departamento Rosario, Santa Fe, 2001, Argentina",maipu|3590|rosario,1,APTO_ENTRENAMIENTO,
DG-0342,Bogado,3204,Rosario,Islas Malvinas,-32.9257585,-60.6875428,9.091199,"Pasaje Bogado, Islas Malvinas, Distrito Norte, Rosario, Municipio de Rosario, Gran Rosario, Departamento Rosario, Santa Fe, S2000, Argentina",bogado|3204|rosario,1,APTO_ENTRENAMIENTO,
DG-0343,Mansilla,779,Granadero Baigorria,No especificado,-32.8515018,-60.7179181,0.495126,"Lucio V. Mansilla, Granadero Baigorria, Municipio de Granadero Baigorria, Gran Rosario, Departamento Rosario, Santa Fe, 2152, Argentina",mansilla|779|granadero baigorria,1,APTO_ENTRENAMIENTO,
DG-0344,Estanislao López,1639,Granadero Baigorria,No especificado,-32.8577247,-60.7202018,0.942708,"1639, Estanislao López, Granadero Baigorria, Municipio de Granadero Baigorria, Gran Rosario, Departamento Rosario, Santa Fe, 2152, Argentina",estanislao lopez|1639|granadero baigorria,1,APTO_ENTRENAMIENTO,
DG-0345,Sarmiento,1374,Granadero Baigorria,El Paraíso,-32.8586689,-60.6994819,2.392488,"Sarmiento, El Paraíso, Granadero Baigorria, Municipio de Granadero Baigorria, Gran Rosario, Departamento Rosario, Santa Fe, 2152, Argentina",sarmiento|1374|granadero baigorria,1,APTO_ENTRENAMIENTO,
DG-0346,Calle 1,362,Granadero Baigorria,Los Robles,-32.8500470,-60.7128305,0.919573,"362, Intendente Sorigotti, Bon Vivant, Los Robles, Granadero Baigorria, Municipio de Granadero Baigorria, Gran Rosario, Departamento Rosario, Santa Fe, 2152, Argentina",calle 1|362|granadero baigorria,12,APTO_ENTRENAMIENTO,
DG-0347,Calle 12,2607,Granadero Baigorria,Los Robles,-32.8474934,-60.7133470,0.897522,"Calle 12, Bon Vivant, Los Robles, Granadero Baigorria, Municipio de Granadero Baigorria, Gran Rosario, Departamento Rosario, Santa Fe, 2152, Argentina",calle 12|2607|granadero baigorria,1,APTO_ENTRENAMIENTO,
DG-0348,Calle 10,2540,Granadero Baigorria,Los Robles,-32.8450752,-60.7121262,1.099631,"2540, Calle 10, Bon Vivant, Los Robles, Granadero Baigorria, Municipio de Granadero Baigorria, Gran Rosario, Departamento Rosario, Santa Fe, 2152, Argentina",calle 10|2540|granadero baigorria,1,APTO_ENTRENAMIENTO,
DG-0349,Eva Perón,1428,Granadero Baigorria,San Miguel,-32.8586540,-60.7204112,1.039132,"Eva Perón, San Miguel, Granadero Baigorria, Municipio de Granadero Baigorria, Gran Rosario, Departamento Rosario, Santa Fe, 2152, Argentina",eva peron|1428|granadero baigorria,1,APTO_ENTRENAMIENTO,
DG-0350,Pino,978,San Lorenzo,El Pino,-32.7306295,-60.7457344,13.392818,"El Pino, San Lorenzo, Municipio de San Lorenzo, Gran Rosario, Departamento San Lorenzo, Santa Fe, Argentina",pino|978|san lorenzo,1,APTO_ENTRENAMIENTO,
DG-0351,Paso,827,Rosario,Lisandro de la Torre,-32.9192055,-60.6755451,8.912092,"827, Avenida Juan José Paso, Lisandro de la Torre, Distrito Norte, Rosario, Municipio de Rosario, Gran Rosario, Departamento Rosario, Santa Fe, S2000, Argentina",paso|827|rosario,1,APTO_ENTRENAMIENTO,
DG-0352,Callao,1476,Granadero Baigorria,San Miguel,-32.8596591,-60.7233131,1.131257,"1476, Callao, San Miguel, Granadero Baigorria, Municipio de Granadero Baigorria, Gran Rosario, Departamento Rosario, Santa Fe, 2152, Argentina",callao|1476|granadero baigorria,2,APTO_ENTRENAMIENTO,
DG-0353,Francia,977,Granadero Baigorria,San Miguel,-32.8602312,-60.7193781,1.231779,"Pasaje Francia, San Miguel, Granadero Baigorria, Municipio de Granadero Baigorria, Gran Rosario, Departamento Rosario, Santa Fe, 2152, Argentina",francia|977|granadero baigorria,3,APTO_ENTRENAMIENTO,
DG-0354,Catamarca,971,Granadero Baigorria,Los Naranjos,-32.8619512,-60.6988861,2.616333,"971, Catamarca, Los Naranjos, Granadero Baigorria, Municipio de Granadero Baigorria, Gran Rosario, Departamento Rosario, Santa Fe, 2152, Argentina",catamarca|971|granadero baigorria,1,APTO_ENTRENAMIENTO,
DG-0355,Silvestre Begnis,763,Granadero Baigorria,No especificado,-32.8508863,-60.7189077,0.382291,"763, Avenida Silvestre Begnis, Granadero Baigorria, Municipio de Granadero Baigorria, Gran Rosario, Departamento Rosario, Santa Fe, 2152, Argentina",silvestre begnis|763|granadero baigorria,2,APTO_ENTRENAMIENTO,
DG-0356,Calle 12,2472,Granadero Baigorria,Los Robles,-32.8467910,-60.7134511,0.910880,"2472, Calle 12, Bon Vivant, Los Robles, Granadero Baigorria, Municipio de Granadero Baigorria, Gran Rosario, Departamento Rosario, Santa Fe, 2152, Argentina",calle 12|2472|granadero baigorria,2,APTO_ENTRENAMIENTO,
DG-0357,Liniers,1787,Granadero Baigorria,No especificado,-32.8560173,-60.7164443,0.928137,"1787, Liniers, Granadero Baigorria, Municipio de Granadero Baigorria, Gran Rosario, Departamento Rosario, Santa Fe, 2152, Argentina",liniers|1787|granadero baigorria,2,APTO_ENTRENAMIENTO,
DG-0358,La Plata,791,Fray Luis Beltrán,Granaderos,-32.7776117,-60.7398891,8.154364,"La Plata, Granaderos, Fray Luis Beltrán, Municipio de Fray Luis Beltrán, Gran Rosario, Departamento San Lorenzo, Santa Fe, 2156, Argentina",la plata|791|fray luis beltran,1,APTO_ENTRENAMIENTO,
DG-0359,Liniers,1820,Granadero Baigorria,No especificado,-32.8555826,-60.7164921,0.888012,"1820, Liniers, Granadero Baigorria, Municipio de Granadero Baigorria, Gran Rosario, Departamento Rosario, Santa Fe, 2152, Argentina",liniers|1820|granadero baigorria,1,APTO_ENTRENAMIENTO,
DG-0360,Estanislao López,2182,Granadero Baigorria,No especificado,-32.8528666,-60.7218603,0.381537,"2182, Estanislao López, Granadero Baigorria, Municipio de Granadero Baigorria, Gran Rosario, Departamento Rosario, Santa Fe, 2152, Argentina",estanislao lopez|2182|granadero baigorria,1,APTO_ENTRENAMIENTO,
DG-0361,Eva Perón,1377,Granadero Baigorria,San Miguel,-32.8586540,-60.7204112,1.039132,"Eva Perón, San Miguel, Granadero Baigorria, Municipio de Granadero Baigorria, Gran Rosario, Departamento Rosario, Santa Fe, 2152, Argentina",eva peron|1377|granadero baigorria,2,APTO_ENTRENAMIENTO,
DG-0362,Calle 1,362,Granadero Baigorria,Los Robles,-32.8500470,-60.7128305,0.919573,"362, Intendente Sorigotti, Bon Vivant, Los Robles, Granadero Baigorria, Municipio de Granadero Baigorria, Gran Rosario, Departamento Rosario, Santa Fe, 2152, Argentina",calle 1|362|granadero baigorria,12,APTO_ENTRENAMIENTO,
DG-0363,Ancón,1670,Rosario,Bella Vista,-32.9685081,-60.6886913,13.607534,"Pasaje Ancon, La Banana, Bella Vista, Distrito Oeste, Municipio de Rosario, Gran Rosario, Departamento Rosario, Santa Fe, S2000, Argentina",ancon|1670|rosario,1,APTO_ENTRENAMIENTO,
DG-0364,Dorrego,3391,Granadero Baigorria,Los Robles,-32.8374131,-60.7128215,1.627917,"3391, Coronel Dorrego, Los Robles, Granadero Baigorria, Municipio de Granadero Baigorria, Gran Rosario, Departamento Rosario, Santa Fe, 2152, Argentina",dorrego|3391|granadero baigorria,1,APTO_ENTRENAMIENTO,
DG-0365,Los Aromos,2841,Granadero Baigorria,Los Naranjos,-32.8632600,-60.6922996,3.221707,"Los Aromos, Los Naranjos, Granadero Baigorria, Municipio de Granadero Baigorria, Gran Rosario, Departamento Rosario, Santa Fe, 2152, Argentina",los aromos|2841|granadero baigorria,1,APTO_ENTRENAMIENTO,
DG-0366,Asunción,77,Granadero Baigorria,Nuestra Señora de La Paz,-32.8636147,-60.7269704,1.620403,"Asunción, Nuestra Señora de La Paz, Municipio de Granadero Baigorria, Gran Rosario, Departamento Rosario, Santa Fe, 2152, Argentina",asuncion|77|granadero baigorria,1,APTO_ENTRENAMIENTO,
DG-0367,Antartida,1365,Granadero Baigorria,Los Robles,-32.8430598,-60.7106934,1.327085,"Antartida Argentina, Los Robles, Granadero Baigorria, Municipio de Granadero Baigorria, Gran Rosario, Departamento Rosario, Santa Fe, 2152, Argentina",antartida|1365|granadero baigorria,1,APTO_ENTRENAMIENTO,
DG-0368,San Martin,1348,Rosario,La Florida,-32.8711247,-60.6996508,3.224527,"Avenida José de San Martín, La Florida, Celedonio Escalada, Distrito Norte, Rosario, Municipio de Rosario, Municipio de Granadero Baigorria, Gran Rosario, Departamento Rosario, Santa Fe, S2000, Argentina",san martin|1348|rosario,1,APTO_ENTRENAMIENTO,
DG-0369,Los Cedros,549,Ibarlucea,Autostrada,-32.8672751,-60.7296972,2.083080,"549, Los Cedros, Autostrada, Ybarlucea, Municipio de Ybarlucea, Gran Rosario, Departamento Rosario, Santa Fe, S2142, Argentina",los cedros|549|ibarlucea,1,APTO_ENTRENAMIENTO,
DG-0370,Montevideo,1178,Granadero Baigorria,Nuestra Señora de La Paz,-32.8630511,-60.7285633,1.604703,"Montevideo, Nuestra Señora de La Paz, Municipio de Granadero Baigorria, Gran Rosario, Departamento Rosario, Santa Fe, 2152, Argentina",montevideo|1178|granadero baigorria,1,APTO_ENTRENAMIENTO,
DG-0371,Silvestre,1283,Granadero Baigorria,No especificado,-32.8515544,-60.7355108,1.222613,"Avenida Silvestre Begnis, Municipio de Granadero Baigorria, Gran Rosario, Departamento Rosario, Santa Fe, 2152, Argentina",silvestre|1283|granadero baigorria,1,APTO_ENTRENAMIENTO,
DG-0372,Los Alamos,8104,Ibarlucea,Autostrada,-32.8686610,-60.7298013,2.232714,"8104, Los Álamos, Autostrada, Ybarlucea, Municipio de Ybarlucea, Gran Rosario, Departamento Rosario, Santa Fe, S2142, Argentina",los alamos|8104|ibarlucea,1,APTO_ENTRENAMIENTO,
DG-0373,Colon,2805,Granadero Baigorria,Los Robles,-32.8424253,-60.7106037,1.373315,"2805, Cristobal Colón, Los Robles, Granadero Baigorria, Municipio de Granadero Baigorria, Gran Rosario, Departamento Rosario, Santa Fe, 2152, Argentina",colon|2805|granadero baigorria,1,APTO_ENTRENAMIENTO,
DG-0374,Las Heras,2895,Granadero Baigorria,San Miguel,-32.8625197,-60.7165990,1.554188,"Las Heras, San Miguel, Granadero Baigorria, Municipio de Granadero Baigorria, Gran Rosario, Departamento Rosario, Santa Fe, 2152, Argentina",las heras|2895|granadero baigorria,1,APTO_ENTRENAMIENTO,
DG-0375,Pancho Ramirez,693,Granadero Baigorria,No especificado,-32.8541454,-60.7169164,0.744249,"693, Pancho Ramírez, Granadero Baigorria, Municipio de Granadero Baigorria, Gran Rosario, Departamento Rosario, Santa Fe, 2152, Argentina",pancho ramirez|693|granadero baigorria,1,APTO_ENTRENAMIENTO,
DG-0376,Santa Fe,1374,Granadero Baigorria,San Miguel,-32.8618045,-60.7110441,1.745750,"Avenida Santa Fe, San Miguel, Granadero Baigorria, Municipio de Granadero Baigorria, Gran Rosario, Departamento Rosario, Santa Fe, 2152, Argentina",santa fe|1374|granadero baigorria,2,APTO_ENTRENAMIENTO,
DG-0377,Colombres,725,Rosario,Antártida Argentina,-32.9365823,-60.7293922,9.703480,"725, José Colombres, Antártida Argentina, Distrito Noroeste, Rosario, Municipio de Rosario, Gran Rosario, Departamento Rosario, Santa Fe, S2000, Argentina",colombres|725|rosario,1,APTO_ENTRENAMIENTO,
DG-0378,Junin,1830,Granadero Baigorria,No especificado,-32.8561639,-60.7191604,0.809574,"1830, Junín, Granadero Baigorria, Municipio de Granadero Baigorria, Gran Rosario, Departamento Rosario, Santa Fe, 2152, Argentina",junin|1830|granadero baigorria,1,APTO_ENTRENAMIENTO,
DG-0379,Calle 362,4100,Granadero Baigorria,Los Robles,-32.8500470,-60.7128305,0.919573,"362, Intendente Sorigotti, Bon Vivant, Los Robles, Granadero Baigorria, Municipio de Granadero Baigorria, Gran Rosario, Departamento Rosario, Santa Fe, 2152, Argentina",calle 362|4100|granadero baigorria,1,APTO_ENTRENAMIENTO,
DG-0380,Suipacha,1300,Granadero Baigorria,San Miguel,-32.8621824,-60.7208341,1.420352,"Suipacha, San Miguel, Granadero Baigorria, Municipio de Granadero Baigorria, Gran Rosario, Departamento Rosario, Santa Fe, 2152, Argentina",suipacha|1300|granadero baigorria,1,APTO_ENTRENAMIENTO,
DG-0381,Eva Peron,1405,Granadero Baigorria,No especificado,-32.8590438,-60.7304880,1.289062,"Eva Perón, Municipio de Granadero Baigorria, Gran Rosario, Departamento Rosario, Santa Fe, 2152, Argentina",eva peron|1405|granadero baigorria,3,APTO_ENTRENAMIENTO,
DG-0382,Asuncion,955,Granadero Baigorria,Nuestra Señora de La Paz,-32.8636147,-60.7269704,1.620403,"Asunción, Nuestra Señora de La Paz, Municipio de Granadero Baigorria, Gran Rosario, Departamento Rosario, Santa Fe, 2152, Argentina",asuncion|955|granadero baigorria,1,APTO_ENTRENAMIENTO,
DG-0383,Jorge Newbery,1345,Granadero Baigorria,No especificado,-32.8564742,-60.7252016,0.811152,"1345, Jorge Newbery, Municipio de Granadero Baigorria, Gran Rosario, Departamento Rosario, Santa Fe, 2152, Argentina",jorge newbery|1345|granadero baigorria,1,APTO_ENTRENAMIENTO,
DG-0384,Catriel,824,Granadero Baigorria,No especificado,-32.8562062,-60.7183004,0.849278,"824, Catriel, Granadero Baigorria, Municipio de Granadero Baigorria, Gran Rosario, Departamento Rosario, Santa Fe, 2152, Argentina",catriel|824|granadero baigorria,2,APTO_ENTRENAMIENTO,
DG-0385,Maipu,1806,Rosario,República de la Sexta,-32.9590754,-60.6385655,14.494110,"1806, Maipú, Paseo Pellegrini, República de la Sexta, Distrito Centro, Rosario, Municipio de Rosario, Gran Rosario, Departamento Rosario, Santa Fe, 2000, Argentina",maipu|1806|rosario,1,APTO_ENTRENAMIENTO,
DG-0386,Mayo,1806,Granadero Baigorria,La Florida,-32.8712845,-60.6989572,3.281144,"25 de Mayo, La Florida, Celedonio Escalada, Distrito Norte, Rosario, Granadero Baigorria, Municipio de Granadero Baigorria, Gran Rosario, Departamento Rosario, Santa Fe, 2152, Argentina",mayo|1806|granadero baigorria,1,APTO_ENTRENAMIENTO,
DG-0387,Pasaje B,409,Granadero Baigorria,No especificado,-32.8365253,-60.7062643,2.103755,"Pasaje Pasteur, Granadero Baigorria, Municipio de Granadero Baigorria, Gran Rosario, Departamento Rosario, Santa Fe, 2152, Argentina",pasaje b|409|granadero baigorria,1,APTO_ENTRENAMIENTO,
DG-0388,Los Alerces,1117,Granadero Baigorria,No especificado,-32.8501629,-60.7188567,0.362195,"Los Alerces, Granadero Baigorria, Municipio de Granadero Baigorria, Gran Rosario, Departamento Rosario, Santa Fe, 2152, Argentina",los alerces|1117|granadero baigorria,1,APTO_ENTRENAMIENTO,
DG-0389,Montevideo,1399,Granadero Baigorria,Nuestra Señora de La Paz,-32.8630511,-60.7285633,1.604703,"Montevideo, Nuestra Señora de La Paz, Municipio de Granadero Baigorria, Gran Rosario, Departamento Rosario, Santa Fe, 2152, Argentina",montevideo|1399|granadero baigorria,1,APTO_ENTRENAMIENTO,
DG-0390,Las Acacias,8170,Ibarlucea,Autostrada,-32.8668416,-60.7285968,2.006568,"8170, Las Acacias, Autostrada, Ybarlucea, Municipio de Ybarlucea, Gran Rosario, Departamento Rosario, Santa Fe, S2142, Argentina",las acacias|8170|ibarlucea,1,APTO_ENTRENAMIENTO,
DG-0391,Montevideo,1388,Granadero Baigorria,Nuestra Señora de La Paz,-32.8630511,-60.7285633,1.604703,"Montevideo, Nuestra Señora de La Paz, Municipio de Granadero Baigorria, Gran Rosario, Departamento Rosario, Santa Fe, 2152, Argentina",montevideo|1388|granadero baigorria,1,APTO_ENTRENAMIENTO,
DG-0392,Catriel,824,Granadero Baigorria,No especificado,-32.8562062,-60.7183004,0.849278,"824, Catriel, Granadero Baigorria, Municipio de Granadero Baigorria, Gran Rosario, Departamento Rosario, Santa Fe, 2152, Argentina",catriel|824|granadero baigorria,2,APTO_ENTRENAMIENTO,
DG-0393,Calle 1,362,Granadero Baigorria,Los Robles,-32.8500470,-60.7128305,0.919573,"362, Intendente Sorigotti, Bon Vivant, Los Robles, Granadero Baigorria, Municipio de Granadero Baigorria, Gran Rosario, Departamento Rosario, Santa Fe, 2152, Argentina",calle 1|362|granadero baigorria,12,APTO_ENTRENAMIENTO,
DG-0394,Pasco,709,Granadero Baigorria,San Miguel,-32.8609830,-60.7149073,1.467535,"709, Pasco, San Miguel, Granadero Baigorria, Municipio de Granadero Baigorria, Gran Rosario, Departamento Rosario, Santa Fe, 2152, Argentina",pasco|709|granadero baigorria,1,APTO_ENTRENAMIENTO,
DG-0395,Los Álamos,8268,Ibarlucea,Autostrada,-32.8685874,-60.7277147,2.174381,"8268, Los Álamos, Autostrada, Ybarlucea, Municipio de Ybarlucea, Gran Rosario, Departamento Rosario, Santa Fe, S2142, Argentina",los alamos|8268|ibarlucea,1,APTO_ENTRENAMIENTO,
DG-0396,Punta Lara,625,Rosario,Alberdi,-32.8862478,-60.6933569,4.917585,"625, Punta Lara, Alberdi, Distrito Norte, Rosario, Municipio de Rosario, Gran Rosario, Departamento Rosario, Santa Fe, S2000, Argentina",punta lara|625|rosario,1,APTO_ENTRENAMIENTO,
DG-0397,Punta Lara,642,Rosario,Alberdi,-32.8861363,-60.6936594,4.891593,"642, Punta Lara, Alberdi, Distrito Norte, Rosario, Municipio de Rosario, Gran Rosario, Departamento Rosario, Santa Fe, S2000, Argentina",punta lara|642|rosario,1,APTO_ENTRENAMIENTO,
DG-0398,La Cautiva,1363,Granadero Baigorria,Bon Vivant,-32.8545260,-60.7125890,1.093638,"La Cautiva, Bon Vivant, Granadero Baigorria, Municipio de Granadero Baigorria, Gran Rosario, Departamento Rosario, Santa Fe, 2152, Argentina",la cautiva|1363|granadero baigorria,4,APTO_ENTRENAMIENTO,
DG-0399,Calle 7,2324,Granadero Baigorria,Los Robles,-32.8485076,-60.7083461,1.341037,"2324, Calle 7, Bon Vivant, Los Robles, Granadero Baigorria, Municipio de Granadero Baigorria, Gran Rosario, Departamento Rosario, Santa Fe, 2152, Argentina",calle 7|2324|granadero baigorria,2,APTO_ENTRENAMIENTO,
DG-0400,Chubut,2458,Granadero Baigorria,Bon Vivant,-32.8464562,-60.7058132,1.609125,"2458, Chubut, Bon Vivant, Granadero Baigorria, Municipio de Granadero Baigorria, Gran Rosario, Departamento Rosario, Santa Fe, 2152, Argentina",chubut|2458|granadero baigorria,3,APTO_ENTRENAMIENTO,
DG-0401,Eva Perón,517,Granadero Baigorria,San Miguel,-32.8584708,-60.7126395,1.367404,"517, Eva Perón, San Miguel, Granadero Baigorria, Municipio de Granadero Baigorria, Gran Rosario, Departamento Rosario, Santa Fe, 2152, Argentina",eva peron|517|granadero baigorria,1,APTO_ENTRENAMIENTO,
DG-0402,2 de Abril,1286,Granadero Baigorria,Los Robles,-32.8418644,-60.7148627,1.118311,"10 de Abril, Los Robles, Granadero Baigorria, Municipio de Granadero Baigorria, Gran Rosario, Departamento Rosario, Santa Fe, 2152, Argentina",2 de abril|1286|granadero baigorria,1,APTO_ENTRENAMIENTO,
DG-0403,Junín,1161,Granadero Baigorria,San Miguel,-32.8620731,-60.7176257,1.474761,"1161, Junín, San Miguel, Granadero Baigorria, Municipio de Granadero Baigorria, Gran Rosario, Departamento Rosario, Santa Fe, 2152, Argentina",junin|1161|granadero baigorria,2,APTO_ENTRENAMIENTO,
DG-0404,Calle 12,2491,Granadero Baigorria,Los Robles,-32.8464755,-60.7135397,0.915377,"2491, Calle 12, Bon Vivant, Los Robles, Granadero Baigorria, Municipio de Granadero Baigorria, Gran Rosario, Departamento Rosario, Santa Fe, 2152, Argentina",calle 12|2491|granadero baigorria,1,APTO_ENTRENAMIENTO,
DG-0405,Calle 7,2324,Granadero Baigorria,Los Robles,-32.8485076,-60.7083461,1.341037,"2324, Calle 7, Bon Vivant, Los Robles, Granadero Baigorria, Municipio de Granadero Baigorria, Gran Rosario, Departamento Rosario, Santa Fe, 2152, Argentina",calle 7|2324|granadero baigorria,2,APTO_ENTRENAMIENTO,
DG-0406,Maipú,3423,Rosario,General San Martín,-32.9776620,-60.6430329,16.072584,"3423, Maipú, General San Martín, Distrito Sur, Rosario, Municipio de Rosario, Gran Rosario, Departamento Rosario, Santa Fe, 2001, Argentina",maipu|3423|rosario,1,APTO_ENTRENAMIENTO,
DG-0407,Mendoza,3485,Rosario,Echesortu,-32.9458040,-60.6719397,11.708524,"3485, Mendoza, Echesortu, Distrito Centro, Rosario, Municipio de Rosario, Gran Rosario, Departamento Rosario, Santa Fe, 2002, Argentina",mendoza|3485|rosario,1,APTO_ENTRENAMIENTO,
DG-0408,Charcas,1148,Granadero Baigorria,San Miguel,-32.8625579,-60.7189916,1.491644,"1148, Charcas, San Miguel, Granadero Baigorria, Municipio de Granadero Baigorria, Gran Rosario, Departamento Rosario, Santa Fe, 2152, Argentina",charcas|1148|granadero baigorria,1,APTO_ENTRENAMIENTO,
DG-0409,Charcas,1304,Granadero Baigorria,San Miguel,-32.8621227,-60.7192371,1.439327,"Charcas, San Miguel, Granadero Baigorria, Municipio de Granadero Baigorria, Gran Rosario, Departamento Rosario, Santa Fe, 2152, Argentina",charcas|1304|granadero baigorria,1,APTO_ENTRENAMIENTO,
DG-0410,Amado Nervo,1327,Granadero Baigorria,No especificado,-32.8558549,-60.7247810,0.733996,"1327, Amado Nervo, Municipio de Granadero Baigorria, Gran Rosario, Departamento Rosario, Santa Fe, 2152, Argentina",amado nervo|1327|granadero baigorria,1,APTO_ENTRENAMIENTO,
DG-0411,Asunción,1361,Granadero Baigorria,Nuestra Señora de La Paz,-32.8636147,-60.7269704,1.620403,"Asunción, Nuestra Señora de La Paz, Municipio de Granadero Baigorria, Gran Rosario, Departamento Rosario, Santa Fe, 2152, Argentina",asuncion|1361|granadero baigorria,2,APTO_ENTRENAMIENTO,
DG-0412,Miguel Cané,1371,Granadero Baigorria,No especificado,-32.8552666,-60.7259243,0.710248,"1371, Miguel Cane, Municipio de Granadero Baigorria, Gran Rosario, Departamento Rosario, Santa Fe, 2152, Argentina",miguel cane|1371|granadero baigorria,1,APTO_ENTRENAMIENTO,
DG-0413,Ituzaingó,1931,Granadero Baigorria,No especificado,-32.8542999,-60.7153000,0.869810,"1931, Ituzaingó, Granadero Baigorria, Municipio de Granadero Baigorria, Gran Rosario, Departamento Rosario, Santa Fe, 2152, Argentina",ituzaingo|1931|granadero baigorria,1,APTO_ENTRENAMIENTO,
DG-0414,Calle 2,362,Granadero Baigorria,Los Robles,-32.8475189,-60.7105448,1.152362,"Intendente Monti, Bon Vivant, Los Robles, Granadero Baigorria, Municipio de Granadero Baigorria, Gran Rosario, Departamento Rosario, Santa Fe, 2152, Argentina",calle 2|362|granadero baigorria,1,APTO_ENTRENAMIENTO,
DG-0415,Montevideo,1354,Granadero Baigorria,Nuestra Señora de La Paz,-32.8630511,-60.7285633,1.604703,"Montevideo, Nuestra Señora de La Paz, Municipio de Granadero Baigorria, Gran Rosario, Departamento Rosario, Santa Fe, 2152, Argentina",montevideo|1354|granadero baigorria,1,APTO_ENTRENAMIENTO,
DG-0416,La Cautiva,1363,Granadero Baigorria,Bon Vivant,-32.8545260,-60.7125890,1.093638,"La Cautiva, Bon Vivant, Granadero Baigorria, Municipio de Granadero Baigorria, Gran Rosario, Departamento Rosario, Santa Fe, 2152, Argentina",la cautiva|1363|granadero baigorria,4,APTO_ENTRENAMIENTO,
DG-0417,Boston,1309,Rosario,Luis Agote,-32.9342403,-60.6757597,10.390226,"Boston, Luis Agote, Distrito Centro, Rosario, Municipio de Rosario, Gran Rosario, Departamento Rosario, Santa Fe, S2000, Argentina",boston|1309|rosario,1,APTO_ENTRENAMIENTO,
DG-0418,Chubut,2458,Granadero Baigorria,Bon Vivant,-32.8464562,-60.7058132,1.609125,"2458, Chubut, Bon Vivant, Granadero Baigorria, Municipio de Granadero Baigorria, Gran Rosario, Departamento Rosario, Santa Fe, 2152, Argentina",chubut|2458|granadero baigorria,3,APTO_ENTRENAMIENTO,
DG-0419,Amado Nervo,1328,Granadero Baigorria,No especificado,-32.8558555,-60.7248051,0.734673,"1328, Amado Nervo, Municipio de Granadero Baigorria, Gran Rosario, Departamento Rosario, Santa Fe, 2152, Argentina",amado nervo|1328|granadero baigorria,1,APTO_ENTRENAMIENTO,
DG-0420,Estanislao López,2121,Granadero Baigorria,No especificado,-32.8535718,-60.7216348,0.462581,"2121, Estanislao López, Granadero Baigorria, Municipio de Granadero Baigorria, Gran Rosario, Departamento Rosario, Santa Fe, 2152, Argentina",estanislao lopez|2121|granadero baigorria,1,APTO_ENTRENAMIENTO,
DG-0421,Spegazzini,1631,Rosario,La Florida,-32.8780676,-60.7021976,3.706796,"Spegazzini, La Florida, Alberdi, Distrito Norte, Rosario, Municipio de Rosario, Gran Rosario, Departamento Rosario, Santa Fe, S2000, Argentina",spegazzini|1631|rosario,1,APTO_ENTRENAMIENTO,
DG-0422,José Hernández,2050,Granadero Baigorria,No especificado,-32.8545860,-60.7225637,0.565533,"2050, José Hernández, Granadero Baigorria, Municipio de Granadero Baigorria, Gran Rosario, Departamento Rosario, Santa Fe, 2152, Argentina",jose hernandez|2050|granadero baigorria,3,APTO_ENTRENAMIENTO,
DG-0423,Mosconi,3503,San Lorenzo,Díaz Vélez,-32.7270609,-60.7306742,13.635324,"3503, General Mosconi, Díaz Vélez, San Lorenzo, Municipio de San Lorenzo, Gran Rosario, Departamento San Lorenzo, Santa Fe, S2202ARC, Argentina",mosconi|3503|san lorenzo,1,APTO_ENTRENAMIENTO,
DG-0424,Jujuy,2063,Granadero Baigorria,Santa Rita,-32.8376724,-60.7047243,2.129601,"Jujuy Pasage, Santa Rita, Granadero Baigorria, Municipio de Granadero Baigorria, Gran Rosario, Departamento Rosario, Santa Fe, 2152, Argentina",jujuy|2063|granadero baigorria,1,APTO_ENTRENAMIENTO,
DG-0425,Eva Perón,59,Granadero Baigorria,Centro,-32.8579501,-60.7047705,1.916510,"59, Eva Perón, Centro, Granadero Baigorria, Municipio de Granadero Baigorria, Gran Rosario, Departamento Rosario, Santa Fe, 2152, Argentina",eva peron|59|granadero baigorria,1,APTO_ENTRENAMIENTO,
DG-0426,José Hernández,1879,Granadero Baigorria,No especificado,-32.8560434,-60.7221415,0.729094,"1879, José Hernández, Granadero Baigorria, Municipio de Granadero Baigorria, Gran Rosario, Departamento Rosario, Santa Fe, 2152, Argentina",jose hernandez|1879|granadero baigorria,1,APTO_ENTRENAMIENTO,
DG-0427,Sucre,1070,Granadero Baigorria,Correo,-32.8680042,-60.7018455,2.830307,"Sucre, Correo, Granadero Baigorria, Municipio de Granadero Baigorria, Gran Rosario, Departamento Rosario, Santa Fe, 2152, Argentina",sucre|1070|granadero baigorria,1,APTO_ENTRENAMIENTO,
DG-0428,Ciudadela,154,Granadero Baigorria,Celedonio Escalada,-32.8714092,-60.7085485,2.769527,"Ciudadela, La Floresta, Celedonio Escalada, Distrito Norte, Rosario, Granadero Baigorria, Municipio de Granadero Baigorria, Gran Rosario, Departamento Rosario, Santa Fe, 2152, Argentina",ciudadela|154|granadero baigorria,1,APTO_ENTRENAMIENTO,
DG-0429,Eva Perón,1426,Granadero Baigorria,San Miguel,-32.8583409,-60.7125263,1.364214,"Eva Perón, San Miguel, Granadero Baigorria, Municipio de Granadero Baigorria, Gran Rosario, Departamento Rosario, Santa Fe, 2152, Argentina",eva peron|1426|granadero baigorria,1,APTO_ENTRENAMIENTO,
DG-0430,Orsetti,1002,Granadero Baigorria,San Miguel,-32.8657667,-60.7234822,1.810368,"Juan C. Orsetti, San Miguel, Granadero Baigorria, Municipio de Granadero Baigorria, Gran Rosario, Departamento Rosario, Santa Fe, 2152, Argentina",orsetti|1002|granadero baigorria,1,APTO_ENTRENAMIENTO,
DG-0431,Los Ceibos,860,Granadero Baigorria,Los Naranjos,-32.8628986,-60.6957417,2.922035,"860, Los Ceibos, Los Naranjos, Granadero Baigorria, Municipio de Granadero Baigorria, Gran Rosario, Departamento Rosario, Santa Fe, 2152, Argentina",los ceibos|860|granadero baigorria,2,APTO_ENTRENAMIENTO,
DG-0432,Silvestre Begnis,763,Granadero Baigorria,No especificado,-32.8508863,-60.7189077,0.382291,"763, Avenida Silvestre Begnis, Granadero Baigorria, Municipio de Granadero Baigorria, Gran Rosario, Departamento Rosario, Santa Fe, 2152, Argentina",silvestre begnis|763|granadero baigorria,2,APTO_ENTRENAMIENTO,
DG-0433,Jujuy,3336,Granadero Baigorria,Santa Rita,-32.8376724,-60.7047243,2.129601,"Jujuy Pasage, Santa Rita, Granadero Baigorria, Municipio de Granadero Baigorria, Gran Rosario, Departamento Rosario, Santa Fe, 2152, Argentina",jujuy|3336|granadero baigorria,2,APTO_ENTRENAMIENTO,
DG-0434,Lisandro de la Torre,12,Granadero Baigorria,No especificado,-32.8472270,-60.6989727,2.226518,"Avenida Lisandro de la Torre, Granadero Baigorria, Municipio de Granadero Baigorria, Gran Rosario, Departamento Rosario, Santa Fe, 2152, Argentina",lisandro de la torre|12|granadero baigorria,1,APTO_ENTRENAMIENTO,
DG-0435,Pancho Ramírez,956,Granadero Baigorria,No especificado,-32.8549222,-60.7204543,0.636881,"956, Pancho Ramírez, Granadero Baigorria, Municipio de Granadero Baigorria, Gran Rosario, Departamento Rosario, Santa Fe, 2152, Argentina",pancho ramirez|956|granadero baigorria,2,APTO_ENTRENAMIENTO,
DG-0436,Francia,977,Granadero Baigorria,San Miguel,-32.8602312,-60.7193781,1.231779,"Pasaje Francia, San Miguel, Granadero Baigorria, Municipio de Granadero Baigorria, Gran Rosario, Departamento Rosario, Santa Fe, 2152, Argentina",francia|977|granadero baigorria,3,APTO_ENTRENAMIENTO,
DG-0437,Namuncurá,933,Granadero Baigorria,No especificado,-32.8554403,-60.7186713,0.757992,"933, Namuncurá, Granadero Baigorria, Municipio de Granadero Baigorria, Gran Rosario, Departamento Rosario, Santa Fe, 2152, Argentina",namuncura|933|granadero baigorria,3,APTO_ENTRENAMIENTO,
DG-0438,Junín,2063,Granadero Baigorria,No especificado,-32.8539428,-60.7200142,0.552040,"2063, Junín, Granadero Baigorria, Municipio de Granadero Baigorria, Gran Rosario, Departamento Rosario, Santa Fe, 2152, Argentina",junin|2063|granadero baigorria,3,APTO_ENTRENAMIENTO,
DG-0439,Jujuy,730,Granadero Baigorria,Santa Rita,-32.8376724,-60.7047243,2.129601,"Jujuy Pasage, Santa Rita, Granadero Baigorria, Municipio de Granadero Baigorria, Gran Rosario, Departamento Rosario, Santa Fe, 2152, Argentina",jujuy|730|granadero baigorria,1,APTO_ENTRENAMIENTO,
DG-0440,Pancho Ramírez,576,Granadero Baigorria,No especificado,-32.8537103,-60.7151455,0.843167,"576, Pancho Ramírez, Granadero Baigorria, Municipio de Granadero Baigorria, Gran Rosario, Departamento Rosario, Santa Fe, 2152, Argentina",pancho ramirez|576|granadero baigorria,2,APTO_ENTRENAMIENTO,
DG-0441,Santa Fe,688,Granadero Baigorria,No especificado,-32.8545669,-60.7136093,1.015398,"Avenida Santa Fe, Granadero Baigorria, Municipio de Granadero Baigorria, Gran Rosario, Departamento Rosario, Santa Fe, 2152, Argentina",santa fe|688|granadero baigorria,1,APTO_ENTRENAMIENTO,
DG-0442,Alvear,168,Granadero Baigorria,Centro,-32.8598561,-60.7058447,1.947042,"168, Alvear, Centro, Granadero Baigorria, Municipio de Granadero Baigorria, Gran Rosario, Departamento Rosario, Santa Fe, 2152, Argentina",alvear|168|granadero baigorria,1,APTO_ENTRENAMIENTO,
DG-0443,Los Olivos,3251,Granadero Baigorria,Santa Rita,-32.8388398,-60.7038306,2.120660,"3251, Los Olivos, Santa Rita, Granadero Baigorria, Municipio de Granadero Baigorria, Gran Rosario, Departamento Rosario, Santa Fe, 2152, Argentina",los olivos|3251|granadero baigorria,3,APTO_ENTRENAMIENTO,
DG-0444,Calle 6,2443,Granadero Baigorria,Los Robles,-32.8461390,-60.7081584,1.404683,"2443, Crucero General Belgrano, Bon Vivant, Los Robles, Granadero Baigorria, Municipio de Granadero Baigorria, Gran Rosario, Departamento Rosario, Santa Fe, 2152, Argentina",calle 6|2443|granadero baigorria,1,APTO_ENTRENAMIENTO,
DG-0445,Las Orquídeas,48,Capitán Bermúdez,No especificado,-32.8356178,-60.7232311,1.544644,"48, Las Orquideas, Capitán Bermudez, Municipio de Capitán Bermudez, Gran Rosario, Departamento San Lorenzo, Santa Fe, S2154, Argentina",las orquideas|48|capitan bermudez,1,APTO_ENTRENAMIENTO,
DG-0446,Quito,1648,Granadero Baigorria,Nuestra Señora de La Paz,-32.8622021,-60.7295548,1.552525,"Quito, Nuestra Señora de La Paz, Municipio de Granadero Baigorria, Gran Rosario, Departamento Rosario, Santa Fe, 2152, Argentina",quito|1648|granadero baigorria,1,APTO_ENTRENAMIENTO,
DG-0447,Caracas,1633,Granadero Baigorria,Nuestra Señora de La Paz,-32.8626566,-60.7292412,1.587051,"Caracas, Nuestra Señora de La Paz, Municipio de Granadero Baigorria, Gran Rosario, Departamento Rosario, Santa Fe, 2152, Argentina",caracas|1633|granadero baigorria,1,APTO_ENTRENAMIENTO,
DG-0448,San Martín,84,Rosario,La Florida,-32.8711247,-60.6996508,3.224527,"Avenida José de San Martín, La Florida, Celedonio Escalada, Distrito Norte, Rosario, Municipio de Rosario, Municipio de Granadero Baigorria, Gran Rosario, Departamento Rosario, Santa Fe, S2000, Argentina",san martin|84|rosario,1,APTO_ENTRENAMIENTO,
DG-0449,San Lorenzo,450,Granadero Baigorria,Centro,-32.8616732,-60.7074209,1.963779,"San Lorenzo, Centro, Granadero Baigorria, Municipio de Granadero Baigorria, Gran Rosario, Departamento Rosario, Santa Fe, 2152, Argentina",san lorenzo|450|granadero baigorria,1,APTO_ENTRENAMIENTO,
DG-0450,Calle 9,2452,Granadero Baigorria,Los Robles,-32.8465139,-60.7107965,1.156310,"2452, Calle 9, Bon Vivant, Los Robles, Granadero Baigorria, Municipio de Granadero Baigorria, Gran Rosario, Departamento Rosario, Santa Fe, 2152, Argentina",calle 9|2452|granadero baigorria,1,APTO_ENTRENAMIENTO,
DG-0451,Namuncurá,458,Granadero Baigorria,No especificado,-32.8541291,-60.7132794,1.015665,"458, Namuncurá, Granadero Baigorria, Municipio de Granadero Baigorria, Gran Rosario, Departamento Rosario, Santa Fe, 2152, Argentina",namuncura|458|granadero baigorria,2,APTO_ENTRENAMIENTO,
DG-0452,Pavon,590,Rosario,General Las Heras,-32.9955844,-60.6343561,18.214892,"Pavón, Villa Olímpica, General Las Heras, Distrito Sur, Rosario, Municipio de Rosario, Gran Rosario, Departamento Rosario, Santa Fe, S2000, Argentina",pavon|590|rosario,1,APTO_ENTRENAMIENTO,
DG-0453,Arenales,257,Granadero Baigorria,Centro,-32.8591719,-60.7075534,1.773656,"257, Arenales, Centro, Granadero Baigorria, Municipio de Granadero Baigorria, Gran Rosario, Departamento Rosario, Santa Fe, 2152, Argentina",arenales|257|granadero baigorria,1,APTO_ENTRENAMIENTO,
DG-0454,Castelli,665,Roldán,Beaudrix,-32.8882850,-60.9038598,17.464541,"665, Castelli, Beaudrix, Roldán, Municipio de Roldán, Gran Rosario, Departamento San Lorenzo, Santa Fe, S2134, Argentina",castelli|665|roldan,1,APTO_ENTRENAMIENTO,
DG-0455,Junin,2063,Granadero Baigorria,No especificado,-32.8539428,-60.7200142,0.552040,"2063, Junín, Granadero Baigorria, Municipio de Granadero Baigorria, Gran Rosario, Departamento Rosario, Santa Fe, 2152, Argentina",junin|2063|granadero baigorria,3,APTO_ENTRENAMIENTO,
DG-0456,Chubut,2450,Granadero Baigorria,Bon Vivant,-32.8465738,-60.7058074,1.606954,"2450, Chubut, Bon Vivant, Granadero Baigorria, Municipio de Granadero Baigorria, Gran Rosario, Departamento Rosario, Santa Fe, 2152, Argentina",chubut|2450|granadero baigorria,1,APTO_ENTRENAMIENTO,
DG-0457,Artigas,3134,Granadero Baigorria,Los Robles,-32.8396780,-60.7120333,1.475534,"Artigas, Los Robles, Granadero Baigorria, Municipio de Granadero Baigorria, Gran Rosario, Departamento Rosario, Santa Fe, 2152, Argentina",artigas|3134|granadero baigorria,2,APTO_ENTRENAMIENTO,
DG-0458,Calle 10,2329,Granadero Baigorria,Los Robles,-32.8489792,-60.7109601,1.093831,"2329, Calle 10, Bon Vivant, Los Robles, Granadero Baigorria, Municipio de Granadero Baigorria, Gran Rosario, Departamento Rosario, Santa Fe, 2152, Argentina",calle 10|2329|granadero baigorria,2,APTO_ENTRENAMIENTO,
DG-0459,Los Angeles,127,Rosario,Tio Rolo,-33.0295721,-60.6856490,20.318656,"Los Ángeles, Puente Gallego, Tio Rolo, Mercedes de San Martín, Rosario, Municipio de Rosario, Gran Rosario, Departamento Rosario, Santa Fe, S2000, Argentina",los angeles|127|rosario,1,APTO_ENTRENAMIENTO,
DG-0460,Fresno,946,Rosario,7 de Septiembre,-32.9089407,-60.7331393,6.681595,"Fresno, 7 de Septiembre, Larrea y Empalme Graneros, Distrito Noroeste, Rosario, Municipio de Rosario, Gran Rosario, Departamento Rosario, Santa Fe, S2000, Argentina",fresno|946|rosario,1,APTO_ENTRENAMIENTO,
DG-0461,Alfonsina Storni,1345,Granadero Baigorria,No especificado,-32.8429718,-60.7223631,0.726475,"Alfonsina Storni, Municipio de Granadero Baigorria, Gran Rosario, Departamento Rosario, Santa Fe, 2152, Argentina",alfonsina storni|1345|granadero baigorria,1,APTO_ENTRENAMIENTO,
DG-0462,Los Ceibos,860,Granadero Baigorria,Los Naranjos,-32.8628986,-60.6957417,2.922035,"860, Los Ceibos, Los Naranjos, Granadero Baigorria, Municipio de Granadero Baigorria, Gran Rosario, Departamento Rosario, Santa Fe, 2152, Argentina",los ceibos|860|granadero baigorria,2,APTO_ENTRENAMIENTO,
DG-0463,Santa Fe,2050,Granadero Baigorria,No especificado,-32.8545669,-60.7136093,1.015398,"Avenida Santa Fe, Granadero Baigorria, Municipio de Granadero Baigorria, Gran Rosario, Departamento Rosario, Santa Fe, 2152, Argentina",santa fe|2050|granadero baigorria,2,APTO_ENTRENAMIENTO,
DG-0464,Eva Peron,1377,Granadero Baigorria,No especificado,-32.8590438,-60.7304880,1.289062,"Eva Perón, Municipio de Granadero Baigorria, Gran Rosario, Departamento Rosario, Santa Fe, 2152, Argentina",eva peron|1377|granadero baigorria,2,APTO_ENTRENAMIENTO,
DG-0465,Navarro,933,Rosario,Antártida Argentina,-32.9318736,-60.7252067,9.162575,"Navarro, Nueva Fisherton, Antártida Argentina, Distrito Noroeste, Rosario, Municipio de Rosario, Gran Rosario, Departamento Rosario, Santa Fe, S2000, Argentina",navarro|933|rosario,1,APTO_ENTRENAMIENTO,
DG-0466,Bouchard,3220,Rosario,Nuevo Alberdi,-32.8901746,-60.7231445,4.522982,"Bulevar Bouchard, Nuevo Alberdi, La Cerámica y Cuyo, Distrito Norte, Rosario, Municipio de Rosario, Gran Rosario, Departamento Rosario, Santa Fe, S2000, Argentina",bouchard|3220|rosario,1,APTO_ENTRENAMIENTO,
DG-0467,Silvestre,3298,Granadero Baigorria,No especificado,-32.8515970,-60.7366804,1.330925,"Avenida Silvestre Begnis, Municipio de Granadero Baigorria, Gran Rosario, Departamento Rosario, Santa Fe, S2142, Argentina",silvestre|3298|granadero baigorria,1,APTO_ENTRENAMIENTO,
DG-0468,Avenida San Martin,418,Rosario,La Florida,-32.8711247,-60.6996508,3.224527,"Avenida José de San Martín, La Florida, Celedonio Escalada, Distrito Norte, Rosario, Municipio de Rosario, Municipio de Granadero Baigorria, Gran Rosario, Departamento Rosario, Santa Fe, S2000, Argentina",avenida san martin|418|rosario,1,APTO_ENTRENAMIENTO,
DG-0469,Santa Fe,1268,Granadero Baigorria,No especificado,-32.8545669,-60.7136093,1.015398,"Avenida Santa Fe, Granadero Baigorria, Municipio de Granadero Baigorria, Gran Rosario, Departamento Rosario, Santa Fe, 2152, Argentina",santa fe|1268|granadero baigorria,1,APTO_ENTRENAMIENTO,
DG-0470,Orsetti,934,Granadero Baigorria,San Miguel,-32.8657511,-60.7222662,1.807337,"Juan C. Orsetti, San Miguel, Granadero Baigorria, Municipio de Granadero Baigorria, Gran Rosario, Departamento Rosario, Santa Fe, 2152, Argentina",orsetti|934|granadero baigorria,1,APTO_ENTRENAMIENTO,
DG-0471,Calle 10,2329,Granadero Baigorria,Los Robles,-32.8489792,-60.7109601,1.093831,"2329, Calle 10, Bon Vivant, Los Robles, Granadero Baigorria, Municipio de Granadero Baigorria, Gran Rosario, Departamento Rosario, Santa Fe, 2152, Argentina",calle 10|2329|granadero baigorria,2,APTO_ENTRENAMIENTO,
DG-0472,Calle 11,2611,Granadero Baigorria,Los Robles,-32.8470821,-60.7125105,0.984898,"Calle 11, Bon Vivant, Los Robles, Granadero Baigorria, Municipio de Granadero Baigorria, Gran Rosario, Departamento Rosario, Santa Fe, 2152, Argentina",calle 11|2611|granadero baigorria,1,APTO_ENTRENAMIENTO,
DG-0473,24 de Junio,522,Granadero Baigorria,Los Robles,-32.8424791,-60.7149208,1.063645,"24 de Junio, Los Robles, Granadero Baigorria, Municipio de Granadero Baigorria, Gran Rosario, Departamento Rosario, Santa Fe, 2152, Argentina",24 de junio|522|granadero baigorria,1,APTO_ENTRENAMIENTO,
DG-0474,Palma,845,Roldán,El Troncal,-32.9038797,-60.8917239,16.907133,"Di Palma, El Troncal, Roldán, Municipio de Roldán, Gran Rosario, Departamento San Lorenzo, Santa Fe, S2134, Argentina",palma|845|roldan,1,APTO_ENTRENAMIENTO,
DG-0475,Bilbao,715,Rosario,Rosario Centro,-32.9445704,-60.6496642,12.577389,"BBVA, 1935, Córdoba, Paseo del Siglo, Rosario Centro, Distrito Centro, Rosario, Municipio de Rosario, Gran Rosario, Departamento Rosario, Santa Fe, 2000, Argentina",bilbao|715|rosario,1,APTO_ENTRENAMIENTO,
DG-0476,Paso,874,Rosario,Lisandro de la Torre,-32.9190802,-60.6760592,8.876350,"874, Avenida Juan José Paso, Lisandro de la Torre, Distrito Norte, Rosario, Municipio de Rosario, Gran Rosario, Departamento Rosario, Santa Fe, S2000, Argentina",paso|874|rosario,1,APTO_ENTRENAMIENTO,
DG-0477,Francia,977,Granadero Baigorria,San Miguel,-32.8602312,-60.7193781,1.231779,"Pasaje Francia, San Miguel, Granadero Baigorria, Municipio de Granadero Baigorria, Gran Rosario, Departamento Rosario, Santa Fe, 2152, Argentina",francia|977|granadero baigorria,3,APTO_ENTRENAMIENTO,
DG-0478,Coihue,915,Alvear,Santa Susana,-33.0872626,-60.6812681,26.718374,"El Coihué, Santa Susana, Alvear, Municipio de Alvear, Gran Rosario, Departamento Rosario, Santa Fe, Argentina",coihue|915|alvear,1,APTO_ENTRENAMIENTO,
DG-0479,Franklin,1315,Granadero Baigorria,No especificado,-32.8570567,-60.7247007,0.861699,"1315, Benjamín Franklin, Municipio de Granadero Baigorria, Gran Rosario, Departamento Rosario, Santa Fe, 2152, Argentina",franklin|1315|granadero baigorria,1,APTO_ENTRENAMIENTO,
DG-0480,Marconi,1071,Granadero Baigorria,No especificado,-32.8530915,-60.7228118,0.399566,"Marconi, Municipio de Granadero Baigorria, Gran Rosario, Departamento Rosario, Santa Fe, 2152, Argentina",marconi|1071|granadero baigorria,1,APTO_ENTRENAMIENTO,
DG-0481,Camino Gomez,1794,Rosario,Antártida Argentina,-32.9378670,-60.7684520,10.716069,"Avenida Cañada De Gómez, Los Pasos Golf, Antártida Argentina, Distrito Noroeste, Rosario, Municipio de Rosario, Gran Rosario, Departamento Rosario, Santa Fe, S2000, Argentina",camino gomez|1794|rosario,2,APTO_ENTRENAMIENTO,
DG-0482,Camino Gomez,1070,Rosario,Antártida Argentina,-32.9353021,-60.7628763,10.253284,"Avenida Cañada De Gómez, Antártida Argentina, Distrito Noroeste, Rosario, Municipio de Rosario, Gran Rosario, Departamento Rosario, Santa Fe, S2000, Argentina",camino gomez|1070|rosario,1,APTO_ENTRENAMIENTO,
DG-0483,Camino Gomez,1794,Rosario,Antártida Argentina,-32.9378670,-60.7684520,10.716069,"Avenida Cañada De Gómez, Los Pasos Golf, Antártida Argentina, Distrito Noroeste, Rosario, Municipio de Rosario, Gran Rosario, Departamento Rosario, Santa Fe, S2000, Argentina",camino gomez|1794|rosario,2,APTO_ENTRENAMIENTO,
DG-0484,Jorge Newbery,33,Granadero Baigorria,No especificado,-32.8564567,-60.7252820,0.811533,"Jorge Newbery, Municipio de Granadero Baigorria, Gran Rosario, Departamento Rosario, Santa Fe, 2152, Argentina",jorge newbery|33|granadero baigorria,1,APTO_ENTRENAMIENTO,
DG-0485,Vecinal,633,Granadero Baigorria,Santa Rita,-32.8489780,-60.7017039,1.957824,"Asociación Vecinal Unión y Amistad, 2292, El Rosedal, Santa Rita, Granadero Baigorria, Municipio de Granadero Baigorria, Gran Rosario, Departamento Rosario, Santa Fe, 2152, Argentina",vecinal|633|granadero baigorria,1,APTO_ENTRENAMIENTO,
DG-0486,Las Piedras,258,Granadero Baigorria,Correo,-32.8684829,-60.7050892,2.673312,"Las Piedras, Correo, Granadero Baigorria, Municipio de Granadero Baigorria, Gran Rosario, Departamento Rosario, Santa Fe, 2152, Argentina",las piedras|258|granadero baigorria,2,APTO_ENTRENAMIENTO,
DG-0487,Pasaje Arroyito,188,Rosario,Lisandro de la Torre,-32.9177739,-60.6920800,8.110704,"Pasaje 703, La Travesía, Lisandro de la Torre, Distrito Norte, Rosario, Municipio de Rosario, Gran Rosario, Departamento Rosario, Santa Fe, S2000, Argentina",pasaje arroyito|188|rosario,1,APTO_ENTRENAMIENTO,
DG-0488,Arequipa,2180,Rosario,Celedonio Escalada,-32.8734261,-60.7302279,2.752870,"Arequipa, Celedonio Escalada, Distrito Norte, Rosario, Municipio de Rosario, Gran Rosario, Departamento Rosario, Santa Fe, S2000, Argentina",arequipa|2180|rosario,1,APTO_ENTRENAMIENTO,
DG-0489,Calle 12,2408,Granadero Baigorria,Los Robles,-32.8478538,-60.7131524,0.906199,"2408, Calle 12, Bon Vivant, Los Robles, Granadero Baigorria, Municipio de Granadero Baigorria, Gran Rosario, Departamento Rosario, Santa Fe, 2152, Argentina",calle 12|2408|granadero baigorria,2,APTO_ENTRENAMIENTO,
DG-0490,Calle 9,2611,Granadero Baigorria,Los Robles,-32.8436991,-60.7116350,1.214728,"2611, Calle 9, Bon Vivant, Los Robles, Granadero Baigorria, Municipio de Granadero Baigorria, Gran Rosario, Departamento Rosario, Santa Fe, 2152, Argentina",calle 9|2611|granadero baigorria,3,APTO_ENTRENAMIENTO,
DG-0491,Maipo,2349,Granadero Baigorria,No especificado,-32.8536332,-60.7187490,0.586649,"Maipo, Granadero Baigorria, Municipio de Granadero Baigorria, Gran Rosario, Departamento Rosario, Santa Fe, 2152, Argentina",maipo|2349|granadero baigorria,1,APTO_ENTRENAMIENTO,
DG-0492,Acuña,1163,Rosario,Villa Urquiza,-32.9536422,-60.7011557,11.752667,"Acuña, Villa Urquiza, Distrito Oeste, Municipio de Rosario, Gran Rosario, Departamento Rosario, Santa Fe, S2000, Argentina",acuna|1163|rosario,1,APTO_ENTRENAMIENTO,
DG-0493,Astrada,884,San Lorenzo,Alem,-32.7393794,-60.7366117,12.314254,"884, Berón de Astrada, Alem, San Lorenzo, Municipio de San Lorenzo, Gran Rosario, Departamento San Lorenzo, Santa Fe, 2200, Argentina",astrada|884|san lorenzo,1,APTO_ENTRENAMIENTO,
DG-0494,Perito Moreno,566,Granadero Baigorria,No especificado,-32.8519500,-60.7156023,0.712724,"566, Perito Moreno, Granadero Baigorria, Municipio de Granadero Baigorria, Gran Rosario, Departamento Rosario, Santa Fe, 2152, Argentina",perito moreno|566|granadero baigorria,2,APTO_ENTRENAMIENTO,
DG-0495,Misiones,3220,Granadero Baigorria,Santa Rita,-32.8434284,-60.6984366,2.360859,"Misiones, Santa Rita, Granadero Baigorria, Municipio de Granadero Baigorria, Gran Rosario, Departamento Rosario, Santa Fe, 2152, Argentina",misiones|3220|granadero baigorria,1,APTO_ENTRENAMIENTO,
DG-0496,Santa Fe,2068,Granadero Baigorria,No especificado,-32.8545638,-60.7135316,1.021254,"Avenida Santa Fe, Granadero Baigorria, Municipio de Granadero Baigorria, Gran Rosario, Departamento Rosario, Santa Fe, 2152, Argentina",santa fe|2068|granadero baigorria,2,APTO_ENTRENAMIENTO,
DG-0497,Perito Moreno,625,Granadero Baigorria,No especificado,-32.8521843,-60.7165983,0.639487,"625, Perito Moreno, Granadero Baigorria, Municipio de Granadero Baigorria, Gran Rosario, Departamento Rosario, Santa Fe, 2152, Argentina",perito moreno|625|granadero baigorria,1,APTO_ENTRENAMIENTO,
DG-0498,Benítez,1065,Rosario,Godoy,-32.9656306,-60.7202348,12.915058,"Benitez, Godoy, Rosario, Municipio de Rosario, Gran Rosario, Departamento Rosario, Santa Fe, S2000, Argentina",benitez|1065|rosario,1,APTO_ENTRENAMIENTO,
DG-0499,Buenos Aires,1215,Granadero Baigorria,Centro,-32.8605166,-60.7093914,1.742111,"1215, Avenida Buenos Aires, Centro, Granadero Baigorria, Municipio de Granadero Baigorria, Gran Rosario, Departamento Rosario, Santa Fe, 2152, Argentina",buenos aires|1215|granadero baigorria,1,APTO_ENTRENAMIENTO,
DG-0500,William,1787,Rosario,Rosario Centro,-32.9332677,-60.6471107,11.683777,"Avenida Guillermo Wheelwright, Rosario Centro, Distrito Centro, Rosario, Municipio de Rosario, Gran Rosario, Departamento Rosario, Santa Fe, S2000, Argentina",william|1787|rosario,1,APTO_ENTRENAMIENTO,
DG-0501,Mansilla,816,Granadero Baigorria,No especificado,-32.8516099,-60.7182330,0.474855,"816, Lucio V. Mansilla, Granadero Baigorria, Municipio de Granadero Baigorria, Gran Rosario, Departamento Rosario, Santa Fe, 2152, Argentina",mansilla|816|granadero baigorria,1,APTO_ENTRENAMIENTO,
DG-0502,Mansilla,744,Granadero Baigorria,No especificado,-32.8515018,-60.7179181,0.495126,"Lucio V. Mansilla, Granadero Baigorria, Municipio de Granadero Baigorria, Gran Rosario, Departamento Rosario, Santa Fe, 2152, Argentina",mansilla|744|granadero baigorria,1,APTO_ENTRENAMIENTO,
DG-0503,Agrelo,2570,Rosario,Alberdi,-32.8890570,-60.6925278,5.221346,"2570, Pedro José Agrelo, Alberdi, Distrito Norte, Rosario, Municipio de Rosario, Gran Rosario, Departamento Rosario, Santa Fe, S2000, Argentina",agrelo|2570|rosario,3,APTO_ENTRENAMIENTO,
DG-0504,Franklin,1305,Granadero Baigorria,No especificado,-32.8570535,-60.7245353,0.858053,"1305, Benjamín Franklin, Municipio de Granadero Baigorria, Gran Rosario, Departamento Rosario, Santa Fe, 2152, Argentina",franklin|1305|granadero baigorria,1,APTO_ENTRENAMIENTO,
DG-0505,Miguel Cané,1353,Granadero Baigorria,No especificado,-32.8552501,-60.7254000,0.688890,"1353, Miguel Cane, Municipio de Granadero Baigorria, Gran Rosario, Departamento Rosario, Santa Fe, 2152, Argentina",miguel cane|1353|granadero baigorria,1,APTO_ENTRENAMIENTO,
DG-0506,Colombres,1052,Rosario,Antártida Argentina,-32.9403114,-60.7294565,10.117675,"1052, José Colombres, Antártida Argentina, Distrito Noroeste, Rosario, Municipio de Rosario, Gran Rosario, Departamento Rosario, Santa Fe, S2000, Argentina",colombres|1052|rosario,1,APTO_ENTRENAMIENTO,
DG-0507,Díaz Vélez,1391,Granadero Baigorria,San Miguel,-32.8590172,-60.7219455,1.060261,"Díaz Vélez bis, San Miguel, Granadero Baigorria, Municipio de Granadero Baigorria, Gran Rosario, Departamento Rosario, Santa Fe, 2152, Argentina",diaz velez|1391|granadero baigorria,1,APTO_ENTRENAMIENTO,
DG-0508,San Martín,1283,Granadero Baigorria,Centro,-32.8584010,-60.7035787,2.038146,"1283, Avenida José de San Martín, Centro, Granadero Baigorria, Municipio de Granadero Baigorria, Gran Rosario, Departamento Rosario, Santa Fe, 2152, Argentina",san martin|1283|granadero baigorria,1,APTO_ENTRENAMIENTO,
DG-0509,Calle 10,2255,Granadero Baigorria,Los Robles,-32.8500599,-60.7106290,1.124936,"2255, Calle 10, Bon Vivant, Los Robles, Granadero Baigorria, Municipio de Granadero Baigorria, Gran Rosario, Departamento Rosario, Santa Fe, 2152, Argentina",calle 10|2255|granadero baigorria,1,APTO_ENTRENAMIENTO,
DG-0510,Juan B. Justo,219,Granadero Baigorria,El Paraíso,-32.8593700,-60.7000344,2.380809,"219, Juan B. Justo, El Paraíso, Granadero Baigorria, Municipio de Granadero Baigorria, Gran Rosario, Departamento Rosario, Santa Fe, 2152, Argentina",juan b. justo|219|granadero baigorria,1,APTO_ENTRENAMIENTO,
DG-0511,Calle 12,2342,Granadero Baigorria,Los Robles,-32.8491391,-60.7127462,0.926316,"2342, Calle 12, Bon Vivant, Los Robles, Granadero Baigorria, Municipio de Granadero Baigorria, Gran Rosario, Departamento Rosario, Santa Fe, 2152, Argentina",calle 12|2342|granadero baigorria,3,APTO_ENTRENAMIENTO,
DG-0512,Calle 12,2409,Granadero Baigorria,Los Robles,-32.8478372,-60.7131570,0.906153,"2409, Calle 12, Bon Vivant, Los Robles, Granadero Baigorria, Municipio de Granadero Baigorria, Gran Rosario, Departamento Rosario, Santa Fe, 2152, Argentina",calle 12|2409|granadero baigorria,1,APTO_ENTRENAMIENTO,
DG-0513,Jujuy,3336,Granadero Baigorria,Santa Rita,-32.8376724,-60.7047243,2.129601,"Jujuy Pasage, Santa Rita, Granadero Baigorria, Municipio de Granadero Baigorria, Gran Rosario, Departamento Rosario, Santa Fe, 2152, Argentina",jujuy|3336|granadero baigorria,2,APTO_ENTRENAMIENTO,
DG-0514,Calle 13,62,Granadero Baigorria,Los Robles,-32.8479470,-60.7141939,0.808875,"Calle 13, Los Robles, Granadero Baigorria, Municipio de Granadero Baigorria, Gran Rosario, Departamento Rosario, Santa Fe, 2152, Argentina",calle 13|62|granadero baigorria,1,APTO_ENTRENAMIENTO,
DG-0515,Perito Moreno,651,Granadero Baigorria,No especificado,-32.8522740,-60.7169463,0.615857,"651, Perito Moreno, Granadero Baigorria, Municipio de Granadero Baigorria, Gran Rosario, Departamento Rosario, Santa Fe, 2152, Argentina",perito moreno|651|granadero baigorria,1,APTO_ENTRENAMIENTO,
DG-0516,Baigorria,756,Granadero Baigorria,Centro,-32.8583562,-60.7074002,1.731933,"Hierros Baigorria, Centro, Granadero Baigorria, Municipio de Granadero Baigorria, Gran Rosario, Departamento Rosario, Santa Fe, 2152, Argentina",baigorria|756|granadero baigorria,1,APTO_ENTRENAMIENTO,
DG-0517,Ibarlucea,1956,Granadero Baigorria,Los Robles,-32.8408161,-60.7029872,2.075502,"Juan Manuel Ibarlucea, Los Robles, Granadero Baigorria, Municipio de Granadero Baigorria, Gran Rosario, Departamento Rosario, Santa Fe, 2152, Argentina",ibarlucea|1956|granadero baigorria,1,APTO_ENTRENAMIENTO,
DG-0518,Eva Perón,1530,Granadero Baigorria,San Miguel,-32.8586540,-60.7204112,1.039132,"Eva Perón, San Miguel, Granadero Baigorria, Municipio de Granadero Baigorria, Gran Rosario, Departamento Rosario, Santa Fe, 2152, Argentina",eva peron|1530|granadero baigorria,2,APTO_ENTRENAMIENTO,
DG-0519,Güemes,1538,Granadero Baigorria,Santa Rita,-32.8394751,-60.7033113,2.123122,"Martin Güemes, Santa Rita, Granadero Baigorria, Municipio de Granadero Baigorria, Gran Rosario, Departamento Rosario, Santa Fe, 2152, Argentina",guemes|1538|granadero baigorria,1,APTO_ENTRENAMIENTO,
DG-0520,Ituzaingó,1956,Granadero Baigorria,No especificado,-32.8541138,-60.7153671,0.852256,"1956, Ituzaingó, Granadero Baigorria, Municipio de Granadero Baigorria, Gran Rosario, Departamento Rosario, Santa Fe, 2152, Argentina",ituzaingo|1956|granadero baigorria,1,APTO_ENTRENAMIENTO,
DG-0521,Nicaragua,762,Granadero Baigorria,No especificado,-32.8650913,-60.7319631,1.939497,"Nicaragua, Gran Habitat, Granadero Baigorria, Municipio de Granadero Baigorria, Gran Rosario, Departamento Rosario, Santa Fe, 2152, Argentina",nicaragua|762|granadero baigorria,1,APTO_ENTRENAMIENTO,
DG-0522,Cerrito,657,Rosario,República de la Sexta,-32.9630342,-60.6359668,14.995495,"657, Cerrito, República de la Sexta, Distrito Centro, Rosario, Municipio de Rosario, Gran Rosario, Departamento Rosario, Santa Fe, 2000, Argentina",cerrito|657|rosario,1,APTO_ENTRENAMIENTO,
DG-0523,Santa Fe,2050,Granadero Baigorria,No especificado,-32.8545669,-60.7136093,1.015398,"Avenida Santa Fe, Granadero Baigorria, Municipio de Granadero Baigorria, Gran Rosario, Departamento Rosario, Santa Fe, 2152, Argentina",santa fe|2050|granadero baigorria,2,APTO_ENTRENAMIENTO,
DG-0524,Calle 1,362,Granadero Baigorria,Los Robles,-32.8500470,-60.7128305,0.919573,"362, Intendente Sorigotti, Bon Vivant, Los Robles, Granadero Baigorria, Municipio de Granadero Baigorria, Gran Rosario, Departamento Rosario, Santa Fe, 2152, Argentina",calle 1|362|granadero baigorria,12,APTO_ENTRENAMIENTO,
DG-0525,Calle 10,2572,Granadero Baigorria,Los Robles,-32.8445278,-60.7122952,1.114452,"2572, Calle 10, Bon Vivant, Los Robles, Granadero Baigorria, Municipio de Granadero Baigorria, Gran Rosario, Departamento Rosario, Santa Fe, 2152, Argentina",calle 10|2572|granadero baigorria,1,APTO_ENTRENAMIENTO,
DG-0526,Dorrego,224,Granadero Baigorria,Los Robles,-32.8428550,-60.7142063,1.081064,"Coronel Dorrego, Los Robles, Granadero Baigorria, Municipio de Granadero Baigorria, Gran Rosario, Departamento Rosario, Santa Fe, 2152, Argentina",dorrego|224|granadero baigorria,2,APTO_ENTRENAMIENTO,
DG-0527,6 de Enero,371,Granadero Baigorria,Los Robles,-32.8367167,-60.7153346,1.577378,"8 de Enero, Los Robles, Granadero Baigorria, Municipio de Granadero Baigorria, Gran Rosario, Departamento Rosario, Santa Fe, 2152, Argentina",6 de enero|371|granadero baigorria,2,APTO_ENTRENAMIENTO,
DG-0528,Los Aromos,2164,Granadero Baigorria,Los Naranjos,-32.8632600,-60.6922996,3.221707,"Los Aromos, Los Naranjos, Granadero Baigorria, Municipio de Granadero Baigorria, Gran Rosario, Departamento Rosario, Santa Fe, 2152, Argentina",los aromos|2164|granadero baigorria,1,APTO_ENTRENAMIENTO,
DG-0529,Mateo,2856,Rosario,Los Unidos,-32.9389830,-60.7536596,10.362608,"Mateo Booz, Los Unidos, Antártida Argentina, Distrito Noroeste, Rosario, Municipio de Rosario, Gran Rosario, Departamento Rosario, Santa Fe, S2000, Argentina",mateo|2856|rosario,1,APTO_ENTRENAMIENTO,
DG-0530,Eva Perón,1530,Granadero Baigorria,San Miguel,-32.8586540,-60.7204112,1.039132,"Eva Perón, San Miguel, Granadero Baigorria, Municipio de Granadero Baigorria, Gran Rosario, Departamento Rosario, Santa Fe, 2152, Argentina",eva peron|1530|granadero baigorria,2,APTO_ENTRENAMIENTO,
DG-0531,Ameghino,1062,Granadero Baigorria,Correo,-32.8665658,-60.7037857,2.589694,"Ameghino, Correo, Granadero Baigorria, Municipio de Granadero Baigorria, Gran Rosario, Departamento Rosario, Santa Fe, 2152, Argentina",ameghino|1062|granadero baigorria,1,APTO_ENTRENAMIENTO,
DG-0532,Mitre,1269,Granadero Baigorria,San Miguel,-32.8619612,-60.7236737,1.388834,"1269, Mitre, San Miguel, Granadero Baigorria, Municipio de Granadero Baigorria, Gran Rosario, Departamento Rosario, Santa Fe, 2152, Argentina",mitre|1269|granadero baigorria,1,APTO_ENTRENAMIENTO,
DG-0533,Callao,1340,Granadero Baigorria,San Miguel,-32.8611704,-60.7228978,1.297826,"1340, Callao, San Miguel, Granadero Baigorria, Municipio de Granadero Baigorria, Gran Rosario, Departamento Rosario, Santa Fe, 2152, Argentina",callao|1340|granadero baigorria,1,APTO_ENTRENAMIENTO,
DG-0534,Viña del Mar,1399,Rosario,Tio Rolo,-33.0290534,-60.6859832,20.256530,"Viña del Mar, Puente Gallego, Tio Rolo, Mercedes de San Martín, Rosario, Municipio de Rosario, Gran Rosario, Departamento Rosario, Santa Fe, S2000, Argentina",vina del mar|1399|rosario,1,APTO_ENTRENAMIENTO,
DG-0535,Las Heras,232,Granadero Baigorria,San Miguel,-32.8625197,-60.7165990,1.554188,"Las Heras, San Miguel, Granadero Baigorria, Municipio de Granadero Baigorria, Gran Rosario, Departamento Rosario, Santa Fe, 2152, Argentina",las heras|232|granadero baigorria,1,APTO_ENTRENAMIENTO,
DG-0536,Jujuy,1161,Granadero Baigorria,Santa Rita,-32.8376724,-60.7047243,2.129601,"Jujuy Pasage, Santa Rita, Granadero Baigorria, Municipio de Granadero Baigorria, Gran Rosario, Departamento Rosario, Santa Fe, 2152, Argentina",jujuy|1161|granadero baigorria,1,APTO_ENTRENAMIENTO,
DG-0537,Belgrano,253,Granadero Baigorria,Centro,-32.8647049,-60.7055349,2.326995,"253, Belgrano, Centro, Granadero Baigorria, Municipio de Granadero Baigorria, Gran Rosario, Departamento Rosario, Santa Fe, 2152, Argentina",belgrano|253|granadero baigorria,1,APTO_ENTRENAMIENTO,
DG-0538,Roca,2504,Granadero Baigorria,Santa Rita,-32.8382514,-60.7037792,2.161834,"Julio A. Roca, Santa Rita, Granadero Baigorria, Municipio de Granadero Baigorria, Gran Rosario, Departamento Rosario, Santa Fe, 2152, Argentina",roca|2504|granadero baigorria,1,APTO_ENTRENAMIENTO,
DG-0539,Irigoyen,244,Granadero Baigorria,Bon Vivant,-32.8457063,-60.7058632,1.624204,"244, Hipólito Irigoyen, Bon Vivant, Granadero Baigorria, Municipio de Granadero Baigorria, Gran Rosario, Departamento Rosario, Santa Fe, 2152, Argentina",irigoyen|244|granadero baigorria,1,APTO_ENTRENAMIENTO,
DG-0540,Mendoza,1943,Rosario,Rosario Centro,-32.9495104,-60.6511293,12.971433,"1943, Mendoza, Rosario Centro, Distrito Centro, Rosario, Municipio de Rosario, Gran Rosario, Departamento Rosario, Santa Fe, 2000, Argentina",mendoza|1943|rosario,1,APTO_ENTRENAMIENTO,
DG-0541,Perón,726,Granadero Baigorria,San Miguel,-32.8584327,-60.7160166,1.170787,"726, Eva Perón, San Miguel, Granadero Baigorria, Municipio de Granadero Baigorria, Gran Rosario, Departamento Rosario, Santa Fe, 2152, Argentina",peron|726|granadero baigorria,1,APTO_ENTRENAMIENTO,
DG-0542,Aconquija,73,Roldán,Mi Sosiego,-32.9113283,-60.8684511,15.252266,"73, Aconquija, Mi Sosiego, Roldán, Municipio de Roldán, Gran Rosario, Departamento San Lorenzo, Santa Fe, S2134, Argentina",aconquija|73|roldan,1,APTO_ENTRENAMIENTO,
DG-0543,Estrada,3575,Granadero Baigorria,El Paraíso,-32.8577770,-60.6967242,2.590970,"José Manuel Estrada, El Paraíso, Granadero Baigorria, Municipio de Granadero Baigorria, Gran Rosario, Departamento Rosario, Santa Fe, 2152, Argentina",estrada|3575|granadero baigorria,1,APTO_ENTRENAMIENTO,
DG-0544,Liniers,2258,Granadero Baigorria,No especificado,-32.8518829,-60.7179436,0.513520,"2258, Liniers, Granadero Baigorria, Municipio de Granadero Baigorria, Gran Rosario, Departamento Rosario, Santa Fe, 2152, Argentina",liniers|2258|granadero baigorria,1,APTO_ENTRENAMIENTO,
DG-0545,Maipú,1356,Rosario,Rosario Centro,-32.9538894,-60.6370960,14.090281,"1356, Maipú, Rosario Centro, Distrito Centro, Rosario, Municipio de Rosario, Gran Rosario, Departamento Rosario, Santa Fe, 2000, Argentina",maipu|1356|rosario,1,APTO_ENTRENAMIENTO,
DG-0546,Artigas,3134,Granadero Baigorria,Los Robles,-32.8396780,-60.7120333,1.475534,"Artigas, Los Robles, Granadero Baigorria, Municipio de Granadero Baigorria, Gran Rosario, Departamento Rosario, Santa Fe, 2152, Argentina",artigas|3134|granadero baigorria,2,APTO_ENTRENAMIENTO,
DG-0547,Calle 2,69,Granadero Baigorria,Los Robles,-32.8475189,-60.7105448,1.152362,"Intendente Monti, Bon Vivant, Los Robles, Granadero Baigorria, Municipio de Granadero Baigorria, Gran Rosario, Departamento Rosario, Santa Fe, 2152, Argentina",calle 2|69|granadero baigorria,1,APTO_ENTRENAMIENTO,
DG-0548,La Cautiva,1743,Granadero Baigorria,Bon Vivant,-32.8553582,-60.7123894,1.159061,"1743, La Cautiva, Bon Vivant, Granadero Baigorria, Municipio de Granadero Baigorria, Gran Rosario, Departamento Rosario, Santa Fe, 2152, Argentina",la cautiva|1743|granadero baigorria,1,APTO_ENTRENAMIENTO,
DG-0549,Los Álamos,2428,Ibarlucea,Logaritmo,-32.8718463,-60.7408478,3.010319,"Los Álamos, Logaritmo, Ybarlucea, Municipio de Ybarlucea, Gran Rosario, Departamento Rosario, Santa Fe, S2142, Argentina",los alamos|2428|ibarlucea,1,APTO_ENTRENAMIENTO,
DG-0550,Calle 12,2447,Granadero Baigorria,Los Robles,-32.8472062,-60.7133344,0.907122,"2447, Calle 12, Bon Vivant, Los Robles, Granadero Baigorria, Municipio de Granadero Baigorria, Gran Rosario, Departamento Rosario, Santa Fe, 2152, Argentina",calle 12|2447|granadero baigorria,2,APTO_ENTRENAMIENTO,
DG-0551,Belgrano,1074,Granadero Baigorria,Centro,-32.8645038,-60.7048614,2.354769,"Belgrano, Centro, Granadero Baigorria, Municipio de Granadero Baigorria, Gran Rosario, Departamento Rosario, Santa Fe, 2152, Argentina",belgrano|1074|granadero baigorria,2,APTO_ENTRENAMIENTO,
DG-0552,Beruti,1065,Granadero Baigorria,San Miguel,-32.8616732,-60.7204182,1.369536,"1065, Pasaje Beruti, San Miguel, Granadero Baigorria, Municipio de Granadero Baigorria, Gran Rosario, Departamento Rosario, Santa Fe, 2152, Argentina",beruti|1065|granadero baigorria,1,APTO_ENTRENAMIENTO,
DG-0553,Belgrano,749,Granadero Baigorria,Centro,-32.8645038,-60.7048614,2.354769,"Belgrano, Centro, Granadero Baigorria, Municipio de Granadero Baigorria, Gran Rosario, Departamento Rosario, Santa Fe, 2152, Argentina",belgrano|749|granadero baigorria,1,APTO_ENTRENAMIENTO,
DG-0554,Agrelo,2570,Rosario,Alberdi,-32.8890570,-60.6925278,5.221346,"2570, Pedro José Agrelo, Alberdi, Distrito Norte, Rosario, Municipio de Rosario, Gran Rosario, Departamento Rosario, Santa Fe, S2000, Argentina",agrelo|2570|rosario,3,APTO_ENTRENAMIENTO,
DG-0555,Moreno,328,Granadero Baigorria,Centro,-32.8637697,-60.7071998,2.144993,"328, Moreno, Centro, Granadero Baigorria, Municipio de Granadero Baigorria, Gran Rosario, Departamento Rosario, Santa Fe, 2152, Argentina",moreno|328|granadero baigorria,1,APTO_ENTRENAMIENTO,
DG-0556,Brown,1173,Granadero Baigorria,San Miguel,-32.8603935,-60.7226214,1.211240,"1173, Almirante Brown, San Miguel, Granadero Baigorria, Municipio de Granadero Baigorria, Gran Rosario, Departamento Rosario, Santa Fe, 2152, Argentina",brown|1173|granadero baigorria,2,APTO_ENTRENAMIENTO,
DG-0557,Balcarce,1074,Granadero Baigorria,San Miguel,-32.8644275,-60.7195900,1.684276,"1074, Balcarce, San Miguel, Granadero Baigorria, Municipio de Granadero Baigorria, Gran Rosario, Departamento Rosario, Santa Fe, 2152, Argentina",balcarce|1074|granadero baigorria,2,APTO_ENTRENAMIENTO,
DG-0558,Callao,1052,Granadero Baigorria,San Miguel,-32.8644043,-60.7217203,1.659507,"1052, Callao, San Miguel, Granadero Baigorria, Municipio de Granadero Baigorria, Gran Rosario, Departamento Rosario, Santa Fe, 2152, Argentina",callao|1052|granadero baigorria,3,APTO_ENTRENAMIENTO,
DG-0559,Calle 11,2337,Granadero Baigorria,Los Robles,-32.8490361,-60.7118779,1.007881,"2337, Calle 11, Bon Vivant, Los Robles, Granadero Baigorria, Municipio de Granadero Baigorria, Gran Rosario, Departamento Rosario, Santa Fe, 2152, Argentina",calle 11|2337|granadero baigorria,1,APTO_ENTRENAMIENTO,
DG-0560,Nansen,762,Rosario,Islas Malvinas,-32.9226172,-60.6743990,9.295284,"762, Pasaje Don Orione, Islas Malvinas, Distrito Norte, Rosario, Municipio de Rosario, Gran Rosario, Departamento Rosario, Santa Fe, S2000, Argentina",nansen|762|rosario,1,APTO_ENTRENAMIENTO,
DG-0561,Matheu,2149,Rosario,La Cerámica y Cuyo,-32.8892344,-60.7318528,4.500972,"Matheu, Nuevo Alberdi Oeste, La Cerámica y Cuyo, Distrito Norte, Rosario, Municipio de Rosario, Gran Rosario, Departamento Rosario, Santa Fe, S2000, Argentina",matheu|2149|rosario,1,APTO_ENTRENAMIENTO,
DG-0562,Moreno,3590,Granadero Baigorria,Centro,-32.8633748,-60.7052683,2.239862,"Moreno, Centro, Granadero Baigorria, Municipio de Granadero Baigorria, Gran Rosario, Departamento Rosario, Santa Fe, 2152, Argentina",moreno|3590|granadero baigorria,2,APTO_ENTRENAMIENTO,
DG-0563,Moreno,3444,Granadero Baigorria,Centro,-32.8633748,-60.7052683,2.239862,"Moreno, Centro, Granadero Baigorria, Municipio de Granadero Baigorria, Gran Rosario, Departamento Rosario, Santa Fe, 2152, Argentina",moreno|3444|granadero baigorria,2,APTO_ENTRENAMIENTO,
DG-0564,Baigorria,3471,Granadero Baigorria,Centro,-32.8583562,-60.7074002,1.731933,"Hierros Baigorria, Centro, Granadero Baigorria, Municipio de Granadero Baigorria, Gran Rosario, Departamento Rosario, Santa Fe, 2152, Argentina",baigorria|3471|granadero baigorria,1,APTO_ENTRENAMIENTO,
DG-0565,Paso,965,Rosario,Lisandro de la Torre,-32.9192501,-60.6772099,8.840746,"965, Avenida Juan José Paso, Lisandro de la Torre, Distrito Norte, Rosario, Municipio de Rosario, Gran Rosario, Departamento Rosario, Santa Fe, S2000, Argentina",paso|965|rosario,1,APTO_ENTRENAMIENTO,
DG-0566,Los Alerces,8169,Granadero Baigorria,No especificado,-32.8501629,-60.7188567,0.362195,"Los Alerces, Granadero Baigorria, Municipio de Granadero Baigorria, Gran Rosario, Departamento Rosario, Santa Fe, 2152, Argentina",los alerces|8169|granadero baigorria,1,APTO_ENTRENAMIENTO,
DG-0567,Las Acacias,8140,Ibarlucea,Autostrada,-32.8668868,-60.7289575,2.020957,"8140, Las Acacias, Autostrada, Ybarlucea, Municipio de Ybarlucea, Gran Rosario, Departamento Rosario, Santa Fe, S2142, Argentina",las acacias|8140|ibarlucea,2,APTO_ENTRENAMIENTO,
DG-0568,Canals,730,Rosario,General Las Heras,-32.9901982,-60.6440459,17.279969,"730, Juan Canals, Villa Olímpica, General Las Heras, Distrito Sur, Rosario, Municipio de Rosario, Gran Rosario, Departamento Rosario, Santa Fe, S2000, Argentina",canals|730|rosario,1,APTO_ENTRENAMIENTO,
DG-0569,Los Pinos,3212,Granadero Baigorria,Los Pinos,-32.8515984,-60.7034819,1.805971,"Los Pinos, Granadero Baigorria, Municipio de Granadero Baigorria, Gran Rosario, Departamento Rosario, Santa Fe, 2152, Argentina",los pinos|3212|granadero baigorria,1,APTO_ENTRENAMIENTO,
DG-0570,Paso,839,Rosario,Lisandro de la Torre,-32.9192092,-60.6756733,8.906548,"839, Avenida Juan José Paso, Lisandro de la Torre, Distrito Norte, Rosario, Municipio de Rosario, Gran Rosario, Departamento Rosario, Santa Fe, S2000, Argentina",paso|839|rosario,1,APTO_ENTRENAMIENTO,
DG-0571,Los Aromos,3381,Granadero Baigorria,Los Naranjos,-32.8632600,-60.6922996,3.221707,"Los Aromos, Los Naranjos, Granadero Baigorria, Municipio de Granadero Baigorria, Gran Rosario, Departamento Rosario, Santa Fe, 2152, Argentina",los aromos|3381|granadero baigorria,1,APTO_ENTRENAMIENTO,
DG-0572,Calle 1,261,Granadero Baigorria,Los Robles,-32.8494882,-60.7102497,1.158653,"261, Intendente Sorigotti, Bon Vivant, Los Robles, Granadero Baigorria, Municipio de Granadero Baigorria, Gran Rosario, Departamento Rosario, Santa Fe, 2152, Argentina",calle 1|261|granadero baigorria,2,APTO_ENTRENAMIENTO,
DG-0573,Calle 1,262,Granadero Baigorria,Los Robles,-32.8494909,-60.7102623,1.157475,"262, Intendente Sorigotti, Bon Vivant, Los Robles, Granadero Baigorria, Municipio de Granadero Baigorria, Gran Rosario, Departamento Rosario, Santa Fe, 2152, Argentina",calle 1|262|granadero baigorria,1,APTO_ENTRENAMIENTO,
DG-0574,Calle 12,2580,Granadero Baigorria,Los Robles,-32.8474934,-60.7133470,0.897522,"Calle 12, Bon Vivant, Los Robles, Granadero Baigorria, Municipio de Granadero Baigorria, Gran Rosario, Departamento Rosario, Santa Fe, 2152, Argentina",calle 12|2580|granadero baigorria,2,APTO_ENTRENAMIENTO,
DG-0575,García Lorca,1676,Granadero Baigorria,No especificado,-32.8577907,-60.7258976,0.970364,"1676, Federico García Lorca, Municipio de Granadero Baigorria, Gran Rosario, Departamento Rosario, Santa Fe, 2152, Argentina",garcia lorca|1676|granadero baigorria,1,APTO_ENTRENAMIENTO,
DG-0576,Callao,2136,Granadero Baigorria,No especificado,-32.8534379,-60.7223596,0.438665,"2136, Callao, Granadero Baigorria, Municipio de Granadero Baigorria, Gran Rosario, Departamento Rosario, Santa Fe, 2152, Argentina",callao|2136|granadero baigorria,3,APTO_ENTRENAMIENTO,
DG-0577,Carriego,1077,Granadero Baigorria,San Miguel,-32.8612234,-60.7138106,1.543166,"Pasaje E. Carriego, San Miguel, Granadero Baigorria, Municipio de Granadero Baigorria, Gran Rosario, Departamento Rosario, Santa Fe, 2152, Argentina",carriego|1077|granadero baigorria,1,APTO_ENTRENAMIENTO,
DG-0578,Estanislao López,2128,Granadero Baigorria,No especificado,-32.8534909,-60.7216606,0.453283,"2128, Estanislao López, Granadero Baigorria, Municipio de Granadero Baigorria, Gran Rosario, Departamento Rosario, Santa Fe, 2152, Argentina",estanislao lopez|2128|granadero baigorria,1,APTO_ENTRENAMIENTO,
DG-0579,Estanislao López,2150,Granadero Baigorria,No especificado,-32.8532365,-60.7217420,0.424041,"2150, Estanislao López, Granadero Baigorria, Municipio de Granadero Baigorria, Gran Rosario, Departamento Rosario, Santa Fe, 2152, Argentina",estanislao lopez|2150|granadero baigorria,1,APTO_ENTRENAMIENTO,
DG-0580,José Ingenieros,1998,Granadero Baigorria,Bon Vivant,-32.8481077,-60.7016804,1.965279,"José Ingenieros, Bon Vivant, Granadero Baigorria, Municipio de Granadero Baigorria, Gran Rosario, Departamento Rosario, Santa Fe, 2152, Argentina",jose ingenieros|1998|granadero baigorria,1,APTO_ENTRENAMIENTO,
DG-0581,Belgrano,623,Granadero Baigorria,Centro,-32.8645038,-60.7048614,2.354769,"Belgrano, Centro, Granadero Baigorria, Municipio de Granadero Baigorria, Gran Rosario, Departamento Rosario, Santa Fe, 2152, Argentina",belgrano|623|granadero baigorria,2,APTO_ENTRENAMIENTO,
DG-0582,Belgrano,818,Granadero Baigorria,Centro,-32.8645038,-60.7048614,2.354769,"Belgrano, Centro, Granadero Baigorria, Municipio de Granadero Baigorria, Gran Rosario, Departamento Rosario, Santa Fe, 2152, Argentina",belgrano|818|granadero baigorria,1,APTO_ENTRENAMIENTO,
DG-0583,Dorrego,2713,Granadero Baigorria,Los Robles,-32.8428550,-60.7142063,1.081064,"Coronel Dorrego, Los Robles, Granadero Baigorria, Municipio de Granadero Baigorria, Gran Rosario, Departamento Rosario, Santa Fe, 2152, Argentina",dorrego|2713|granadero baigorria,1,APTO_ENTRENAMIENTO,
DG-0584,Los Aromos,3300,Granadero Baigorria,Los Naranjos,-32.8632600,-60.6922996,3.221707,"Los Aromos, Los Naranjos, Granadero Baigorria, Municipio de Granadero Baigorria, Gran Rosario, Departamento Rosario, Santa Fe, 2152, Argentina",los aromos|3300|granadero baigorria,1,APTO_ENTRENAMIENTO,
DG-0585,Calle 1,362,Granadero Baigorria,Los Robles,-32.8500470,-60.7128305,0.919573,"362, Intendente Sorigotti, Bon Vivant, Los Robles, Granadero Baigorria, Municipio de Granadero Baigorria, Gran Rosario, Departamento Rosario, Santa Fe, 2152, Argentina",calle 1|362|granadero baigorria,12,APTO_ENTRENAMIENTO,
DG-0586,Maipú,744,Rosario,Rosario Centro,-32.9465630,-60.6351355,13.536998,"744, Maipú, Rosario Centro, Distrito Centro, Rosario, Municipio de Rosario, Gran Rosario, Departamento Rosario, Santa Fe, 2000, Argentina",maipu|744|rosario,1,APTO_ENTRENAMIENTO,
DG-0587,Maipú,1630,Rosario,Rosario Centro,-32.9569679,-60.6379632,14.328679,"1630, Maipú, Paseo Pellegrini, Rosario Centro, Distrito Centro, Rosario, Municipio de Rosario, Gran Rosario, Departamento Rosario, Santa Fe, 2000, Argentina",maipu|1630|rosario,1,APTO_ENTRENAMIENTO,
DG-0588,Colón,1840,Granadero Baigorria,Los Robles,-32.8399090,-60.7106958,1.544436,"Cristobal Colón, Los Robles, Granadero Baigorria, Municipio de Granadero Baigorria, Gran Rosario, Departamento Rosario, Santa Fe, 2152, Argentina",colon|1840|granadero baigorria,2,APTO_ENTRENAMIENTO,
DG-0589,Estanislao López,1906,Granadero Baigorria,No especificado,-32.8556754,-60.7207894,0.708332,"1906, Estanislao López, Granadero Baigorria, Municipio de Granadero Baigorria, Gran Rosario, Departamento Rosario, Santa Fe, 2152, Argentina",estanislao lopez|1906|granadero baigorria,1,APTO_ENTRENAMIENTO,
DG-0590,Chacabuco,1128,Granadero Baigorria,Centro,-32.8607889,-60.7059979,1.998961,"1128, Chacabuco, Centro, Granadero Baigorria, Municipio de Granadero Baigorria, Gran Rosario, Departamento Rosario, Santa Fe, 2152, Argentina",chacabuco|1128|granadero baigorria,1,APTO_ENTRENAMIENTO,
DG-0591,Maipú,2349,Rosario,República de la Sexta,-32.9652712,-60.6399405,15.011302,"2349, Maipú, República de la Sexta, Distrito Centro, Rosario, Municipio de Rosario, Gran Rosario, Departamento Rosario, Santa Fe, 2000, Argentina",maipu|2349|rosario,2,APTO_ENTRENAMIENTO,
DG-0592,Riobamba,3229,Rosario,Rosario Centro,-32.9578409,-60.6716140,12.955003,"3229, Riobamba, Rosario Centro, Cinco Esquinas, Distrito Oeste, Municipio de Rosario, Gran Rosario, Departamento Rosario, Santa Fe, 2003, Argentina",riobamba|3229|rosario,1,APTO_ENTRENAMIENTO,
DG-0593,Av. Andrés,3299,Granadero Baigorria,Los Naranjos,-32.8624336,-60.6971448,2.783021,"Avenida Andrés Vietti, Los Naranjos, Granadero Baigorria, Municipio de Granadero Baigorria, Gran Rosario, Departamento Rosario, Santa Fe, 2152, Argentina",av. andres|3299|granadero baigorria,1,APTO_ENTRENAMIENTO,
DG-0594,12 de Octubre,310,Granadero Baigorria,Los Robles,-32.8405771,-60.7105464,1.504561,"12 de Octubre, Los Robles, Granadero Baigorria, Municipio de Granadero Baigorria, Gran Rosario, Departamento Rosario, Santa Fe, 2152, Argentina",12 de octubre|310|granadero baigorria,1,APTO_ENTRENAMIENTO,
DG-0595,Paso,709,Rosario,Lisandro de la Torre,-32.9191728,-60.6743553,8.964308,"709, Avenida Juan José Paso, Lisandro de la Torre, Distrito Norte, Rosario, Municipio de Rosario, Gran Rosario, Departamento Rosario, Santa Fe, S2000, Argentina",paso|709|rosario,1,APTO_ENTRENAMIENTO,
DG-0596,Buenos Aires,706,Granadero Baigorria,Correo,-32.8653332,-60.7082512,2.215628,"Avenida Buenos Aires, Correo, Granadero Baigorria, Municipio de Granadero Baigorria, Gran Rosario, Departamento Rosario, Santa Fe, 2152, Argentina",buenos aires|706|granadero baigorria,1,APTO_ENTRENAMIENTO,
DG-0597,Jujuy,2109,Granadero Baigorria,Santa Rita,-32.8376724,-60.7047243,2.129601,"Jujuy Pasage, Santa Rita, Granadero Baigorria, Municipio de Granadero Baigorria, Gran Rosario, Departamento Rosario, Santa Fe, 2152, Argentina",jujuy|2109|granadero baigorria,1,APTO_ENTRENAMIENTO,
DG-0598,Mitre,1094,Granadero Baigorria,San Miguel,-32.8611585,-60.7210201,1.305244,"1094, Mitre, San Miguel, Granadero Baigorria, Municipio de Granadero Baigorria, Gran Rosario, Departamento Rosario, Santa Fe, 2152, Argentina",mitre|1094|granadero baigorria,2,APTO_ENTRENAMIENTO,
DG-0599,Guayaquil,1441,Rosario,La Florida,-32.8838500,-60.6937982,4.674525,"Guayaquil, La Florida, Alberdi, Distrito Norte, Rosario, Municipio de Rosario, Gran Rosario, Departamento Rosario, Santa Fe, S2000, Argentina",guayaquil|1441|rosario,1,APTO_ENTRENAMIENTO,
DG-0600,Los Álamos,269,Funes,Los Solares,-32.9276739,-60.7910671,10.787343,"269, Los Álamos, Los Solares, Zona 4, Funes, Municipio de Funes, Gran Rosario, Departamento Rosario, Santa Fe, S2132, Argentina",los alamos|269|funes,1,APTO_ENTRENAMIENTO,
DG-0601,Santiago,1216,Granadero Baigorria,Nuestra Señora de La Paz,-32.8634672,-60.7276944,1.622841,"Pasaje Santiago, Nuestra Señora de La Paz, Municipio de Granadero Baigorria, Gran Rosario, Departamento Rosario, Santa Fe, 2152, Argentina",santiago|1216|granadero baigorria,1,APTO_ENTRENAMIENTO,
DG-0602,Santiago,1316,Granadero Baigorria,Nuestra Señora de La Paz,-32.8634672,-60.7276944,1.622841,"Pasaje Santiago, Nuestra Señora de La Paz, Municipio de Granadero Baigorria, Gran Rosario, Departamento Rosario, Santa Fe, 2152, Argentina",santiago|1316|granadero baigorria,1,APTO_ENTRENAMIENTO,
DG-0603,Calle 1,302,Granadero Baigorria,Los Robles,-32.8496550,-60.7110548,1.083579,"302, Intendente Sorigotti, Bon Vivant, Los Robles, Granadero Baigorria, Municipio de Granadero Baigorria, Gran Rosario, Departamento Rosario, Santa Fe, 2152, Argentina",calle 1|302|granadero baigorria,2,APTO_ENTRENAMIENTO,
DG-0604,Calle 12,2349,Granadero Baigorria,Los Robles,-32.8490192,-60.7127827,0.923587,"2349, Calle 12, Bon Vivant, Los Robles, Granadero Baigorria, Municipio de Granadero Baigorria, Gran Rosario, Departamento Rosario, Santa Fe, 2152, Argentina",calle 12|2349|granadero baigorria,1,APTO_ENTRENAMIENTO,
DG-0605,Pellegrini,88,Rosario,Rosario Centro,-32.9597456,-60.6265913,15.188839,"88, Avenida Carlos Pellegrini, Rosario Centro, Distrito Centro, Rosario, Municipio de Rosario, Gran Rosario, Departamento Rosario, Santa Fe, 2000, Argentina",pellegrini|88|rosario,1,APTO_ENTRENAMIENTO,
DG-0606,Almirante Brown,60,Granadero Baigorria,San Miguel,-32.8598714,-60.7206137,1.168809,"Almirante Brown, San Miguel, Granadero Baigorria, Municipio de Granadero Baigorria, Gran Rosario, Departamento Rosario, Santa Fe, 2152, Argentina",almirante brown|60|granadero baigorria,1,APTO_ENTRENAMIENTO,
DG-0607,Granaderos,132,Granadero Baigorria,No especificado,-32.8686538,-60.7171599,2.190674,"Avenida de los Granaderos, Granadero Baigorria, Municipio de Granadero Baigorria, Gran Rosario, Departamento Rosario, Santa Fe, 2152, Argentina",granaderos|132|granadero baigorria,1,APTO_ENTRENAMIENTO,
DG-0608,Pavón,3479,Rosario,General Las Heras,-32.9940213,-60.6344509,18.056060,"Pavón, Villa Olímpica, General Las Heras, Distrito Sur, Rosario, Municipio de Rosario, Gran Rosario, Departamento Rosario, Santa Fe, S2000, Argentina",pavon|3479|rosario,1,APTO_ENTRENAMIENTO,
DG-0609,Pavón,3452,Rosario,General Las Heras,-32.9955844,-60.6343561,18.214892,"Pavón, Villa Olímpica, General Las Heras, Distrito Sur, Rosario, Municipio de Rosario, Gran Rosario, Departamento Rosario, Santa Fe, S2000, Argentina",pavon|3452|rosario,1,APTO_ENTRENAMIENTO,
DG-0610,Pavón,3410,Rosario,General Las Heras,-32.9955844,-60.6343561,18.214892,"Pavón, Villa Olímpica, General Las Heras, Distrito Sur, Rosario, Municipio de Rosario, Gran Rosario, Departamento Rosario, Santa Fe, S2000, Argentina",pavon|3410|rosario,1,APTO_ENTRENAMIENTO,
DG-0611,Pavón,3238,Rosario,Parque Regional Sur,-33.0021558,-60.6340790,18.880600,"Pavón, Parque Regional Sur, Presidente Roque Saenz Peña, Distrito Sur, Rosario, Municipio de Rosario, Gran Rosario, Departamento Rosario, Santa Fe, S2000, Argentina",pavon|3238|rosario,1,APTO_ENTRENAMIENTO,
DG-0612,Pavón,077,Rosario,General Las Heras,-32.9940213,-60.6344509,18.056060,"Pavón, Villa Olímpica, General Las Heras, Distrito Sur, Rosario, Municipio de Rosario, Gran Rosario, Departamento Rosario, Santa Fe, S2000, Argentina",pavon|077|rosario,1,APTO_ENTRENAMIENTO,
DG-0613,Pavón,1430,Funes,Funes Town,-32.9062362,-60.8573728,14.073961,"1430, Pavón, Funes Town, Zona 8, Funes, Municipio de Funes, Gran Rosario, Departamento Rosario, Santa Fe, S2132, Argentina",pavon|1430|funes,1,APTO_ENTRENAMIENTO,
DG-0614,Pavón,267,Rosario,General Las Heras,-32.9940213,-60.6344509,18.056060,"Pavón, Villa Olímpica, General Las Heras, Distrito Sur, Rosario, Municipio de Rosario, Gran Rosario, Departamento Rosario, Santa Fe, S2000, Argentina",pavon|267|rosario,1,APTO_ENTRENAMIENTO,
DG-0615,Pavón,361,Rosario,General Las Heras,-32.9955844,-60.6343561,18.214892,"Pavón, Villa Olímpica, General Las Heras, Distrito Sur, Rosario, Municipio de Rosario, Gran Rosario, Departamento Rosario, Santa Fe, S2000, Argentina",pavon|361|rosario,1,APTO_ENTRENAMIENTO,
DG-0616,Iguazú,727,Rosario,Lisandro de la Torre,-32.9205655,-60.6861987,8.604064,"Iguazú, Lisandro de la Torre, Distrito Norte, Rosario, Municipio de Rosario, Gran Rosario, Departamento Rosario, Santa Fe, S2000, Argentina",iguazu|727|rosario,1,APTO_ENTRENAMIENTO,
DG-0617,Pancho Ramírez,904,Granadero Baigorria,No especificado,-32.8548980,-60.7197362,0.659116,"904, Pancho Ramírez, Granadero Baigorria, Municipio de Granadero Baigorria, Gran Rosario, Departamento Rosario, Santa Fe, 2152, Argentina",pancho ramirez|904|granadero baigorria,1,APTO_ENTRENAMIENTO,
DG-0618,Maipú,2349,Rosario,República de la Sexta,-32.9652712,-60.6399405,15.011302,"2349, Maipú, República de la Sexta, Distrito Centro, Rosario, Municipio de Rosario, Gran Rosario, Departamento Rosario, Santa Fe, 2000, Argentina",maipu|2349|rosario,2,APTO_ENTRENAMIENTO,
DG-0619,Formosa,921,Granadero Baigorria,Santa Rita,-32.8415443,-60.7034249,2.002319,"Formosa, Santa Rita, Granadero Baigorria, Municipio de Granadero Baigorria, Gran Rosario, Departamento Rosario, Santa Fe, 2152, Argentina",formosa|921|granadero baigorria,1,APTO_ENTRENAMIENTO,
DG-0620,Ibarlucea,1944,Granadero Baigorria,Los Robles,-32.8408161,-60.7029872,2.075502,"Juan Manuel Ibarlucea, Los Robles, Granadero Baigorria, Municipio de Granadero Baigorria, Gran Rosario, Departamento Rosario, Santa Fe, 2152, Argentina",ibarlucea|1944|granadero baigorria,1,APTO_ENTRENAMIENTO,
DG-0621,Uruguay,2091,Granadero Baigorria,Santa Rita,-32.8420327,-60.6978551,2.460922,"Pasaje Uruguay, Santa Rita, Granadero Baigorria, Municipio de Granadero Baigorria, Gran Rosario, Departamento Rosario, Santa Fe, 2152, Argentina",uruguay|2091|granadero baigorria,1,APTO_ENTRENAMIENTO,
DG-0622,Avellaneda,2279,Rosario,Cinco Esquinas,-32.9565612,-60.6833827,12.456360,"2279, Bulevar Nicolás Avellaneda, Cinco Esquinas, Distrito Oeste, Municipio de Rosario, Gran Rosario, Departamento Rosario, Santa Fe, 2003, Argentina",avellaneda|2279|rosario,1,APTO_ENTRENAMIENTO,
DG-0623,Pueyrredón,877,Granadero Baigorria,Centro,-32.8632951,-60.7035665,2.351860,"877, Pueyrredon, Centro, Granadero Baigorria, Municipio de Granadero Baigorria, Gran Rosario, Departamento Rosario, Santa Fe, 2152, Argentina",pueyrredon|877|granadero baigorria,1,APTO_ENTRENAMIENTO,
DG-0624,Catriel,1150,Granadero Baigorria,No especificado,-32.8556638,-60.7157862,0.938671,"Catriel, Granadero Baigorria, Municipio de Granadero Baigorria, Gran Rosario, Departamento Rosario, Santa Fe, 2152, Argentina",catriel|1150|granadero baigorria,1,APTO_ENTRENAMIENTO,
DG-0625,Dorrego,224,Granadero Baigorria,Los Robles,-32.8428550,-60.7142063,1.081064,"Coronel Dorrego, Los Robles, Granadero Baigorria, Municipio de Granadero Baigorria, Gran Rosario, Departamento Rosario, Santa Fe, 2152, Argentina",dorrego|224|granadero baigorria,2,APTO_ENTRENAMIENTO,
DG-0626,Calle 1,362,Granadero Baigorria,Los Robles,-32.8500470,-60.7128305,0.919573,"362, Intendente Sorigotti, Bon Vivant, Los Robles, Granadero Baigorria, Municipio de Granadero Baigorria, Gran Rosario, Departamento Rosario, Santa Fe, 2152, Argentina",calle 1|362|granadero baigorria,12,APTO_ENTRENAMIENTO,
DG-0627,Calle 12,2408,Granadero Baigorria,Los Robles,-32.8478538,-60.7131524,0.906199,"2408, Calle 12, Bon Vivant, Los Robles, Granadero Baigorria, Municipio de Granadero Baigorria, Gran Rosario, Departamento Rosario, Santa Fe, 2152, Argentina",calle 12|2408|granadero baigorria,2,APTO_ENTRENAMIENTO,
DG-0628,Mitre,1112,Granadero Baigorria,San Miguel,-32.8612500,-60.7213806,1.311871,"1112, Mitre, San Miguel, Granadero Baigorria, Municipio de Granadero Baigorria, Gran Rosario, Departamento Rosario, Santa Fe, 2152, Argentina",mitre|1112|granadero baigorria,3,APTO_ENTRENAMIENTO,
DG-0629,Buenos Aires,604,Granadero Baigorria,Correo,-32.8653332,-60.7082512,2.215628,"Avenida Buenos Aires, Correo, Granadero Baigorria, Municipio de Granadero Baigorria, Gran Rosario, Departamento Rosario, Santa Fe, 2152, Argentina",buenos aires|604|granadero baigorria,1,APTO_ENTRENAMIENTO,
DG-0630,Mitre,873,Granadero Baigorria,San Miguel,-32.8602940,-60.7177364,1.285041,"873, Mitre, San Miguel, Granadero Baigorria, Municipio de Granadero Baigorria, Gran Rosario, Departamento Rosario, Santa Fe, 2152, Argentina",mitre|873|granadero baigorria,3,APTO_ENTRENAMIENTO,
DG-0631,Los Sauces,3361,Granadero Baigorria,Los Naranjos,-32.8638363,-60.6940242,3.113204,"Los Sauces, Los Naranjos, Granadero Baigorria, Municipio de Granadero Baigorria, Gran Rosario, Departamento Rosario, Santa Fe, 2152, Argentina",los sauces|3361|granadero baigorria,1,APTO_ENTRENAMIENTO,
DG-0632,Los Sauces,3228,Granadero Baigorria,Los Naranjos,-32.8638363,-60.6940242,3.113204,"Los Sauces, Los Naranjos, Granadero Baigorria, Municipio de Granadero Baigorria, Gran Rosario, Departamento Rosario, Santa Fe, 2152, Argentina",los sauces|3228|granadero baigorria,1,APTO_ENTRENAMIENTO,
DG-0633,Balcarce,354,Granadero Baigorria,San Miguel,-32.8636442,-60.7162121,1.683846,"Balcarce, San Miguel, Granadero Baigorria, Municipio de Granadero Baigorria, Gran Rosario, Departamento Rosario, Santa Fe, 2152, Argentina",balcarce|354|granadero baigorria,1,APTO_ENTRENAMIENTO,
DG-0634,La Cautiva,1781,Granadero Baigorria,Bon Vivant,-32.8551143,-60.7124764,1.137240,"1781, La Cautiva, Bon Vivant, Granadero Baigorria, Municipio de Granadero Baigorria, Gran Rosario, Departamento Rosario, Santa Fe, 2152, Argentina",la cautiva|1781|granadero baigorria,1,APTO_ENTRENAMIENTO,
DG-0635,Las Acacias,8100,Ibarlucea,Autostrada,-32.8669043,-60.7294542,2.036809,"8100, Las Acacias, Autostrada, Ybarlucea, Municipio de Ybarlucea, Gran Rosario, Departamento Rosario, Santa Fe, S2142, Argentina",las acacias|8100|ibarlucea,1,APTO_ENTRENAMIENTO,
DG-0636,Díaz Vélez,1139,Granadero Baigorria,San Miguel,-32.8590172,-60.7219455,1.060261,"Díaz Vélez bis, San Miguel, Granadero Baigorria, Municipio de Granadero Baigorria, Gran Rosario, Departamento Rosario, Santa Fe, 2152, Argentina",diaz velez|1139|granadero baigorria,1,APTO_ENTRENAMIENTO,
DG-0637,Brown,715,Granadero Baigorria,San Miguel,-32.8587314,-60.7157918,1.210081,"715, Almirante Brown, San Miguel, Granadero Baigorria, Municipio de Granadero Baigorria, Gran Rosario, Departamento Rosario, Santa Fe, 2152, Argentina",brown|715|granadero baigorria,1,APTO_ENTRENAMIENTO,
DG-0638,Lugones,214,Granadero Baigorria,No especificado,-32.8578680,-60.7193536,0.980131,"Leopoldo Lugones, Granadero Baigorria, Municipio de Granadero Baigorria, Gran Rosario, Departamento Rosario, Santa Fe, 2152, Argentina",lugones|214|granadero baigorria,1,APTO_ENTRENAMIENTO,
DG-0639,Calle 12,2472,Granadero Baigorria,Los Robles,-32.8467910,-60.7134511,0.910880,"2472, Calle 12, Bon Vivant, Los Robles, Granadero Baigorria, Municipio de Granadero Baigorria, Gran Rosario, Departamento Rosario, Santa Fe, 2152, Argentina",calle 12|2472|granadero baigorria,2,APTO_ENTRENAMIENTO,
DG-0640,Asunción,70,Granadero Baigorria,Nuestra Señora de La Paz,-32.8636147,-60.7269704,1.620403,"Asunción, Nuestra Señora de La Paz, Municipio de Granadero Baigorria, Gran Rosario, Departamento Rosario, Santa Fe, 2152, Argentina",asuncion|70|granadero baigorria,1,APTO_ENTRENAMIENTO,
DG-0641,José Hernández,2050,Granadero Baigorria,No especificado,-32.8545860,-60.7225637,0.565533,"2050, José Hernández, Granadero Baigorria, Municipio de Granadero Baigorria, Gran Rosario, Departamento Rosario, Santa Fe, 2152, Argentina",jose hernandez|2050|granadero baigorria,3,APTO_ENTRENAMIENTO,
DG-0642,Felipe Varela,1358,Granadero Baigorria,San Miguel,-32.8632559,-60.7239702,1.534462,"Felipe Varela, San Miguel, Granadero Baigorria, Municipio de Granadero Baigorria, Gran Rosario, Departamento Rosario, Santa Fe, 2152, Argentina",felipe varela|1358|granadero baigorria,1,APTO_ENTRENAMIENTO,
DG-0643,Díaz Vélez,27,Granadero Baigorria,San Miguel,-32.8590172,-60.7219455,1.060261,"Díaz Vélez bis, San Miguel, Granadero Baigorria, Municipio de Granadero Baigorria, Gran Rosario, Departamento Rosario, Santa Fe, 2152, Argentina",diaz velez|27|granadero baigorria,1,APTO_ENTRENAMIENTO,
DG-0644,Paine,785,Granadero Baigorria,No especificado,-32.8570825,-60.7173703,0.976868,"785, Paine, Granadero Baigorria, Municipio de Granadero Baigorria, Gran Rosario, Departamento Rosario, Santa Fe, 2152, Argentina",paine|785|granadero baigorria,1,APTO_ENTRENAMIENTO,
DG-0645,Pueyrredón,542,Granadero Baigorria,Centro,-32.8615431,-60.7041803,2.184141,"Pueyrredon, Centro, Granadero Baigorria, Municipio de Granadero Baigorria, Gran Rosario, Departamento Rosario, Santa Fe, 2152, Argentina",pueyrredon|542|granadero baigorria,1,APTO_ENTRENAMIENTO,
DG-0646,Santa Fe,1918,Granadero Baigorria,No especificado,-32.8540186,-60.7136754,0.977582,"1918, Avenida Santa Fe, Granadero Baigorria, Municipio de Granadero Baigorria, Gran Rosario, Departamento Rosario, Santa Fe, 2152, Argentina",santa fe|1918|granadero baigorria,1,APTO_ENTRENAMIENTO,
DG-0647,Roca,763,Granadero Baigorria,Santa Rita,-32.8382514,-60.7037792,2.161834,"Julio A. Roca, Santa Rita, Granadero Baigorria, Municipio de Granadero Baigorria, Gran Rosario, Departamento Rosario, Santa Fe, 2152, Argentina",roca|763|granadero baigorria,1,APTO_ENTRENAMIENTO,
DG-0648,Pancho Ramírez,576,Granadero Baigorria,No especificado,-32.8537103,-60.7151455,0.843167,"576, Pancho Ramírez, Granadero Baigorria, Municipio de Granadero Baigorria, Gran Rosario, Departamento Rosario, Santa Fe, 2152, Argentina",pancho ramirez|576|granadero baigorria,2,APTO_ENTRENAMIENTO,
DG-0649,El Bagual,3323,Roldán,Punta Chacra,-32.9122088,-60.9332204,20.862888,"El Bagual, Punta Chacra, Roldán, Municipio de Roldán, Gran Rosario, Departamento San Lorenzo, Santa Fe, S2134, Argentina",el bagual|3323|roldan,1,APTO_ENTRENAMIENTO,
DG-0650,Friuli,1351,Rosario,Antártida Argentina,-32.9372304,-60.7352786,9.826091,"Friuli, Antártida Argentina, Distrito Noroeste, Rosario, Municipio de Rosario, Gran Rosario, Departamento Rosario, Santa Fe, S2000, Argentina",friuli|1351|rosario,1,APTO_ENTRENAMIENTO,
DG-0651,Gabriela Mistral,2123,Rosario,Distrito Norte,-32.8878856,-60.7174880,4.295395,"Gabriela Mistral, Jose Ignacio Rucci, Distrito Norte, Rosario, Municipio de Rosario, Gran Rosario, Departamento Rosario, Santa Fe, S2000, Argentina",gabriela mistral|2123|rosario,1,APTO_ENTRENAMIENTO,
DG-0652,Rincón,1026,Rosario,General San Martín,-32.9794970,-60.6340591,16.653446,"Rincón, La Tablada, General San Martín, Distrito Sur, Rosario, Municipio de Rosario, Gran Rosario, Departamento Rosario, Santa Fe, S2000, Argentina",rincon|1026|rosario,1,APTO_ENTRENAMIENTO,
DG-0653,Paine,273,Granadero Baigorria,No especificado,-32.8565209,-60.7154963,1.027757,"Paine, Granadero Baigorria, Municipio de Granadero Baigorria, Gran Rosario, Departamento Rosario, Santa Fe, 2152, Argentina",paine|273|granadero baigorria,1,APTO_ENTRENAMIENTO,
DG-0654,San Martín,1216,Granadero Baigorria,Centro,-32.8590188,-60.7033814,2.088235,"1216, Avenida José de San Martín, Centro, Granadero Baigorria, Municipio de Granadero Baigorria, Gran Rosario, Departamento Rosario, Santa Fe, 2152, Argentina",san martin|1216|granadero baigorria,1,APTO_ENTRENAMIENTO,
DG-0655,Calle 11,2367,Granadero Baigorria,Los Robles,-32.8485283,-60.7120304,0.998186,"2367, Calle 11, Bon Vivant, Los Robles, Granadero Baigorria, Municipio de Granadero Baigorria, Gran Rosario, Departamento Rosario, Santa Fe, 2152, Argentina",calle 11|2367|granadero baigorria,1,APTO_ENTRENAMIENTO,
DG-0656,Calle 12,2477,Granadero Baigorria,Los Robles,-32.8467080,-60.7134744,0.911928,"2477, Calle 12, Bon Vivant, Los Robles, Granadero Baigorria, Municipio de Granadero Baigorria, Gran Rosario, Departamento Rosario, Santa Fe, 2152, Argentina",calle 12|2477|granadero baigorria,1,APTO_ENTRENAMIENTO,
DG-0657,Las Lengas,2419,Granadero Baigorria,No especificado,-32.8500774,-60.7161210,0.613545,"2419, Las Lengas, Granadero Baigorria, Municipio de Granadero Baigorria, Gran Rosario, Departamento Rosario, Santa Fe, 2152, Argentina",las lengas|2419|granadero baigorria,1,APTO_ENTRENAMIENTO,
DG-0658,El Bagual,3220,Roldán,Punta Chacra Weekend 1,-32.9102949,-60.9327295,20.749582,"El Bagual, Punta Chacra Weekend 1, Roldán, Municipio de Roldán, Gran Rosario, Departamento San Lorenzo, Santa Fe, S2134, Argentina",el bagual|3220|roldan,1,APTO_ENTRENAMIENTO,
DG-0659,Ancón,3273,Rosario,Bella Vista,-32.9675984,-60.6883888,13.515843,"3273, Pasaje Ancon, La Banana, Bella Vista, Distrito Oeste, Municipio de Rosario, Gran Rosario, Departamento Rosario, Santa Fe, S2003, Argentina",ancon|3273|rosario,1,APTO_ENTRENAMIENTO,
DG-0660,Ancón,3514,Rosario,Bella Vista,-32.9685081,-60.6886913,13.607534,"Pasaje Ancon, La Banana, Bella Vista, Distrito Oeste, Municipio de Rosario, Gran Rosario, Departamento Rosario, Santa Fe, S2000, Argentina",ancon|3514|rosario,1,APTO_ENTRENAMIENTO,
DG-0661,Los Olivos,3251,Granadero Baigorria,Santa Rita,-32.8388398,-60.7038306,2.120660,"3251, Los Olivos, Santa Rita, Granadero Baigorria, Municipio de Granadero Baigorria, Gran Rosario, Departamento Rosario, Santa Fe, 2152, Argentina",los olivos|3251|granadero baigorria,3,APTO_ENTRENAMIENTO,
DG-0662,Corrientes,1077,Granadero Baigorria,Los Naranjos,-32.8606065,-60.7004844,2.411020,"1077, Corrientes, Los Naranjos, Granadero Baigorria, Municipio de Granadero Baigorria, Gran Rosario, Departamento Rosario, Santa Fe, 2152, Argentina",corrientes|1077|granadero baigorria,1,APTO_ENTRENAMIENTO,
DG-0663,Paine,973,Granadero Baigorria,No especificado,-32.8565209,-60.7154963,1.027757,"Paine, Granadero Baigorria, Municipio de Granadero Baigorria, Gran Rosario, Departamento Rosario, Santa Fe, 2152, Argentina",paine|973|granadero baigorria,1,APTO_ENTRENAMIENTO,
DG-0664,Irigoyen,1941,Granadero Baigorria,Bon Vivant,-32.8456319,-60.7021667,1.961518,"Hipólito Irigoyen, Bon Vivant, Granadero Baigorria, Municipio de Granadero Baigorria, Gran Rosario, Departamento Rosario, Santa Fe, 2152, Argentina",irigoyen|1941|granadero baigorria,1,APTO_ENTRENAMIENTO,
DG-0665,Lima,1782,Granadero Baigorria,Nuestra Señora de La Paz,-32.8628299,-60.7283980,1.576308,"Lima, Nuestra Señora de La Paz, Municipio de Granadero Baigorria, Gran Rosario, Departamento Rosario, Santa Fe, 2152, Argentina",lima|1782|granadero baigorria,1,APTO_ENTRENAMIENTO,
DG-0666,Pasco,977,Granadero Baigorria,San Miguel,-32.8614061,-60.7169741,1.426155,"Pasco, San Miguel, Granadero Baigorria, Municipio de Granadero Baigorria, Gran Rosario, Departamento Rosario, Santa Fe, 2152, Argentina",pasco|977|granadero baigorria,1,APTO_ENTRENAMIENTO,
DG-0667,Belgrano,623,Granadero Baigorria,Centro,-32.8645038,-60.7048614,2.354769,"Belgrano, Centro, Granadero Baigorria, Municipio de Granadero Baigorria, Gran Rosario, Departamento Rosario, Santa Fe, 2152, Argentina",belgrano|623|granadero baigorria,2,APTO_ENTRENAMIENTO,
DG-0668,Paso,2392,Funes,Zona 2,-32.9244455,-60.8083323,11.552168,"2392, Juan José Paso, Funes R., Zona 2, Funes, Municipio de Funes, Gran Rosario, Departamento Rosario, Santa Fe, S2132, Argentina",paso|2392|funes,1,APTO_ENTRENAMIENTO,
DG-0669,Dante Alighieri,17,Granadero Baigorria,Bon Vivant,-32.8416647,-60.7052288,1.846282,"Dante Alighieri, Bon Vivant, Granadero Baigorria, Municipio de Granadero Baigorria, Gran Rosario, Departamento Rosario, Santa Fe, 2152, Argentina",dante alighieri|17|granadero baigorria,1,APTO_ENTRENAMIENTO,
DG-0670,Las Heras,962,Granadero Baigorria,San Miguel,-32.8628868,-60.7182940,1.543164,"962, Las Heras, San Miguel, Granadero Baigorria, Municipio de Granadero Baigorria, Gran Rosario, Departamento Rosario, Santa Fe, 2152, Argentina",las heras|962|granadero baigorria,1,APTO_ENTRENAMIENTO,
DG-0671,Catamarca,894,Granadero Baigorria,Los Naranjos,-32.8626628,-60.6988827,2.659308,"894, Catamarca, Los Naranjos, Granadero Baigorria, Municipio de Granadero Baigorria, Gran Rosario, Departamento Rosario, Santa Fe, 2152, Argentina",catamarca|894|granadero baigorria,1,APTO_ENTRENAMIENTO,
DG-0672,Marconi,1561,Granadero Baigorria,No especificado,-32.8584403,-60.7248112,1.014287,"1561, Marconi, Municipio de Granadero Baigorria, Gran Rosario, Departamento Rosario, Santa Fe, 2152, Argentina",marconi|1561|granadero baigorria,1,APTO_ENTRENAMIENTO,
DG-0673,Silvestre Begnis,363,Granadero Baigorria,Los Robles,-32.8507852,-60.7125693,0.952729,"363, Avenida Silvestre Begnis, Bon Vivant, Los Robles, Granadero Baigorria, Municipio de Granadero Baigorria, Gran Rosario, Departamento Rosario, Santa Fe, 2152, Argentina",silvestre begnis|363|granadero baigorria,1,APTO_ENTRENAMIENTO,
DG-0674,Bogado,3453,Funes,Zona 8,-32.9123062,-60.8600892,14.611090,"Coronel Félix Bogado, Santa Isabel 4, Zona 8, Funes, Municipio de Funes, Gran Rosario, Departamento Rosario, Santa Fe, S2132, Argentina",bogado|3453|funes,2,APTO_ENTRENAMIENTO,
DG-0675,Aconcagua,23,Roldán,Cotos de la Alameda,-32.9113432,-60.8733392,15.661805,"23, Aconcagua, Cotos de la Alameda, Roldán, Municipio de Roldán, Gran Rosario, Departamento San Lorenzo, Santa Fe, S2134, Argentina",aconcagua|23|roldan,1,APTO_ENTRENAMIENTO,
DG-0676,Chubut,1122,Granadero Baigorria,Bon Vivant,-32.8445362,-60.7058237,1.666246,"Chubut, Bon Vivant, Granadero Baigorria, Municipio de Granadero Baigorria, Gran Rosario, Departamento Rosario, Santa Fe, 2152, Argentina",chubut|1122|granadero baigorria,2,APTO_ENTRENAMIENTO,
DG-0677,Concordia,24,Rosario,Azcuénaga,-32.9412756,-60.6989222,10.442687,"Concordia, Azcuénaga, Distrito Noroeste, Rosario, Municipio de Rosario, Gran Rosario, Departamento Rosario, Santa Fe, S2000, Argentina",concordia|24|rosario,1,APTO_ENTRENAMIENTO,
DG-0678,Washington,68,Rosario,Alberdi,-32.9047802,-60.7069368,6.319608,"Washington, Unión y Parque Casas, Alberdi, Distrito Norte, Rosario, Municipio de Rosario, Gran Rosario, Departamento Rosario, Santa Fe, S2000, Argentina",washington|68|rosario,1,APTO_ENTRENAMIENTO,
DG-0679,Inca,566,Funes,Zona 2,-32.9290618,-60.8035572,11.633268,"América Inca, 1047, Avenida Arturo Illia, Don Juan, Zona 2, Funes, Municipio de Funes, Gran Rosario, Departamento Rosario, Santa Fe, S2132, Argentina",inca|566|funes,1,APTO_ENTRENAMIENTO,
DG-0680,Pasco,628,Granadero Baigorria,San Miguel,-32.8605281,-60.7137179,1.483295,"628, Pasco, San Miguel, Granadero Baigorria, Municipio de Granadero Baigorria, Gran Rosario, Departamento Rosario, Santa Fe, 2152, Argentina",pasco|628|granadero baigorria,1,APTO_ENTRENAMIENTO,
DG-0681,Calfucurá,947,Granadero Baigorria,No especificado,-32.8533631,-60.7208713,0.460611,"947, Calfucurá, Granadero Baigorria, Municipio de Granadero Baigorria, Gran Rosario, Departamento Rosario, Santa Fe, 2152, Argentina",calfucura|947|granadero baigorria,1,APTO_ENTRENAMIENTO,
DG-0682,Suipacha,1450,Granadero Baigorria,San Miguel,-32.8595567,-60.7216679,1.121969,"1450, Suipacha, San Miguel, Granadero Baigorria, Municipio de Granadero Baigorria, Gran Rosario, Departamento Rosario, Santa Fe, 2152, Argentina",suipacha|1450|granadero baigorria,1,APTO_ENTRENAMIENTO,
DG-0683,Catamarca,853,Granadero Baigorria,Los Naranjos,-32.8630904,-60.6988571,2.687742,"853, Catamarca, Los Naranjos, Granadero Baigorria, Municipio de Granadero Baigorria, Gran Rosario, Departamento Rosario, Santa Fe, 2152, Argentina",catamarca|853|granadero baigorria,1,APTO_ENTRENAMIENTO,
DG-0684,Lima,1797,Granadero Baigorria,Nuestra Señora de La Paz,-32.8628299,-60.7283980,1.576308,"Lima, Nuestra Señora de La Paz, Municipio de Granadero Baigorria, Gran Rosario, Departamento Rosario, Santa Fe, 2152, Argentina",lima|1797|granadero baigorria,2,APTO_ENTRENAMIENTO,
DG-0685,Santiago,1397,Granadero Baigorria,Nuestra Señora de La Paz,-32.8634672,-60.7276944,1.622841,"Pasaje Santiago, Nuestra Señora de La Paz, Municipio de Granadero Baigorria, Gran Rosario, Departamento Rosario, Santa Fe, 2152, Argentina",santiago|1397|granadero baigorria,1,APTO_ENTRENAMIENTO,
DG-0686,México,1133,Granadero Baigorria,No especificado,-32.8423930,-60.7074007,1.629359,"Pasaje Mexico, Granadero Baigorria, Municipio de Granadero Baigorria, Gran Rosario, Departamento Rosario, Santa Fe, 2152, Argentina",mexico|1133|granadero baigorria,1,APTO_ENTRENAMIENTO,
DG-0687,Chubut,1122,Granadero Baigorria,Bon Vivant,-32.8445362,-60.7058237,1.666246,"Chubut, Bon Vivant, Granadero Baigorria, Municipio de Granadero Baigorria, Gran Rosario, Departamento Rosario, Santa Fe, 2152, Argentina",chubut|1122|granadero baigorria,2,APTO_ENTRENAMIENTO,
DG-0688,Calle 12,2515,Granadero Baigorria,Los Robles,-32.8474934,-60.7133470,0.897522,"Calle 12, Bon Vivant, Los Robles, Granadero Baigorria, Municipio de Granadero Baigorria, Gran Rosario, Departamento Rosario, Santa Fe, 2152, Argentina",calle 12|2515|granadero baigorria,1,APTO_ENTRENAMIENTO,
DG-0689,1 de Enero,512,Granadero Baigorria,Los Robles,-32.8393177,-60.7150634,1.335960,"1 de Enero, Los Robles, Granadero Baigorria, Municipio de Granadero Baigorria, Gran Rosario, Departamento Rosario, Santa Fe, 2152, Argentina",1 de enero|512|granadero baigorria,1,APTO_ENTRENAMIENTO,
DG-0690,La Cautiva,1701,Granadero Baigorria,Bon Vivant,-32.8556278,-60.7122932,1.183504,"1701, La Cautiva, Bon Vivant, Granadero Baigorria, Municipio de Granadero Baigorria, Gran Rosario, Departamento Rosario, Santa Fe, 2152, Argentina",la cautiva|1701|granadero baigorria,1,APTO_ENTRENAMIENTO,
DG-0691,Lima,1797,Granadero Baigorria,Nuestra Señora de La Paz,-32.8628299,-60.7283980,1.576308,"Lima, Nuestra Señora de La Paz, Municipio de Granadero Baigorria, Gran Rosario, Departamento Rosario, Santa Fe, 2152, Argentina",lima|1797|granadero baigorria,2,APTO_ENTRENAMIENTO,
DG-0692,Eva Perón,1673,Granadero Baigorria,San Miguel,-32.8586540,-60.7204112,1.039132,"Eva Perón, San Miguel, Granadero Baigorria, Municipio de Granadero Baigorria, Gran Rosario, Departamento Rosario, Santa Fe, 2152, Argentina",eva peron|1673|granadero baigorria,2,APTO_ENTRENAMIENTO,
DG-0693,Eva Perón,1769,Granadero Baigorria,San Miguel,-32.8586540,-60.7204112,1.039132,"Eva Perón, San Miguel, Granadero Baigorria, Municipio de Granadero Baigorria, Gran Rosario, Departamento Rosario, Santa Fe, 2152, Argentina",eva peron|1769|granadero baigorria,1,APTO_ENTRENAMIENTO,
DG-0694,Aconcagua,73,Capitán Bermúdez,Rosa Valetto,-32.8288233,-60.7227921,2.299251,"73, Aconcagua, Rosa Valetto, Capitán Bermudez, Municipio de Capitán Bermudez, Gran Rosario, Departamento San Lorenzo, Santa Fe, S2154, Argentina",aconcagua|73|capitan bermudez,1,APTO_ENTRENAMIENTO,
DG-0695,Provincias Unidas,3471,Rosario,Triángulo,-32.9690658,-60.7112900,13.337311,"3471, Avenida Provincias Unidas, Triángulo, Rosario, Municipio de Rosario, Gran Rosario, Departamento Rosario, Santa Fe, 2010, Argentina",provincias unidas|3471|rosario,1,APTO_ENTRENAMIENTO,
DG-0696,Callao,2156,Granadero Baigorria,No especificado,-32.8531928,-60.7222226,0.412518,"2156, Callao, Granadero Baigorria, Municipio de Granadero Baigorria, Gran Rosario, Departamento Rosario, Santa Fe, 2152, Argentina",callao|2156|granadero baigorria,1,APTO_ENTRENAMIENTO,
DG-0697,Suipacha,1104,Granadero Baigorria,San Miguel,-32.8633957,-60.7204341,1.558906,"1104, Suipacha, San Miguel, Granadero Baigorria, Municipio de Granadero Baigorria, Gran Rosario, Departamento Rosario, Santa Fe, 2152, Argentina",suipacha|1104|granadero baigorria,1,APTO_ENTRENAMIENTO,
DG-0698,Brown,1173,Granadero Baigorria,San Miguel,-32.8603935,-60.7226214,1.211240,"1173, Almirante Brown, San Miguel, Granadero Baigorria, Municipio de Granadero Baigorria, Gran Rosario, Departamento Rosario, Santa Fe, 2152, Argentina",brown|1173|granadero baigorria,2,APTO_ENTRENAMIENTO,
DG-0699,Calle 1,362,Granadero Baigorria,Los Robles,-32.8500470,-60.7128305,0.919573,"362, Intendente Sorigotti, Bon Vivant, Los Robles, Granadero Baigorria, Municipio de Granadero Baigorria, Gran Rosario, Departamento Rosario, Santa Fe, 2152, Argentina",calle 1|362|granadero baigorria,12,APTO_ENTRENAMIENTO,
DG-0700,Calle 2,338,Granadero Baigorria,Los Robles,-32.8475189,-60.7105448,1.152362,"Intendente Monti, Bon Vivant, Los Robles, Granadero Baigorria, Municipio de Granadero Baigorria, Gran Rosario, Departamento Rosario, Santa Fe, 2152, Argentina",calle 2|338|granadero baigorria,1,APTO_ENTRENAMIENTO,
DG-0701,Lima,1539,Granadero Baigorria,Nuestra Señora de La Paz,-32.8628299,-60.7283980,1.576308,"Lima, Nuestra Señora de La Paz, Municipio de Granadero Baigorria, Gran Rosario, Departamento Rosario, Santa Fe, 2152, Argentina",lima|1539|granadero baigorria,2,APTO_ENTRENAMIENTO,
DG-0702,Lima,1756,Granadero Baigorria,Nuestra Señora de La Paz,-32.8628299,-60.7283980,1.576308,"Lima, Nuestra Señora de La Paz, Municipio de Granadero Baigorria, Gran Rosario, Departamento Rosario, Santa Fe, 2152, Argentina",lima|1756|granadero baigorria,2,APTO_ENTRENAMIENTO,
DG-0703,Caracas,1611,Granadero Baigorria,Nuestra Señora de La Paz,-32.8626566,-60.7292412,1.587051,"Caracas, Nuestra Señora de La Paz, Municipio de Granadero Baigorria, Gran Rosario, Departamento Rosario, Santa Fe, 2152, Argentina",caracas|1611|granadero baigorria,1,APTO_ENTRENAMIENTO,
DG-0704,Callao,1052,Granadero Baigorria,San Miguel,-32.8644043,-60.7217203,1.659507,"1052, Callao, San Miguel, Granadero Baigorria, Municipio de Granadero Baigorria, Gran Rosario, Departamento Rosario, Santa Fe, 2152, Argentina",callao|1052|granadero baigorria,3,APTO_ENTRENAMIENTO,
DG-0705,Mitre,1094,Granadero Baigorria,San Miguel,-32.8611585,-60.7210201,1.305244,"1094, Mitre, San Miguel, Granadero Baigorria, Municipio de Granadero Baigorria, Gran Rosario, Departamento Rosario, Santa Fe, 2152, Argentina",mitre|1094|granadero baigorria,2,APTO_ENTRENAMIENTO,
DG-0706,Suipacha,1724,Granadero Baigorria,No especificado,-32.8573847,-60.7225605,0.876716,"1724, Suipacha, Granadero Baigorria, Municipio de Granadero Baigorria, Gran Rosario, Departamento Rosario, Santa Fe, 2152, Argentina",suipacha|1724|granadero baigorria,1,APTO_ENTRENAMIENTO,
DG-0707,Santa Fe,1919,Granadero Baigorria,San Miguel,-32.8618045,-60.7110441,1.745750,"Avenida Santa Fe, San Miguel, Granadero Baigorria, Municipio de Granadero Baigorria, Gran Rosario, Departamento Rosario, Santa Fe, 2152, Argentina",santa fe|1919|granadero baigorria,1,APTO_ENTRENAMIENTO,
DG-0708,Calle 1,362,Granadero Baigorria,Los Robles,-32.8500470,-60.7128305,0.919573,"362, Intendente Sorigotti, Bon Vivant, Los Robles, Granadero Baigorria, Municipio de Granadero Baigorria, Gran Rosario, Departamento Rosario, Santa Fe, 2152, Argentina",calle 1|362|granadero baigorria,12,APTO_ENTRENAMIENTO,
DG-0709,Santa Fe,1985,Granadero Baigorria,San Miguel,-32.8618045,-60.7110441,1.745750,"Avenida Santa Fe, San Miguel, Granadero Baigorria, Municipio de Granadero Baigorria, Gran Rosario, Departamento Rosario, Santa Fe, 2152, Argentina",santa fe|1985|granadero baigorria,1,APTO_ENTRENAMIENTO,
DG-0710,3 de Febrero,639,Granadero Baigorria,Los Robles,-32.8373636,-60.7152701,1.515607,"3 de Febrero, Los Robles, Granadero Baigorria, Municipio de Granadero Baigorria, Gran Rosario, Departamento Rosario, Santa Fe, 2152, Argentina",3 de febrero|639|granadero baigorria,1,APTO_ENTRENAMIENTO,
DG-0711,Calle 1,3124,Granadero Baigorria,Mio,-32.8654683,-60.6993665,2.807775,"Calle 1, Mio, Granadero Baigorria, Municipio de Granadero Baigorria, Gran Rosario, Departamento Rosario, Santa Fe, 2152, Argentina",calle 1|3124|granadero baigorria,1,APTO_ENTRENAMIENTO,
DG-0712,Díaz Vélez,1180,Granadero Baigorria,San Miguel,-32.8590947,-60.7224465,1.066991,"1180, Díaz Vélez bis, San Miguel, Granadero Baigorria, Municipio de Granadero Baigorria, Gran Rosario, Departamento Rosario, Santa Fe, 2152, Argentina",diaz velez|1180|granadero baigorria,1,APTO_ENTRENAMIENTO,
DG-0713,Lima,1956,Granadero Baigorria,Nuestra Señora de La Paz,-32.8628299,-60.7283980,1.576308,"Lima, Nuestra Señora de La Paz, Municipio de Granadero Baigorria, Gran Rosario, Departamento Rosario, Santa Fe, 2152, Argentina",lima|1956|granadero baigorria,1,APTO_ENTRENAMIENTO,
DG-0714,Amado Nervo,1832,Granadero Baigorria,No especificado,-32.8558517,-60.7253072,0.748468,"Amado Nervo, Municipio de Granadero Baigorria, Gran Rosario, Departamento Rosario, Santa Fe, 2152, Argentina",amado nervo|1832|granadero baigorria,1,APTO_ENTRENAMIENTO,
DG-0715,Amado Nervo,1309,Granadero Baigorria,No especificado,-32.8558424,-60.7243476,0.722725,"1309, Amado Nervo, Municipio de Granadero Baigorria, Gran Rosario, Departamento Rosario, Santa Fe, 2152, Argentina",amado nervo|1309|granadero baigorria,1,APTO_ENTRENAMIENTO,
DG-0716,Suipacha,1304,Granadero Baigorria,San Miguel,-32.8611583,-60.7212150,1.303220,"1304, Suipacha, San Miguel, Granadero Baigorria, Municipio de Granadero Baigorria, Gran Rosario, Departamento Rosario, Santa Fe, 2152, Argentina",suipacha|1304|granadero baigorria,1,APTO_ENTRENAMIENTO,
DG-0717,Díaz Vélez,1124,Granadero Baigorria,San Miguel,-32.8590172,-60.7219455,1.060261,"Díaz Vélez bis, San Miguel, Granadero Baigorria, Municipio de Granadero Baigorria, Gran Rosario, Departamento Rosario, Santa Fe, 2152, Argentina",diaz velez|1124|granadero baigorria,3,APTO_ENTRENAMIENTO,
DG-0718,Callao,853,Granadero Baigorria,Los Robles,-32.8434561,-60.7135625,1.083010,"Callao, Los Robles, Granadero Baigorria, Municipio de Granadero Baigorria, Gran Rosario, Departamento Rosario, Santa Fe, 2152, Argentina",callao|853|granadero baigorria,1,APTO_ENTRENAMIENTO,
DG-0719,Mendoza,1961,Rosario,Rosario Centro,-32.9494800,-60.6513005,12.960313,"1961, Mendoza, Rosario Centro, Distrito Centro, Rosario, Municipio de Rosario, Gran Rosario, Departamento Rosario, Santa Fe, 2000, Argentina",mendoza|1961|rosario,1,APTO_ENTRENAMIENTO,
DG-0720,Patagonia,188,Pueblo Esther,Solares San Marcos,-33.0791643,-60.5764793,28.950512,"Patagonia, Solares San Marcos, Pueblo Esther, Municipio de Pueblo Esther, Gran Rosario, Departamento Rosario, Santa Fe, 2126, Argentina",patagonia|188|pueblo esther,1,APTO_ENTRENAMIENTO,
DG-0721,Dorrego,3226,Granadero Baigorria,Los Robles,-32.8428550,-60.7142063,1.081064,"Coronel Dorrego, Los Robles, Granadero Baigorria, Municipio de Granadero Baigorria, Gran Rosario, Departamento Rosario, Santa Fe, 2152, Argentina",dorrego|3226|granadero baigorria,1,APTO_ENTRENAMIENTO,
DG-0722,Rivadavia,426,Granadero Baigorria,Centro,-32.8622281,-60.7055153,2.136692,"Rivadavia, Centro, Granadero Baigorria, Municipio de Granadero Baigorria, Gran Rosario, Departamento Rosario, Santa Fe, 2152, Argentina",rivadavia|426|granadero baigorria,1,APTO_ENTRENAMIENTO,
DG-0723,Lima,1520,Granadero Baigorria,Nuestra Señora de La Paz,-32.8628299,-60.7283980,1.576308,"Lima, Nuestra Señora de La Paz, Municipio de Granadero Baigorria, Gran Rosario, Departamento Rosario, Santa Fe, 2152, Argentina",lima|1520|granadero baigorria,1,APTO_ENTRENAMIENTO,
DG-0724,Las Piedras,253,Granadero Baigorria,Correo,-32.8684829,-60.7050892,2.673312,"Las Piedras, Correo, Granadero Baigorria, Municipio de Granadero Baigorria, Gran Rosario, Departamento Rosario, Santa Fe, 2152, Argentina",las piedras|253|granadero baigorria,1,APTO_ENTRENAMIENTO,
DG-0725,Perito Moreno,763,Granadero Baigorria,No especificado,-32.8520472,-60.7163704,0.651623,"Perito Moreno, Granadero Baigorria, Municipio de Granadero Baigorria, Gran Rosario, Departamento Rosario, Santa Fe, 2152, Argentina",perito moreno|763|granadero baigorria,1,APTO_ENTRENAMIENTO,
